t_ms,euler_x,euler_y,euler_z,gyro_x,gyro_y,gyro_z,accel_x,accel_y,accel_z,linacc_x,linacc_y,linacc_z,mag_x,mag_y,mag_z,grav_x,grav_y,grav_z,temp_c,cal_sys,cal_gyro,cal_accel,cal_mag
3174,359.062,2.750,-88.188,0.014,-0.027,0.008,0.460,9.660,0.340,-0.010,-0.120,0.040,-29.500,5.562,3.375,0.470,9.790,0.300,26,0,0,0,0
3184,359.062,2.750,-88.188,0.013,-0.026,0.009,0.470,9.670,0.280,0.000,-0.110,-0.010,-29.500,5.562,3.375,0.470,9.790,0.300,26,0,0,0,0
3195,359.062,2.750,-88.188,0.012,-0.023,0.009,0.450,9.680,0.320,-0.010,-0.100,0.010,-29.500,5.562,3.375,0.470,9.790,0.300,26,0,0,0,0
3206,359.062,2.750,-88.188,0.012,-0.016,0.009,0.440,9.700,0.340,-0.030,-0.080,0.040,-29.500,5.562,3.375,0.470,9.790,0.300,26,0,0,0,0
3215,359.125,2.750,-88.188,0.011,-0.015,0.009,0.450,9.650,0.330,-0.010,-0.130,0.030,-28.000,5.562,3.062,0.470,9.790,0.300,26,0,0,0,0
3225,359.125,2.750,-88.188,0.007,-0.014,0.008,0.460,9.690,0.280,0.000,-0.080,0.000,-28.000,5.562,3.062,0.470,9.790,0.300,26,0,0,0,0
3236,359.125,2.750,-88.188,0.003,-0.011,0.007,0.430,9.660,0.330,0.000,-0.090,-0.010,-28.000,5.562,3.062,0.470,9.790,0.300,26,0,0,0,0
3246,359.125,2.750,-88.188,0.000,-0.007,0.003,0.400,9.640,0.370,-0.040,-0.120,0.030,-28.000,5.562,3.062,0.470,9.790,0.300,26,0,0,0,0
3257,359.125,2.750,-88.188,0.000,-0.009,0.001,0.400,9.640,0.370,-0.070,-0.140,0.070,-28.000,5.562,3.062,0.470,9.790,0.300,26,0,0,0,0
3265,359.125,2.750,-88.188,0.007,-0.004,0.001,0.490,9.640,0.380,-0.030,-0.150,0.080,-28.000,5.250,2.188,0.470,9.790,0.300,26,0,0,0,0
3276,359.125,2.750,-88.188,0.003,-0.005,0.007,0.510,9.700,0.280,0.020,-0.140,0.080,-28.000,5.250,2.188,0.470,9.790,0.300,26,0,0,0,0
3286,359.125,2.750,-88.188,0.000,-0.003,0.007,0.600,9.690,0.350,0.030,-0.080,-0.010,-28.000,5.250,2.188,0.470,9.790,0.300,26,0,0,0,0
3296,359.125,2.750,-88.188,0.004,-0.001,0.002,0.570,9.670,0.370,0.120,-0.090,0.050,-28.000,5.250,2.188,0.470,9.790,0.300,26,0,0,0,0
3307,359.125,2.750,-88.188,0.005,-0.010,0.002,0.510,9.630,0.370,0.090,-0.110,0.070,-28.000,5.250,2.188,0.470,9.790,0.300,26,0,0,0,0
3316,359.125,2.750,-88.188,0.009,-0.013,0.001,0.520,9.690,0.360,0.030,-0.150,0.070,-27.188,5.562,3.375,0.470,9.790,0.300,26,0,0,0,0
3327,359.125,2.750,-88.188,0.011,-0.014,0.002,0.510,9.730,0.280,0.040,-0.090,0.060,-27.188,5.562,3.375,0.470,9.790,0.290,26,0,0,0,0
3337,359.125,2.750,-88.188,0.011,-0.015,0.004,0.450,9.710,0.310,0.040,-0.060,-0.010,-27.188,5.562,3.375,0.470,9.790,0.290,26,0,0,0,0
3348,359.125,2.750,-88.188,0.010,-0.015,0.008,0.470,9.630,0.320,0.000,-0.150,0.020,-27.188,5.562,3.375,0.470,9.790,0.290,26,0,0,0,0
3358,359.125,2.750,-88.188,0.007,-0.012,0.007,0.500,9.660,0.360,0.000,-0.150,0.020,-27.188,5.562,3.375,0.470,9.790,0.290,26,0,0,0,0
3367,359.125,2.750,-88.188,0.008,-0.009,0.004,0.480,9.690,0.380,0.020,-0.120,0.060,-28.250,6.375,2.688,0.470,9.790,0.290,26,0,0,0,0
3377,359.125,2.750,-88.188,0.007,-0.011,0.007,0.450,9.700,0.300,0.010,-0.090,0.080,-28.250,6.375,2.688,0.470,9.790,0.290,26,0,0,0,0
3387,359.188,2.750,-88.250,0.012,-0.015,0.002,0.510,9.640,0.340,-0.010,-0.080,0.000,-28.250,6.375,2.688,0.470,9.790,0.290,26,0,0,0,0
3398,359.188,2.750,-88.250,0.013,-0.021,0.003,0.550,9.680,0.380,0.030,-0.140,0.040,-28.250,6.375,2.688,0.470,9.790,0.290,26,0,0,0,0
3408,359.188,2.750,-88.250,0.009,-0.021,0.004,0.540,9.670,0.370,0.070,-0.100,0.080,-29.375,5.562,3.062,0.470,9.790,0.290,26,0,0,0,0
3417,359.188,2.750,-88.250,0.013,-0.016,0.003,0.600,9.660,0.340,0.060,-0.110,0.080,-29.375,5.562,3.062,0.470,9.790,0.290,26,0,0,0,0
3427,359.188,2.750,-88.250,0.016,-0.015,0.000,0.590,9.670,0.290,0.120,-0.120,0.050,-29.375,5.562,3.062,0.470,9.790,0.290,26,0,0,0,0
3437,359.188,2.750,-88.250,0.014,-0.016,0.000,0.620,9.690,0.320,0.120,-0.110,0.000,-29.375,5.562,3.062,0.470,9.790,0.290,26,0,0,0,0
3448,359.188,2.750,-88.250,0.011,-0.020,-0.001,0.580,9.680,0.370,0.140,-0.090,0.020,-29.375,5.562,3.062,0.470,9.790,0.280,26,0,0,0,0
3458,359.250,2.750,-88.250,0.011,-0.024,0.001,0.580,9.680,0.370,0.110,-0.100,0.080,-29.375,5.562,3.062,0.470,9.790,0.280,26,0,0,0,0
3466,359.250,2.750,-88.250,0.013,-0.027,0.002,0.600,9.660,0.370,0.120,-0.120,0.080,-28.562,6.000,2.688,0.470,9.790,0.280,26,0,0,0,0
3473,359.250,2.750,-88.312,0.012,-0.025,0.003,0.570,9.700,0.350,0.090,-0.080,0.070,-28.562,6.000,2.688,0.470,9.790,0.280,26,0,0,0,0
3482,359.250,2.750,-88.312,0.014,-0.026,0.005,0.560,9.680,0.250,0.090,-0.100,-0.030,-28.562,6.000,2.688,0.470,9.790,0.280,26,0,0,0,0
3492,359.250,2.750,-88.312,0.014,-0.025,0.008,0.540,9.660,0.250,0.060,-0.120,-0.030,-28.562,6.000,2.688,0.470,9.790,0.280,26,0,0,0,0
3502,359.312,2.750,-88.312,0.014,-0.025,0.007,0.410,9.650,0.310,-0.060,-0.130,0.020,-28.562,6.000,2.688,0.470,9.790,0.280,26,0,0,0,0
3510,359.312,2.750,-88.312,0.014,-0.025,0.007,0.420,9.700,0.320,-0.050,-0.080,0.030,-28.000,6.375,3.062,0.470,9.790,0.280,26,0,0,0,0
3520,359.312,2.750,-88.312,0.016,-0.022,0.007,0.410,9.680,0.310,-0.060,-0.100,0.030,-28.000,6.375,3.062,0.470,9.790,0.270,26,0,0,0,0
3529,359.312,2.750,-88.312,0.015,-0.021,0.007,0.450,9.650,0.220,-0.010,-0.130,-0.040,-28.000,6.375,3.062,0.470,9.790,0.270,26,0,0,0,0
3539,359.312,2.750,-88.312,0.015,-0.024,0.007,0.480,9.640,0.230,0.000,-0.140,-0.030,-28.000,6.375,3.062,0.470,9.790,0.270,26,0,0,0,0
3549,359.375,2.750,-88.375,0.013,-0.028,0.004,0.480,9.670,0.270,0.000,-0.110,0.000,-28.000,6.375,3.062,0.470,9.790,0.270,26,0,0,0,0
3558,359.375,2.750,-88.375,0.004,-0.021,0.007,0.480,9.680,0.310,0.000,-0.110,0.000,-28.000,5.250,3.875,0.470,9.790,0.270,26,0,0,0,0
3567,359.375,2.750,-88.375,0.002,-0.015,0.001,0.520,9.700,0.290,0.010,-0.100,0.030,-28.000,5.250,3.875,0.470,9.790,0.270,26,0,0,0,0
3577,359.375,2.750,-88.375,-0.003,-0.010,0.002,0.480,9.690,0.210,0.040,-0.080,0.010,-28.000,5.250,3.875,0.470,9.790,0.270,26,0,0,0,0
3588,359.375,2.750,-88.375,-0.005,-0.007,0.001,0.470,9.650,0.280,0.000,-0.090,-0.060,-28.000,5.250,3.875,0.470,9.790,0.270,26,0,0,0,0
3598,359.375,2.750,-88.375,0.001,-0.004,0.002,0.480,9.690,0.330,0.000,-0.130,0.000,-28.000,5.250,3.875,0.470,9.790,0.270,26,0,0,0,0
3608,359.375,2.750,-88.375,-0.002,-0.002,0.003,0.460,9.700,0.320,0.000,-0.090,0.060,-28.000,5.250,3.875,0.470,9.790,0.270,26,0,0,0,0
3617,359.375,2.750,-88.375,-0.005,0.004,0.005,0.490,9.680,0.310,0.000,-0.080,0.040,-28.562,6.000,3.875,0.470,9.790,0.270,26,0,0,0,0
3628,359.375,2.750,-88.375,-0.009,0.011,0.005,0.530,9.660,0.230,0.010,-0.100,0.030,-28.562,6.000,3.875,0.470,9.790,0.270,26,0,0,0,0
3638,359.375,2.750,-88.375,-0.011,0.014,0.009,0.560,9.700,0.260,0.050,-0.120,-0.040,-28.562,6.000,3.875,0.470,9.790,0.270,26,0,0,0,0
3648,359.375,2.750,-88.312,-0.012,0.016,0.004,0.550,9.690,0.350,0.080,-0.080,-0.010,-28.562,6.000,3.875,0.470,9.790,0.280,26,0,0,0,0
3658,359.312,2.750,-88.312,-0.015,0.020,0.008,0.520,9.680,0.360,0.070,-0.090,0.070,-28.562,6.000,3.875,0.470,9.790,0.280,26,0,0,0,0
3667,359.312,2.750,-88.312,-0.013,0.019,0.009,0.470,9.650,0.360,0.040,-0.100,0.080,-28.250,6.375,2.188,0.470,9.790,0.280,26,0,0,0,0
3678,359.312,2.750,-88.312,-0.010,0.019,0.003,0.540,9.680,0.310,0.000,-0.130,0.080,-28.250,6.375,2.188,0.470,9.790,0.280,26,0,0,0,0
3688,359.312,2.750,-88.312,-0.012,0.019,0.004,0.540,9.670,0.340,0.060,-0.100,0.020,-28.250,6.375,2.188,0.470,9.790,0.280,26,0,0,0,0
3698,359.312,2.750,-88.312,-0.009,0.012,0.001,0.530,9.690,0.310,0.060,-0.110,0.060,-28.250,6.375,2.188,0.470,9.790,0.280,26,0,0,0,0
3708,359.312,2.750,-88.312,-0.007,0.011,0.000,0.560,9.660,0.340,0.050,-0.090,0.030,-28.250,6.375,2.188,0.470,9.790,0.280,26,0,0,0,0
3717,359.312,2.750,-88.312,-0.010,0.016,0.002,0.560,9.690,0.290,0.080,-0.120,0.060,-27.188,5.250,3.875,0.470,9.790,0.280,26,0,0,0,0
3728,359.250,2.750,-88.312,-0.014,0.014,0.001,0.550,9.690,0.210,0.090,-0.090,0.000,-27.188,5.250,3.875,0.470,9.790,0.280,26,0,0,0,0
3738,359.250,2.750,-88.312,-0.010,0.009,-0.001,0.520,9.650,0.270,0.070,-0.090,-0.060,-27.188,5.250,3.875,0.470,9.790,0.280,26,0,0,0,0
3748,359.250,2.750,-88.312,-0.009,0.009,0.001,0.500,9.710,0.330,0.020,-0.070,0.040,-27.188,5.250,3.875,0.470,9.790,0.280,26,0,0,0,0
3759,359.250,2.750,-88.312,-0.011,0.010,-0.001,0.550,9.700,0.330,0.020,-0.070,0.040,-27.188,5.250,3.875,0.470,9.790,0.280,26,0,0,0,0
3767,359.250,2.750,-88.312,-0.014,0.020,-0.001,0.520,9.670,0.360,0.070,-0.080,0.040,-29.375,5.562,2.188,0.470,9.790,0.280,26,0,0,0,0
3778,359.250,2.750,-88.250,-0.014,0.015,0.002,0.560,9.650,0.250,0.040,-0.110,0.080,-29.375,5.562,2.188,0.470,9.790,0.290,26,0,0,0,0
3788,359.250,2.750,-88.250,-0.016,0.019,0.000,0.590,9.720,0.340,0.080,-0.130,-0.030,-29.375,5.562,2.188,0.470,9.790,0.290,26,0,0,0,0
3798,359.250,2.750,-88.250,-0.015,0.021,-0.001,0.560,9.700,0.330,0.110,-0.060,0.050,-29.375,5.562,2.188,0.470,9.790,0.290,26,0,0,0,0
3808,359.250,2.750,-88.250,-0.013,0.019,-0.003,0.510,9.630,0.370,0.080,-0.080,0.040,-29.375,5.562,2.188,0.470,9.790,0.290,26,0,0,0,0
3817,359.250,2.750,-88.250,-0.012,0.015,-0.004,0.520,9.650,0.340,0.030,-0.150,0.070,-29.375,5.250,3.062,0.470,9.790,0.290,26,0,0,0,0
3828,359.188,2.750,-88.250,-0.013,0.019,-0.005,0.550,9.700,0.290,0.040,-0.130,0.050,-29.375,5.250,3.062,0.470,9.790,0.290,26,0,0,0,0
3838,359.188,2.750,-88.250,-0.015,0.019,-0.008,0.520,9.710,0.290,0.070,-0.080,0.000,-29.375,5.250,3.062,0.470,9.790,0.290,26,0,0,0,0
3848,359.188,2.750,-88.250,-0.010,0.019,-0.004,0.480,9.640,0.320,0.040,-0.070,0.000,-29.375,5.250,3.062,0.470,9.790,0.290,26,0,0,0,0
3859,359.188,2.750,-88.250,-0.009,0.014,-0.004,0.480,9.670,0.310,0.010,-0.140,0.020,-29.375,5.250,3.062,0.470,9.790,0.290,26,0,0,0,0
3867,359.188,2.750,-88.250,-0.007,0.020,-0.007,0.510,9.680,0.370,0.010,-0.110,0.010,-29.375,5.250,1.875,0.470,9.790,0.290,26,0,0,0,0
3878,359.188,2.750,-88.250,-0.008,0.014,-0.010,0.510,9.690,0.290,0.030,-0.100,0.070,-29.375,5.250,1.875,0.470,9.790,0.290,26,0,0,0,0
3888,359.125,2.750,-88.250,-0.007,0.016,-0.010,0.450,9.640,0.350,0.030,-0.090,0.000,-29.375,5.250,1.875,0.470,9.790,0.290,26,0,0,0,0
3898,359.125,2.750,-88.250,-0.002,0.012,-0.011,0.480,9.680,0.350,-0.020,-0.140,0.060,-29.375,5.250,1.875,0.470,9.790,0.290,26,0,0,0,0
3909,359.125,2.750,-88.250,-0.003,0.013,-0.011,0.550,9.690,0.370,0.010,-0.100,0.050,-29.375,5.250,1.875,0.470,9.790,0.290,26,0,0,0,0
3918,359.188,2.750,-88.250,-0.007,0.009,-0.012,0.570,9.650,0.350,0.070,-0.090,0.080,-28.250,5.250,3.062,0.470,9.790,0.290,26,0,0,0,0
3928,359.188,2.750,-88.250,-0.009,0.009,-0.005,0.560,9.670,0.280,0.100,-0.130,0.050,-28.250,5.250,3.062,0.470,9.790,0.290,26,0,0,0,0
3938,359.188,2.750,-88.250,-0.004,0.008,-0.008,0.570,9.690,0.370,0.080,-0.110,-0.010,-28.250,5.250,3.062,0.470,9.790,0.290,26,0,0,0,0
3949,359.188,2.750,-88.250,-0.001,0.005,-0.010,0.570,9.670,0.390,0.100,-0.110,0.090,-28.250,5.250,3.062,0.470,9.790,0.290,26,0,0,0,0
3959,359.188,2.750,-88.250,-0.005,0.005,-0.009,0.560,9.630,0.420,0.100,-0.110,0.090,-28.250,5.250,3.062,0.470,9.790,0.290,26,0,0,0,0
3967,359.188,2.750,-88.250,-0.004,0.003,-0.011,0.460,9.610,0.310,0.080,-0.150,0.120,-29.000,5.250,2.688,0.470,9.790,0.290,26,0,0,0,0
3978,359.188,2.750,-88.250,0.000,-0.003,-0.009,0.470,9.670,0.260,0.000,-0.170,0.010,-29.000,5.250,2.688,0.470,9.790,0.290,26,0,0,0,0
3988,359.188,2.750,-88.250,0.001,0.002,-0.008,0.500,9.730,0.280,0.000,-0.110,-0.020,-29.000,5.250,2.688,0.470,9.790,0.290,26,0,0,0,0
3999,359.188,2.750,-88.250,-0.001,0.003,-0.004,0.480,9.700,0.340,0.010,-0.080,0.050,-29.000,5.250,2.688,0.470,9.790,0.290,26,0,0,0,0
4009,359.188,2.750,-88.250,-0.004,0.010,-0.003,0.470,9.650,0.380,0.010,-0.080,0.050,-28.562,6.375,3.875,0.470,9.790,0.290,26,0,0,0,0
4018,359.188,2.750,-88.250,-0.004,0.011,-0.005,0.460,9.630,0.380,0.000,-0.130,0.080,-28.562,6.375,3.875,0.470,9.790,0.290,26,0,0,0,0
4028,359.125,2.750,-88.250,-0.004,0.019,-0.007,0.500,9.680,0.350,0.000,-0.150,0.080,-28.562,6.375,3.875,0.470,9.790,0.290,26,0,0,0,0
4039,359.125,2.750,-88.250,-0.003,0.021,-0.008,0.580,9.690,0.350,0.030,-0.100,0.060,-28.562,6.375,3.875,0.470,9.790,0.290,26,0,0,0,0
4049,359.125,2.750,-88.250,-0.004,0.021,-0.013,0.550,9.660,0.370,0.110,-0.090,0.060,-28.562,6.375,3.875,0.470,9.790,0.290,26,0,0,0,0
4059,359.125,2.688,-88.250,0.000,0.019,-0.012,0.580,9.670,0.350,0.080,-0.120,0.080,-28.562,6.375,3.875,0.460,9.790,0.290,26,0,0,0,0
4068,359.125,2.688,-88.250,0.003,0.010,-0.011,0.530,9.680,0.310,0.110,-0.110,0.050,-28.250,5.250,2.688,0.460,9.790,0.290,26,0,0,0,0
4078,359.125,2.688,-88.250,-0.001,0.009,-0.005,0.480,9.690,0.290,0.060,-0.100,0.010,-28.250,5.250,2.688,0.460,9.790,0.290,26,0,0,0,0
4089,359.125,2.688,-88.250,-0.003,0.004,-0.003,0.450,9.650,0.330,0.010,-0.090,0.000,-28.250,5.250,2.688,0.460,9.790,0.290,26,0,0,0,0
4099,359.125,2.688,-88.250,-0.004,0.001,-0.005,0.430,9.670,0.350,-0.010,-0.130,0.040,-28.250,5.250,2.688,0.460,9.790,0.290,26,0,0,0,0
4109,359.125,2.688,-88.250,0.002,0.002,-0.007,0.420,9.670,0.360,-0.030,-0.110,0.060,-28.562,5.250,2.688,0.460,9.790,0.290,26,0,0,0,0
4118,359.125,2.688,-88.250,0.007,-0.001,-0.003,0.420,9.680,0.350,-0.040,-0.110,0.060,-28.562,5.250,2.688,0.460,9.790,0.290,26,0,0,0,0
4129,359.125,2.688,-88.250,0.002,-0.001,-0.002,0.440,9.670,0.250,-0.040,-0.100,0.060,-28.562,5.250,2.688,0.460,9.790,0.290,26,0,0,0,0
4139,359.125,2.688,-88.250,0.007,0.004,-0.004,0.430,9.660,0.280,-0.030,-0.120,-0.010,-28.562,5.250,2.688,0.460,9.790,0.290,26,0,0,0,0
4149,359.125,2.688,-88.250,0.007,0.002,-0.002,0.410,9.730,0.310,-0.050,-0.060,0.010,-28.562,5.250,2.688,0.460,9.790,0.290,26,0,0,0,0
4159,359.125,2.688,-88.250,0.001,0.007,-0.004,0.420,9.690,0.420,-0.050,-0.060,0.010,-28.562,5.250,2.688,0.460,9.790,0.290,26,0,0,0,0
4168,359.125,2.688,-88.250,0.002,0.004,-0.005,0.470,9.660,0.380,-0.040,-0.090,0.120,-28.250,5.562,2.688,0.460,9.790,0.290,26,0,0,0,0
4179,359.125,2.688,-88.250,0.000,0.009,-0.003,0.500,9.650,0.320,0.000,-0.120,0.080,-28.250,5.562,2.688,0.460,9.790,0.290,26,0,0,0,0
4189,359.125,2.688,-88.250,-0.001,0.007,0.002,0.530,9.660,0.340,0.030,-0.130,0.020,-28.250,5.562,2.688,0.460,9.790,0.290,26,0,0,0,0
4199,359.125,2.688,-88.250,0.001,0.009,-0.001,0.530,9.690,0.360,0.060,-0.090,0.070,-28.250,5.562,2.688,0.460,9.790,0.290,26,0,0,0,0
4209,359.125,2.688,-88.250,0.003,0.002,0.001,0.540,9.700,0.390,0.060,-0.090,0.070,-28.250,6.750,2.688,0.460,9.790,0.290,26,0,0,0,0
4218,359.125,2.688,-88.250,0.001,0.004,0.005,0.490,9.640,0.340,0.070,-0.080,0.090,-28.250,6.750,2.688,0.460,9.790,0.290,26,0,0,0,0
4229,359.125,2.688,-88.250,0.002,0.003,0.004,0.500,9.660,0.300,0.020,-0.140,0.050,-28.250,6.750,2.688,0.460,9.790,0.290,26,0,0,0,0
4239,359.125,2.688,-88.250,0.004,0.004,0.007,0.510,9.680,0.330,0.030,-0.120,0.000,-28.250,6.750,2.688,0.460,9.790,0.290,26,0,0,0,0
4249,359.125,2.688,-88.250,0.005,0.003,0.005,0.530,9.690,0.370,0.060,-0.090,0.070,-28.250,6.750,2.688,0.460,9.790,0.290,26,0,0,0,0
4259,359.125,2.688,-88.250,0.002,0.004,0.004,0.510,9.650,0.350,0.060,-0.090,0.070,-28.250,6.750,2.688,0.460,9.790,0.290,26,0,0,0,0
4268,359.125,2.688,-88.250,0.005,0.000,0.005,0.560,9.660,0.380,0.040,-0.130,0.060,-28.562,6.000,3.062,0.460,9.790,0.290,26,0,0,0,0
4279,359.125,2.688,-88.250,0.004,0.001,0.005,0.600,9.650,0.310,0.090,-0.120,0.080,-28.562,6.000,3.062,0.460,9.790,0.290,26,0,0,0,0
4289,359.125,2.688,-88.250,0.003,0.002,0.007,0.590,9.660,0.390,0.130,-0.130,0.010,-28.562,6.000,3.062,0.460,9.790,0.290,26,0,0,0,0
4299,359.125,2.688,-88.250,0.008,-0.005,0.007,0.560,9.670,0.400,0.090,-0.110,0.100,-28.562,6.000,3.062,0.460,9.790,0.290,26,0,0,0,0
4310,359.125,2.688,-88.250,0.010,-0.007,0.004,0.560,9.670,0.370,0.090,-0.110,0.100,-29.750,6.000,3.062,0.460,9.790,0.290,26,0,0,0,0
4318,359.125,2.688,-88.250,0.010,-0.010,0.008,0.570,9.660,0.380,0.090,-0.110,0.080,-29.750,6.000,3.062,0.460,9.790,0.290,26,0,0,0,0
4329,359.125,2.688,-88.250,0.011,-0.013,0.008,0.560,9.670,0.300,0.110,-0.120,0.080,-29.750,6.000,3.062,0.460,9.790,0.290,26,0,0,0,0
4339,359.125,2.688,-88.250,0.008,-0.014,0.008,0.540,9.690,0.330,0.090,-0.110,0.000,-29.750,6.000,3.062,0.460,9.790,0.290,26,0,0,0,0
4349,359.188,2.688,-88.250,0.009,-0.019,0.005,0.460,9.650,0.360,0.070,-0.090,0.030,-29.750,6.000,3.062,0.460,9.790,0.290,26,0,0,0,0
4360,359.188,2.688,-88.250,0.014,-0.027,0.007,0.460,9.650,0.360,0.000,-0.130,0.060,-29.750,6.000,3.062,0.460,9.790,0.290,26,0,0,0,0
4367,359.188,2.688,-88.250,0.019,-0.035,0.008,0.470,9.690,0.350,0.000,-0.090,0.060,-29.375,5.250,2.188,0.460,9.790,0.290,26,0,0,0,0
4375,359.188,2.688,-88.250,0.020,-0.035,0.005,0.450,9.660,0.320,-0.010,-0.120,0.030,-29.375,5.250,2.188,0.460,9.790,0.290,26,0,0,0,0
4383,359.250,2.688,-88.250,0.025,-0.040,0.005,0.450,9.640,0.210,-0.010,-0.140,-0.070,-29.375,5.250,2.188,0.460,9.790,0.280,26,0,0,0,0
4393,359.250,2.688,-88.250,0.023,-0.043,0.003,0.440,9.650,0.270,-0.020,-0.130,-0.010,-29.375,5.250,2.188,0.460,9.790,0.280,26,0,0,0,0
4403,359.250,2.688,-88.312,0.022,-0.049,0.003,0.450,9.670,0.300,-0.010,-0.110,0.020,-29.375,5.250,2.188,0.460,9.790,0.280,26,0,0,0,0
4411,359.312,2.688,-88.312,0.022,-0.049,0.003,0.440,9.680,0.330,-0.010,-0.110,0.020,-28.250,6.000,3.188,0.470,9.790,0.280,26,0,0,0,0
4419,359.312,2.688,-88.312,0.022,-0.051,0.002,0.440,9.680,0.330,-0.020,-0.100,0.040,-28.250,6.000,3.188,0.470,9.790,0.270,26,0,0,0,0
4427,359.312,2.688,-88.312,0.024,-0.046,0.001,0.460,9.680,0.320,0.000,-0.100,0.040,-28.250,6.000,3.188,0.470,9.790,0.270,26,0,0,0,0
4437,359.375,2.688,-88.375,0.026,-0.050,0.002,0.460,9.700,0.230,0.000,-0.090,-0.040,-28.250,6.000,3.188,0.470,9.790,0.270,26,0,0,0,0
4447,359.375,2.688,-88.375,0.024,-0.056,0.004,0.440,9.680,0.340,0.000,-0.080,0.000,-28.250,6.000,3.188,0.470,9.790,0.270,26,0,0,0,0
4458,359.438,2.750,-88.375,0.023,-0.058,0.002,0.440,9.680,0.340,-0.030,-0.100,0.070,-28.250,6.000,3.188,0.470,9.790,0.270,26,0,0,0,0
4466,359.438,2.750,-88.375,0.024,-0.060,0.001,0.430,9.660,0.320,-0.030,-0.120,0.050,-28.562,6.750,3.375,0.470,9.790,0.260,26,0,0,0,0
4473,359.438,2.750,-88.375,0.019,-0.064,0.001,0.520,9.670,0.280,0.050,-0.110,0.010,-28.562,6.750,3.375,0.470,9.790,0.260,26,0,0,0,0
4481,359.500,2.750,-88.438,0.019,-0.064,0.001,0.540,9.690,0.230,0.070,-0.090,-0.020,-28.562,6.750,3.375,0.470,9.790,0.260,26,0,0,0,0
4491,359.500,2.750,-88.438,0.020,-0.072,0.004,0.490,9.680,0.260,0.020,-0.100,0.000,-28.562,6.750,3.375,0.470,9.790,0.260,26,0,0,0,0
4500,359.562,2.750,-88.438,0.022,-0.069,0.004,0.510,9.680,0.290,0.040,-0.100,0.030,-28.562,6.750,3.375,0.470,9.790,0.260,26,0,0,0,0
4510,359.625,2.750,-88.438,0.020,-0.062,0.008,0.560,9.710,0.310,0.040,-0.100,0.030,-28.562,6.750,3.375,0.470,9.790,0.250,26,0,0,0,0
4518,359.625,2.750,-88.438,0.017,-0.057,0.009,0.560,9.710,0.310,0.090,-0.070,0.050,-28.562,6.250,2.188,0.470,9.790,0.250,26,0,0,0,0
4526,359.625,2.750,-88.438,0.014,-0.041,0.011,0.530,9.690,0.290,0.060,-0.100,0.040,-28.562,6.250,2.188,0.470,9.790,0.250,26,0,0,0,0
4536,359.688,2.750,-88.500,0.014,-0.035,0.010,0.560,9.660,0.220,0.080,-0.120,-0.030,-28.562,6.250,2.188,0.470,9.790,0.250,26,0,0,0,0
4547,359.688,2.750,-88.500,0.009,-0.027,0.012,0.540,9.660,0.250,0.070,-0.120,0.000,-28.562,6.250,2.188,0.470,9.790,0.250,26,0,0,0,0
4557,359.688,2.750,-88.500,0.011,-0.026,0.013,0.540,9.650,0.250,0.060,-0.130,0.000,-28.562,6.250,2.188,0.470,9.790,0.250,26,0,0,0,0
4566,359.688,2.750,-88.500,0.009,-0.020,0.015,0.520,9.670,0.240,0.040,-0.110,0.000,-28.250,4.875,3.500,0.470,9.790,0.250,26,0,0,0,0
4576,359.688,2.750,-88.500,0.002,-0.021,0.012,0.480,9.650,0.250,0.000,-0.130,0.000,-28.250,4.875,3.500,0.470,9.790,0.250,26,0,0,0,0
4587,359.688,2.750,-88.500,0.001,-0.011,0.011,0.440,9.700,0.180,-0.030,-0.080,-0.070,-28.250,4.875,3.500,0.480,9.790,0.250,26,0,0,0,0
4597,359.688,2.750,-88.500,0.003,-0.010,0.011,0.460,9.670,0.220,-0.050,-0.130,-0.030,-28.250,4.875,3.500,0.480,9.790,0.250,26,0,0,0,0
4608,359.688,2.812,-88.500,0.001,-0.003,0.012,0.460,9.670,0.220,-0.010,-0.110,-0.020,-28.250,4.875,3.500,0.480,9.790,0.250,26,0,0,0,0
4617,359.688,2.812,-88.500,-0.003,0.000,0.012,0.440,9.670,0.300,-0.040,-0.110,0.050,-29.375,5.875,3.188,0.480,9.790,0.250,26,0,0,0,0
4628,359.688,2.812,-88.500,-0.005,0.004,0.009,0.530,9.680,0.210,0.020,-0.130,0.000,-29.375,5.875,3.188,0.480,9.790,0.250,26,0,0,0,0
4638,359.688,2.812,-88.500,-0.008,0.007,0.007,0.540,9.690,0.240,0.040,-0.100,-0.040,-29.375,5.875,3.188,0.480,9.790,0.250,26,0,0,0,0
4649,359.688,2.812,-88.500,0.000,0.005,0.003,0.550,9.660,0.200,0.050,-0.090,0.000,-29.375,5.875,3.188,0.480,9.790,0.250,26,0,0,0,0
4659,359.688,2.812,-88.500,0.000,0.001,0.007,0.570,9.690,0.270,0.060,-0.120,-0.050,-29.375,5.875,3.188,0.480,9.790,0.250,26,0,0,0,0
4668,359.688,2.812,-88.500,-0.008,0.010,0.003,0.530,9.680,0.290,0.090,-0.090,0.020,-28.562,5.500,2.250,0.480,9.790,0.250,26,0,0,0,0
4679,359.688,2.812,-88.500,-0.013,0.007,0.005,0.560,9.710,0.170,0.040,-0.100,0.040,-28.562,5.500,2.250,0.480,9.790,0.250,26,0,0,0,0
4689,359.688,2.812,-88.438,-0.017,0.016,0.004,0.540,9.660,0.280,0.070,-0.080,-0.070,-28.562,5.500,2.250,0.480,9.790,0.250,26,0,0,0,0
4700,359.625,2.812,-88.438,-0.023,0.026,0.004,0.570,9.630,0.330,0.050,-0.120,0.020,-28.562,5.500,2.250,0.480,9.790,0.260,26,0,0,0,0
4710,359.625,2.812,-88.438,-0.025,0.035,0.005,0.570,9.630,0.330,0.090,-0.150,0.070,-28.562,5.500,2.250,0.480,9.790,0.260,26,0,0,0,0
4718,359.625,2.812,-88.438,-0.026,0.034,0.004,0.540,9.630,0.360,0.060,-0.150,0.100,-28.000,5.188,3.500,0.480,9.790,0.260,26,0,0,0,0
4726,359.562,2.812,-88.438,-0.022,0.034,0.001,0.520,9.650,0.330,0.040,-0.130,0.070,-28.000,5.188,3.500,0.480,9.790,0.260,26,0,0,0,0
4735,359.562,2.812,-88.375,-0.021,0.029,0.001,0.530,9.650,0.260,0.040,-0.130,0.000,-28.000,5.188,3.500,0.480,9.790,0.260,26,0,0,0,0
4746,359.562,2.812,-88.375,-0.016,0.027,0.002,0.520,9.680,0.300,0.040,-0.100,0.030,-28.000,5.188,3.500,0.480,9.790,0.270,26,0,0,0,0
4757,359.562,2.812,-88.375,-0.014,0.024,0.002,0.550,9.700,0.310,0.060,-0.080,0.040,-28.000,5.188,3.500,0.480,9.790,0.270,26,0,0,0,0
4764,359.562,2.812,-88.375,-0.017,0.024,0.007,0.530,9.700,0.280,0.050,-0.080,0.000,-27.562,6.375,3.500,0.480,9.790,0.270,26,0,0,0,0
4772,359.562,2.812,-88.375,-0.017,0.024,0.007,0.550,9.700,0.260,0.050,-0.080,0.000,-27.562,6.375,3.500,0.480,9.790,0.270,26,0,0,0,0
4780,359.500,2.812,-88.375,-0.013,0.029,0.007,0.530,9.650,0.250,0.060,-0.080,0.000,-27.562,6.375,3.500,0.480,9.790,0.270,26,0,0,0,0
4789,359.500,2.812,-88.375,-0.015,0.035,0.004,0.520,9.690,0.240,0.050,-0.130,-0.010,-27.562,6.375,3.500,0.480,9.790,0.270,26,0,0,0,0
4800,359.500,2.812,-88.312,-0.013,0.040,0.003,0.510,9.670,0.330,0.040,-0.090,-0.020,-27.562,6.375,3.500,0.480,9.790,0.270,26,0,0,0,0
4810,359.438,2.812,-88.312,-0.014,0.036,0.000,0.510,9.670,0.330,0.030,-0.110,0.050,-27.562,6.375,3.500,0.480,9.790,0.280,26,0,0,0,0
4818,359.438,2.812,-88.312,-0.016,0.039,0.000,0.520,9.670,0.310,0.040,-0.110,0.030,-27.562,6.375,2.250,0.480,9.790,0.280,26,0,0,0,0
4825,359.438,2.812,-88.312,-0.012,0.033,0.001,0.470,9.670,0.320,0.000,-0.110,0.040,-27.562,6.375,2.250,0.480,9.790,0.280,26,0,0,0,0
4835,359.375,2.750,-88.312,-0.012,0.040,0.001,0.530,9.690,0.220,0.050,-0.090,-0.050,-27.562,6.375,2.250,0.480,9.790,0.280,26,0,0,0,0
4845,359.375,2.750,-88.312,-0.016,0.050,-0.001,0.540,9.710,0.290,0.060,-0.070,0.000,-27.562,6.375,2.250,0.480,9.790,0.280,26,0,0,0,0
4854,359.312,2.750,-88.312,-0.021,0.065,-0.002,0.540,9.730,0.330,0.060,-0.060,0.040,-27.562,6.375,2.250,0.480,9.790,0.280,26,0,0,0,0
4862,359.312,2.750,-88.312,-0.021,0.065,-0.002,0.560,9.690,0.350,0.060,-0.060,0.040,-28.250,5.562,2.250,0.480,9.790,0.280,26,0,0,0,0
4870,359.312,2.750,-88.250,-0.017,0.060,-0.005,0.560,9.690,0.350,0.070,-0.090,0.060,-28.250,5.562,2.250,0.480,9.790,0.280,26,0,0,0,0
4878,359.250,2.750,-88.250,-0.016,0.049,-0.005,0.490,9.610,0.290,0.010,-0.170,0.000,-28.250,5.562,2.250,0.480,9.790,0.290,26,0,0,0,0
4887,359.250,2.750,-88.250,-0.017,0.045,-0.005,0.430,9.610,0.260,-0.040,-0.170,-0.020,-28.250,5.562,2.250,0.480,9.790,0.290,26,0,0,0,0
4898,359.250,2.750,-88.250,-0.019,0.047,-0.005,0.430,9.660,0.270,-0.040,-0.120,-0.010,-28.250,5.562,2.250,0.480,9.790,0.290,26,0,0,0,0
4909,359.188,2.750,-88.250,-0.017,0.045,-0.007,0.460,9.670,0.330,-0.010,-0.110,0.030,-28.250,5.562,2.250,0.480,9.790,0.290,26,0,0,0,0
4916,359.188,2.750,-88.188,-0.017,0.043,-0.007,0.510,9.700,0.400,0.030,-0.080,0.100,-27.562,6.375,2.250,0.470,9.790,0.290,26,0,0,0,0
4924,359.188,2.750,-88.188,-0.013,0.039,-0.011,0.640,9.680,0.350,0.160,-0.100,0.050,-27.562,6.375,2.250,0.470,9.790,0.300,26,0,0,0,0
4932,359.188,2.750,-88.188,-0.013,0.039,-0.011,0.650,9.670,0.260,0.170,-0.110,-0.030,-27.562,6.375,2.250,0.470,9.790,0.300,26,0,0,0,0
4941,359.188,2.750,-88.188,-0.012,0.032,-0.011,0.750,9.690,0.310,0.270,-0.090,0.010,-27.562,6.375,2.250,0.470,9.790,0.300,26,0,0,0,0
4951,359.125,2.750,-88.188,-0.011,0.024,-0.010,0.730,9.750,0.390,0.250,-0.030,0.090,-27.562,6.375,2.250,0.470,9.790,0.300,26,0,0,0,0
4961,359.125,2.750,-88.188,-0.013,0.025,-0.013,0.730,9.750,0.390,0.250,-0.030,0.090,-27.562,6.375,2.250,0.470,9.790,0.300,26,0,0,0,0
4969,359.125,2.750,-88.188,-0.012,0.026,-0.012,0.660,9.730,0.400,0.180,-0.050,0.090,-28.250,5.250,2.750,0.470,9.790,0.300,26,0,0,0,0
4976,359.062,2.750,-88.188,-0.013,0.023,-0.010,0.560,9.670,0.390,0.080,-0.110,0.080,-28.250,5.250,2.750,0.480,9.790,0.300,26,0,0,0,0
4984,359.062,2.750,-88.188,-0.016,0.016,-0.008,0.450,9.680,0.330,-0.030,-0.100,0.010,-28.250,5.250,2.750,0.480,9.780,0.310,26,0,0,0,0
4993,359.062,2.750,-88.125,-0.012,0.025,-0.008,0.430,9.670,0.370,-0.040,-0.110,0.060,-28.250,5.250,2.750,0.480,9.780,0.310,26,0,0,0,0
5003,359.062,2.750,-88.125,-0.005,0.025,-0.008,0.420,9.620,0.330,-0.050,-0.160,0.010,-28.250,5.250,2.750,0.480,9.780,0.310,26,0,0,0,0
5012,359.062,2.750,-88.125,-0.005,0.025,-0.008,0.420,9.580,0.350,-0.050,-0.160,0.010,-29.000,5.562,2.750,0.480,9.780,0.310,26,0,0,0,0
5020,359.062,2.750,-88.125,-0.003,0.013,-0.010,0.500,9.680,0.320,-0.050,-0.200,0.040,-29.000,5.562,2.750,0.480,9.780,0.310,26,0,0,0,0
5030,359.062,2.750,-88.125,-0.001,0.008,-0.008,0.540,9.760,0.260,0.020,-0.100,0.010,-29.000,5.562,2.750,0.470,9.780,0.310,26,0,0,0,0
5040,359.062,2.750,-88.125,-0.003,0.005,-0.011,0.520,9.710,0.330,0.060,-0.020,-0.040,-29.000,5.562,2.750,0.470,9.780,0.310,26,0,0,0,0
5050,359.062,2.750,-88.125,-0.002,0.002,-0.007,0.480,9.660,0.380,0.040,-0.070,0.010,-29.000,5.562,2.750,0.470,9.780,0.310,26,0,0,0,0
5061,359.062,2.750,-88.125,0.002,0.000,-0.008,0.520,9.680,0.390,0.000,-0.120,0.070,-29.000,5.562,2.750,0.470,9.780,0.310,26,0,0,0,0
5069,359.062,2.750,-88.125,0.000,0.003,-0.010,0.560,9.700,0.410,0.040,-0.100,0.080,-26.750,6.375,2.750,0.470,9.780,0.310,26,0,0,0,0
5079,359.062,2.750,-88.125,-0.002,0.008,-0.005,0.600,9.680,0.330,0.090,-0.080,0.090,-26.750,6.375,2.750,0.470,9.780,0.310,26,0,0,0,0
5090,359.062,2.750,-88.125,-0.007,0.012,-0.008,0.640,9.630,0.350,0.120,-0.100,0.020,-26.750,6.375,2.750,0.480,9.780,0.310,26,0,0,0,0
5100,359.000,2.750,-88.125,-0.009,0.019,-0.008,0.610,9.630,0.390,0.160,-0.150,0.040,-26.750,6.375,2.750,0.480,9.780,0.310,26,0,0,0,0
5111,359.000,2.750,-88.125,-0.007,0.011,-0.002,0.560,9.640,0.430,0.130,-0.150,0.070,-26.750,6.375,2.750,0.480,9.780,0.310,26,0,0,0,0
5119,359.000,2.812,-88.125,0.000,0.001,-0.003,0.510,9.680,0.330,0.080,-0.140,0.120,-29.750,6.375,3.500,0.480,9.780,0.310,26,0,0,0,0
5130,359.000,2.812,-88.125,0.004,-0.007,-0.004,0.490,9.680,0.320,0.030,-0.100,0.010,-29.750,6.375,3.500,0.480,9.780,0.310,26,0,0,0,0
5140,359.000,2.812,-88.125,0.009,-0.020,-0.004,0.510,9.710,0.340,0.010,-0.100,0.010,-29.750,6.375,3.500,0.480,9.780,0.310,26,0,0,0,0
5150,359.062,2.812,-88.125,0.005,-0.020,-0.003,0.560,9.680,0.340,0.020,-0.070,0.030,-29.750,6.375,3.500,0.480,9.780,0.310,26,0,0,0,0
5161,359.062,2.812,-88.125,0.004,-0.014,-0.004,0.690,9.680,0.370,0.070,-0.100,0.030,-29.750,6.375,3.500,0.480,9.780,0.310,26,0,0,0,0
5169,359.062,2.812,-88.125,0.008,-0.013,-0.001,0.690,9.660,0.330,0.210,-0.100,0.060,-28.250,5.000,2.000,0.480,9.780,0.310,26,0,0,0,0
5185,359.062,2.812,-88.125,0.001,-0.012,-0.004,0.660,9.630,0.290,0.170,-0.150,-0.020,-28.250,5.000,2.000,0.480,9.780,0.310,26,0,0,0,0
5194,359.062,2.812,-88.125,0.004,-0.015,-0.005,0.510,9.640,0.320,0.030,-0.140,0.000,-28.250,5.000,2.000,0.480,9.780,0.310,26,0,0,0,0
5204,359.062,2.812,-88.125,0.009,-0.026,-0.008,0.360,9.660,0.340,-0.110,-0.120,0.020,-28.250,5.000,2.000,0.480,9.780,0.310,26,0,0,0,0
5213,359.062,2.812,-88.125,0.009,-0.026,-0.008,0.330,9.690,0.360,-0.110,-0.120,0.020,-28.250,5.562,1.500,0.480,9.780,0.310,26,0,0,0,0
5220,359.062,2.812,-88.125,0.009,-0.024,-0.008,0.330,9.690,0.360,-0.140,-0.090,0.050,-28.250,5.562,1.500,0.480,9.780,0.310,26,0,0,0,0
5228,359.125,2.812,-88.125,0.012,-0.022,-0.003,0.330,9.690,0.360,-0.140,-0.090,0.050,-28.250,5.562,1.500,0.480,9.780,0.310,26,0,0,0,0
5239,359.125,2.812,-88.125,0.012,-0.025,-0.004,0.470,9.660,0.320,-0.030,-0.110,-0.070,-28.250,5.562,1.500,0.480,9.780,0.310,26,0,0,0,0
5249,359.125,2.812,-88.125,0.012,-0.024,-0.003,0.500,9.690,0.340,0.000,-0.120,0.000,-28.250,5.562,1.500,0.480,9.780,0.300,26,0,0,0,0
5260,359.125,2.812,-88.125,0.012,-0.021,-0.003,0.500,9.690,0.340,0.020,-0.090,0.030,-28.250,5.562,1.500,0.480,9.780,0.300,26,0,0,0,0
5268,359.125,2.812,-88.188,0.011,-0.017,-0.005,0.560,9.650,0.300,0.070,-0.130,0.000,-27.250,5.562,3.562,0.480,9.780,0.300,26,0,0,0,0
5279,359.125,2.812,-88.188,0.009,-0.017,-0.003,0.500,9.670,0.310,0.020,-0.110,0.000,-27.250,5.562,3.562,0.480,9.780,0.300,26,0,0,0,0
5289,359.188,2.812,-88.188,0.013,-0.021,-0.003,0.490,9.690,0.280,0.000,-0.140,-0.020,-27.250,5.562,3.562,0.480,9.780,0.300,26,0,0,0,0
5300,359.188,2.812,-88.188,0.015,-0.022,-0.004,0.460,9.700,0.400,0.000,-0.090,-0.010,-27.250,5.562,3.562,0.480,9.780,0.300,26,0,0,0,0
5310,359.188,2.812,-88.188,0.013,-0.021,0.000,0.460,9.700,0.400,-0.020,-0.080,0.090,-27.250,5.562,3.562,0.480,9.780,0.300,26,0,0,0,0
5318,359.188,2.812,-88.188,0.013,-0.026,-0.001,0.490,9.710,0.370,0.000,-0.070,0.070,-28.375,5.250,2.375,0.480,9.780,0.300,26,0,0,0,0
5325,359.188,2.812,-88.188,0.015,-0.026,0.003,0.450,9.660,0.330,-0.030,-0.120,0.030,-28.375,5.250,2.375,0.480,9.780,0.300,26,0,0,0,0
5333,359.188,2.812,-88.188,0.015,-0.026,0.003,0.470,9.650,0.270,-0.010,-0.130,-0.020,-28.375,5.250,2.375,0.480,9.780,0.290,26,0,0,0,0
5342,359.250,2.812,-88.188,0.021,-0.037,0.005,0.560,9.700,0.300,0.070,-0.080,0.000,-28.375,5.250,2.375,0.480,9.790,0.290,26,0,0,0,0
5352,359.250,2.812,-88.250,0.016,-0.041,0.007,0.560,9.670,0.300,0.080,-0.110,0.000,-28.375,5.250,2.375,0.480,9.790,0.290,26,0,0,0,0
5362,359.250,2.812,-88.250,0.011,-0.048,0.009,0.540,9.650,0.350,0.080,-0.110,0.000,-28.375,5.250,2.375,0.480,9.790,0.290,26,0,0,0,0
5370,359.312,2.812,-88.250,0.011,-0.051,0.009,0.540,9.650,0.350,0.050,-0.130,0.060,-28.375,5.250,3.250,0.480,9.790,0.290,26,0,0,0,0
5377,359.312,2.812,-88.250,0.014,-0.051,0.008,0.560,9.680,0.370,0.080,-0.100,0.080,-28.375,5.250,3.250,0.480,9.790,0.290,26,0,0,0,0
5385,359.312,2.812,-88.250,0.013,-0.057,0.011,0.540,9.690,0.300,0.050,-0.090,0.010,-28.375,5.250,3.250,0.480,9.790,0.290,26,0,0,0,0
5395,359.375,2.812,-88.250,0.017,-0.067,0.008,0.530,9.680,0.300,0.040,-0.100,0.010,-28.375,5.250,3.250,0.480,9.790,0.290,26,0,0,0,0
5404,359.375,2.812,-88.250,0.013,-0.070,0.007,0.520,9.680,0.290,0.030,-0.100,0.000,-28.375,5.250,3.250,0.480,9.790,0.280,26,0,0,0,0
5412,359.438,2.812,-88.250,0.013,-0.070,0.007,0.470,9.670,0.330,0.030,-0.100,0.000,-29.062,6.000,3.562,0.490,9.790,0.280,26,0,0,0,0
5420,359.438,2.812,-88.312,0.013,-0.071,0.011,0.470,9.670,0.330,-0.010,-0.110,0.050,-29.062,6.000,3.562,0.490,9.790,0.280,26,0,0,0,0
5428,359.500,2.875,-88.312,0.020,-0.084,0.015,0.500,9.650,0.330,0.010,-0.130,0.040,-29.062,6.000,3.562,0.490,9.790,0.280,26,0,0,0,0
5437,359.500,2.875,-88.312,0.025,-0.089,0.022,0.470,9.660,0.210,-0.010,-0.120,-0.070,-29.062,6.000,3.562,0.490,9.790,0.280,26,0,0,0,0
5447,359.562,2.875,-88.312,0.013,-0.081,0.022,0.410,9.710,0.190,-0.080,-0.070,-0.080,-29.062,6.000,3.562,0.490,9.790,0.280,26,0,0,0,0
5458,359.562,2.875,-88.312,0.001,-0.062,0.023,0.430,9.720,0.260,-0.060,-0.060,-0.010,-29.062,6.000,3.562,0.490,9.780,0.280,26,0,0,0,0
5465,359.562,2.875,-88.312,0.000,-0.053,0.025,0.480,9.690,0.270,-0.010,-0.090,0.000,-28.688,6.000,2.750,0.500,9.780,0.280,26,0,0,0,0
5473,359.625,2.875,-88.312,0.000,-0.053,0.025,0.520,9.670,0.290,-0.010,-0.090,0.000,-28.688,6.000,2.750,0.500,9.780,0.270,26,0,0,0,0
5481,359.625,2.938,-88.312,-0.001,-0.047,0.022,0.500,9.630,0.220,0.010,-0.110,0.010,-28.688,6.000,2.750,0.500,9.780,0.270,26,0,0,0,0
5490,359.625,2.938,-88.312,-0.002,-0.047,0.026,0.510,9.670,0.250,0.000,-0.150,-0.050,-28.688,6.000,2.750,0.500,9.780,0.270,26,0,0,0,0
5500,359.625,2.938,-88.312,-0.004,-0.048,0.026,0.500,9.680,0.280,0.000,-0.110,-0.020,-28.688,6.000,2.750,0.510,9.780,0.270,26,0,0,0,0
5510,359.625,2.938,-88.312,-0.003,-0.046,0.026,0.500,9.680,0.280,0.000,-0.100,0.000,-28.688,6.000,2.750,0.510,9.780,0.270,26,0,0,0,0
5518,359.625,3.000,-88.312,-0.007,-0.045,0.027,0.420,9.680,0.250,-0.090,-0.100,-0.020,-28.688,6.750,3.500,0.510,9.780,0.270,26,0,0,0,0
5526,359.688,3.000,-88.312,-0.011,-0.034,0.024,0.490,9.730,0.240,-0.020,-0.050,-0.030,-28.688,6.750,3.500,0.510,9.780,0.270,26,0,0,0,0
5533,359.688,3.000,-88.312,-0.011,-0.034,0.024,0.480,9.710,0.190,-0.030,-0.070,-0.080,-28.688,6.750,3.500,0.510,9.780,0.280,26,0,0,0,0
5543,359.688,3.000,-88.312,-0.011,-0.029,0.025,0.480,9.680,0.200,-0.030,-0.100,-0.070,-28.688,6.750,3.500,0.520,9.780,0.280,26,0,0,0,0
5553,359.688,3.000,-88.312,-0.001,-0.028,0.023,0.530,9.620,0.220,0.010,-0.150,-0.050,-28.688,6.750,3.500,0.520,9.780,0.280,26,0,0,0,0
5562,359.688,3.062,-88.312,0.001,-0.026,0.023,0.610,9.640,0.250,0.010,-0.150,-0.050,-28.688,6.750,3.500,0.520,9.780,0.270,26,0,0,0,0
5570,359.688,3.062,-88.312,-0.003,-0.017,0.024,0.610,9.640,0.250,0.080,-0.140,-0.020,-29.500,5.250,4.000,0.520,9.780,0.270,26,0,0,0,0
5578,359.625,3.062,-88.312,-0.009,-0.008,0.021,0.640,9.670,0.270,0.110,-0.110,0.000,-29.500,5.250,4.000,0.520,9.780,0.270,26,0,0,0,0
5586,359.625,3.062,-88.312,-0.010,-0.002,0.017,0.570,9.670,0.180,0.040,-0.110,-0.090,-29.500,5.250,4.000,0.530,9.780,0.270,26,0,0,0,0
5595,359.625,3.062,-88.312,-0.012,0.008,0.019,0.430,9.650,0.300,-0.100,-0.120,0.020,-29.500,5.250,4.000,0.530,9.780,0.280,26,0,0,0,0
5605,359.625,3.062,-88.312,-0.013,0.016,0.016,0.430,9.700,0.360,-0.090,-0.080,0.080,-29.500,5.250,4.000,0.530,9.780,0.280,26,0,0,0,0
5613,359.625,3.062,-88.312,-0.013,0.016,0.016,0.520,9.720,0.300,0.000,-0.060,0.010,-29.875,6.250,3.500,0.530,9.780,0.280,26,0,0,0,0
5622,359.562,3.125,-88.312,-0.015,0.022,0.015,0.630,9.690,0.290,0.100,-0.090,0.000,-29.875,6.250,3.500,0.530,9.780,0.280,26,0,0,0,0
5632,359.562,3.125,-88.312,-0.012,0.022,0.016,0.690,9.670,0.340,0.150,-0.110,0.050,-29.875,6.250,3.500,0.530,9.780,0.280,26,0,0,0,0
5642,359.562,3.125,-88.312,-0.016,0.036,0.027,0.670,9.700,0.350,0.130,-0.080,0.070,-29.875,6.250,3.500,0.540,9.780,0.280,26,0,0,0,0
5652,359.500,3.125,-88.312,-0.010,0.041,0.028,0.630,9.690,0.350,0.130,-0.080,0.070,-29.875,6.250,3.500,0.540,9.780,0.280,26,0,0,0,0
5662,359.438,3.188,-88.312,-0.008,0.036,0.028,0.630,9.690,0.350,0.080,-0.090,0.060,-29.875,6.250,3.500,0.540,9.780,0.280,26,0,0,0,0
5669,359.438,3.188,-88.312,-0.007,0.033,0.023,0.650,9.680,0.360,0.100,-0.100,0.070,-29.500,5.875,4.250,0.540,9.780,0.280,26,0,0,0,0
5677,359.375,3.188,-88.250,-0.002,0.027,0.020,0.630,9.610,0.240,0.080,-0.170,-0.030,-29.500,5.875,4.250,0.550,9.780,0.280,26,0,0,0,0
5685,359.375,3.188,-88.250,0.004,0.035,0.020,0.630,9.610,0.190,0.080,-0.170,-0.090,-29.500,5.875,4.250,0.550,9.780,0.280,26,0,0,0,0
5694,359.375,3.188,-88.250,0.002,0.047,0.022,0.560,9.640,0.320,0.010,-0.130,0.030,-29.500,5.875,4.250,0.550,9.780,0.280,26,0,0,0,0
5704,359.312,3.188,-88.250,0.002,0.047,0.022,0.490,9.700,0.330,-0.060,-0.080,0.040,-29.500,5.875,4.250,0.550,9.780,0.280,26,0,0,0,0
5713,359.312,3.250,-88.250,0.002,0.046,0.021,0.430,9.730,0.320,-0.060,-0.080,0.040,-29.500,5.875,4.250,0.550,9.780,0.280,26,0,0,0,0
5721,359.250,3.250,-88.250,0.003,0.043,0.017,0.430,9.730,0.320,-0.120,-0.050,0.030,-29.188,5.875,2.188,0.550,9.780,0.280,26,0,0,0,0
5728,359.250,3.250,-88.250,0.000,0.045,0.013,0.490,9.710,0.270,-0.060,-0.070,-0.010,-29.188,5.875,2.188,0.550,9.780,0.280,26,0,0,0,0
5738,359.188,3.250,-88.250,0.003,0.048,0.014,0.560,9.650,0.110,0.000,-0.120,-0.170,-29.188,5.875,2.188,0.550,9.780,0.280,26,0,0,0,0
5748,359.125,3.250,-88.250,0.010,0.059,0.016,0.670,9.610,0.280,0.110,-0.170,0.000,-29.188,5.875,2.188,0.560,9.780,0.280,26,0,0,0,0
5758,359.062,3.250,-88.250,0.013,0.085,0.016,0.670,9.690,0.370,0.110,-0.090,0.080,-29.188,5.875,2.188,0.560,9.780,0.280,26,0,0,0,0
5766,359.062,3.250,-88.250,0.022,0.105,0.015,0.640,9.720,0.410,0.080,-0.060,0.120,-29.188,5.188,3.375,0.560,9.780,0.280,26,0,0,0,0
5774,359.000,3.250,-88.312,0.022,0.105,0.015,0.570,9.660,0.480,0.080,-0.060,0.120,-29.188,5.188,3.375,0.560,9.780,0.280,26,0,0,0,0
5781,358.938,3.250,-88.312,0.025,0.115,0.015,0.650,9.740,0.420,0.010,-0.110,0.200,-29.188,5.188,3.375,0.560,9.780,0.280,26,0,0,0,0
5790,358.875,3.312,-88.312,0.019,0.139,0.011,0.780,9.730,0.410,0.080,-0.030,0.130,-29.188,5.188,3.375,0.560,9.780,0.280,26,0,0,0,0
5800,358.812,3.312,-88.312,0.024,0.145,0.010,0.980,9.650,0.350,0.210,-0.050,0.120,-29.188,5.188,3.375,0.570,9.780,0.280,26,0,0,0,0
5811,358.688,3.312,-88.312,0.031,0.125,0.019,0.980,9.650,0.350,0.410,-0.120,0.070,-29.188,5.188,3.375,0.570,9.780,0.280,26,0,0,0,0
5819,358.625,3.312,-88.312,0.032,0.092,0.034,1.160,9.650,0.560,0.580,-0.130,0.270,-29.500,5.500,3.062,0.570,9.780,0.280,26,0,0,0,0
5826,358.562,3.375,-88.312,0.025,0.061,0.040,1.070,9.720,0.660,0.490,-0.060,0.380,-29.500,5.500,3.062,0.570,9.780,0.280,26,0,0,0,0
5836,358.562,3.375,-88.312,0.029,0.014,0.044,0.940,9.760,0.630,0.360,-0.020,0.350,-29.500,5.500,3.062,0.580,9.780,0.270,26,0,0,0,0
5846,358.500,3.375,-88.375,0.034,-0.024,0.036,0.790,9.770,0.590,0.200,0.000,0.310,-29.500,5.500,3.062,0.580,9.780,0.270,26,0,0,0,0
5857,358.500,3.438,-88.375,0.035,-0.045,0.033,0.540,9.660,0.560,-0.040,-0.120,0.290,-29.500,5.500,3.062,0.580,9.780,0.270,26,0,0,0,0
5864,358.500,3.438,-88.375,0.035,-0.045,0.033,0.640,9.670,0.550,0.050,-0.110,0.280,-29.875,7.375,3.375,0.590,9.780,0.260,26,0,0,0,0
5872,358.562,3.438,-88.438,0.044,-0.050,0.034,0.640,9.670,0.550,0.050,-0.110,0.280,-29.875,7.375,3.375,0.590,9.780,0.260,26,0,0,0,0
5880,358.562,3.438,-88.438,0.045,-0.052,0.038,0.780,9.700,0.460,0.180,-0.070,0.200,-29.875,7.375,3.375,0.600,9.780,0.250,26,0,0,0,0
5890,358.562,3.500,-88.500,0.053,-0.062,0.051,0.670,9.680,0.450,0.150,-0.100,0.150,-29.875,7.375,3.375,0.600,9.780,0.250,26,0,0,0,0
5900,358.562,3.500,-88.500,0.063,-0.068,0.055,0.540,9.690,0.430,0.060,-0.100,0.200,-29.875,7.375,3.375,0.610,9.780,0.240,26,0,0,0,0
5911,358.562,3.562,-88.562,0.076,-0.073,0.050,0.540,9.690,0.430,-0.060,-0.090,0.190,-29.875,7.375,3.375,0.610,9.780,0.240,26,0,0,0,0
5918,358.562,3.562,-88.562,0.081,-0.082,0.046,0.500,9.660,0.400,-0.100,-0.110,0.160,-29.875,6.562,3.500,0.610,9.780,0.230,26,0,0,0,0
5926,358.562,3.562,-88.562,0.083,-0.091,0.043,0.520,9.640,0.270,-0.090,-0.130,0.040,-29.875,6.562,3.500,0.620,9.780,0.230,26,0,0,0,0
5934,358.562,3.625,-88.625,0.083,-0.091,0.043,0.490,9.610,0.240,-0.120,-0.160,0.020,-29.875,6.562,3.500,0.620,9.780,0.220,26,0,0,0,0
5943,358.625,3.625,-88.688,0.085,-0.118,0.043,0.500,9.680,0.290,-0.120,-0.100,0.080,-29.875,6.562,3.500,0.620,9.780,0.210,26,0,0,0,0
5952,358.688,3.625,-88.688,0.079,-0.140,0.045,0.440,9.730,0.380,-0.180,-0.040,0.180,-29.875,6.562,3.500,0.630,9.780,0.200,26,0,0,0,0
5962,358.750,3.688,-88.750,0.070,-0.153,0.043,0.440,9.730,0.380,-0.180,-0.040,0.180,-29.875,6.562,3.500,0.630,9.780,0.200,26,0,0,0,0
5970,358.812,3.688,-88.812,0.065,-0.156,0.036,0.390,9.810,0.410,-0.230,0.020,0.210,-29.562,6.562,3.500,0.630,9.780,0.200,26,0,0,0,0
5978,358.875,3.688,-88.812,0.071,-0.170,0.028,0.450,9.720,0.310,-0.180,-0.050,0.120,-29.562,6.562,3.500,0.630,9.780,0.190,26,0,0,0,0
5985,358.875,3.688,-88.812,0.074,-0.158,0.034,0.450,9.720,0.220,-0.180,-0.060,0.030,-29.562,6.562,3.500,0.630,9.780,0.180,26,0,0,0,0
5995,359.000,3.688,-88.875,0.081,-0.163,0.037,0.340,9.730,0.180,-0.290,-0.040,0.000,-29.562,6.562,3.500,0.630,9.780,0.170,26,0,0,0,0
6004,359.062,3.688,-88.938,0.081,-0.163,0.037,0.240,9.720,0.210,-0.390,-0.060,0.040,-29.562,6.562,3.500,0.640,9.780,0.170,26,0,0,0,0
6013,359.125,3.750,-88.938,0.086,-0.157,0.048,0.150,9.650,0.210,-0.390,-0.060,0.040,-29.562,6.562,3.500,0.640,9.780,0.160,26,0,0,0,0
6021,359.188,3.750,-89.000,0.088,-0.157,0.052,0.150,9.650,0.210,-0.480,-0.120,0.040,-28.188,6.875,3.562,0.640,9.780,0.160,26,0,0,0,0
6029,359.250,3.750,-89.062,0.087,-0.151,0.056,0.040,9.620,0.110,-0.600,-0.150,-0.030,-28.188,6.875,3.562,0.640,9.780,0.150,26,0,0,0,0
6039,359.312,3.812,-89.125,0.094,-0.143,0.062,0.000,9.640,-0.170,-0.660,-0.130,-0.320,-28.188,6.875,3.562,0.650,9.780,0.140,26,0,0,0,0
6049,359.312,3.812,-89.188,0.098,-0.135,0.071,-0.030,9.630,-0.120,-0.690,-0.140,-0.260,-28.188,6.875,3.562,0.660,9.780,0.120,26,0,0,0,0
6060,359.312,3.875,-89.250,0.093,-0.135,0.079,-0.100,9.660,-0.140,-0.760,-0.110,-0.260,-28.188,6.875,3.562,0.660,9.780,0.120,26,0,0,0,0
6068,359.375,3.938,-89.312,0.088,-0.141,0.084,-0.310,9.660,-0.150,-0.990,-0.110,-0.270,-28.188,5.375,5.375,0.670,9.780,0.110,26,0,0,0,0
6076,359.375,3.938,-89.312,0.088,-0.141,0.084,-0.500,9.630,-0.180,-1.190,-0.140,-0.290,-28.188,5.375,5.375,0.680,9.780,0.100,26,0,0,0,0
6083,359.375,4.000,-89.375,0.080,-0.145,0.085,-0.670,9.570,-0.320,-1.360,-0.200,-0.420,-28.188,5.375,5.375,0.690,9.780,0.090,26,0,0,0,0
6094,359.438,4.000,-89.375,0.075,-0.148,0.089,-0.840,9.490,-0.330,-1.550,-0.290,-0.420,-28.188,5.375,5.375,0.700,9.780,0.080,26,0,0,0,0
6104,359.438,4.062,-89.438,0.079,-0.147,0.092,-1.220,9.500,-0.500,-1.930,-0.280,-0.580,-28.188,5.375,5.375,0.710,9.780,0.070,26,0,0,0,0
6113,359.500,4.125,-89.500,0.081,-0.139,0.092,-1.340,9.510,-0.550,-1.930,-0.280,-0.580,-28.188,5.375,5.375,0.720,9.770,0.070,26,0,0,0,0
6121,359.500,4.188,-89.562,0.088,-0.140,0.096,-1.340,9.510,-0.550,-2.060,-0.260,-0.620,-27.875,5.750,4.375,0.720,9.770,0.070,26,0,0,0,0
6129,359.500,4.250,-89.625,0.099,-0.154,0.098,-1.490,9.480,-0.640,-2.220,-0.290,-0.700,-27.875,5.750,4.375,0.730,9.770,0.050,26,0,0,0,0
6139,359.562,4.312,-89.688,0.100,-0.181,0.100,-1.630,9.500,-0.920,-2.370,-0.260,-0.970,-27.875,5.750,4.375,0.750,9.770,0.030,26,0,0,0,0
6150,359.625,4.375,-89.750,0.111,-0.225,0.103,-1.960,9.520,-1.170,-2.710,-0.250,-1.210,-27.875,5.750,4.375,0.750,9.770,0.020,26,0,0,0,0
6161,359.750,4.438,-89.812,0.111,-0.288,0.099,-2.180,9.590,-1.310,-2.940,-0.180,-1.330,-27.875,5.750,4.375,0.750,9.770,0.020,26,0,0,0,0
6168,359.875,4.438,-89.875,0.087,-0.346,0.089,-2.360,9.610,-1.500,-3.120,-0.160,-1.520,-29.250,4.750,5.688,0.760,9.770,0.010,26,0,0,0,0
6176,359.875,4.438,-89.875,0.087,-0.346,0.089,-2.730,9.590,-1.710,-3.510,-0.180,-1.720,-29.250,4.750,5.688,0.770,9.770,0.000,26,0,0,0,0
6184,0.000,4.500,-89.938,0.043,-0.404,0.094,-2.950,9.620,-1.850,-3.740,-0.150,-1.860,-29.250,4.750,5.688,0.780,9.770,0.000,26,0,0,0,0
6194,0.250,4.562,-89.938,-0.015,-0.456,0.104,-3.260,9.670,-1.740,-4.050,-0.090,-1.750,-29.250,4.750,5.688,0.790,9.770,0.000,26,0,0,0,0
6204,0.438,4.625,-89.938,-0.076,-0.506,0.094,-3.410,9.840,-1.710,-4.210,0.070,-1.720,-29.250,4.750,5.688,0.800,9.770,0.010,26,0,0,0,0
6214,0.688,4.688,-89.875,-0.130,-0.541,0.073,-3.200,9.970,-1.560,-4.210,0.070,-1.720,-29.250,4.750,5.688,0.800,9.770,0.020,26,0,0,0,0
6221,1.000,4.688,-89.812,-0.142,-0.561,0.036,-3.200,9.970,-1.560,-4.010,0.200,-1.590,-28.875,6.375,5.375,0.800,9.770,0.020,26,0,0,0,0
6229,1.312,4.688,-89.812,-0.095,-0.569,-0.017,-2.840,9.980,-1.580,-3.640,0.210,-1.610,-28.875,6.375,5.375,0.800,9.770,0.020,26,0,0,0,0
6240,1.688,4.625,-89.812,-0.010,-0.593,-0.077,-2.640,10.230,-1.760,-3.440,0.450,-1.790,-28.875,6.375,5.375,0.780,9.770,0.010,26,0,0,0,0
6250,2.125,4.562,-89.875,0.071,-0.613,-0.101,-1.880,11.160,-1.590,-2.970,1.040,-1.570,-28.875,6.375,5.375,0.780,9.770,0.000,26,0,0,0,0
6261,2.438,4.562,-90.000,0.182,-0.589,-0.080,-1.880,11.160,-1.590,-2.660,1.380,-1.590,-28.875,6.375,5.375,0.780,9.770,0.000,26,0,0,0,0
6269,2.812,4.500,-90.188,0.289,-0.571,-0.095,-1.500,11.500,-1.600,-2.270,1.720,-1.560,-30.188,6.000,6.188,0.770,9.770,-0.040,26,0,0,0,0
6276,2.812,4.500,-90.188,0.371,-0.529,-0.110,-1.020,11.670,-1.620,-1.790,1.900,-1.540,-30.188,6.000,6.188,0.760,9.770,-0.070,26,0,0,0,0
6284,3.188,4.438,-90.438,0.371,-0.529,-0.110,-0.510,11.760,-1.920,-1.260,1.990,-1.790,-30.188,6.000,6.188,0.750,9.770,-0.120,26,0,0,0,0
6294,3.500,4.375,-90.688,0.458,-0.511,-0.088,-1.100,11.840,-2.090,-1.850,2.060,-1.900,-30.188,6.000,6.188,0.740,9.770,-0.180,26,0,0,0,0
6305,3.750,4.312,-91.062,0.556,-0.543,-0.036,-1.820,12.200,-2.090,-2.570,2.430,-1.840,-30.188,6.000,6.188,0.740,9.770,-0.240,26,0,0,0,0
6314,4.062,4.312,-91.438,0.646,-0.569,0.014,-1.910,12.180,-2.010,-2.570,2.430,-1.840,-30.188,6.000,6.188,0.740,9.770,-0.320,26,0,0,0,0
6322,4.312,4.312,-91.875,0.724,-0.487,0.001,-1.910,12.180,-2.010,-2.650,2.400,-1.690,-31.062,5.000,6.750,0.740,9.770,-0.320,26,0,0,0,0
6329,4.500,4.312,-92.312,0.779,-0.364,-0.050,-0.680,11.120,-1.590,-1.430,1.350,-1.200,-31.062,5.000,6.750,0.740,9.770,-0.390,26,0,0,0,0
6340,4.688,4.250,-92.688,0.735,-0.274,-0.035,-0.220,10.980,-1.350,-0.960,1.220,-0.880,-31.062,5.000,6.750,0.730,9.760,-0.520,26,0,0,0,0
6350,4.750,4.250,-93.062,0.622,-0.141,-0.026,0.650,10.590,-0.590,-0.540,1.100,-0.600,-31.062,5.000,6.750,0.720,9.760,-0.580,26,0,0,0,0
6361,4.750,4.188,-93.375,0.548,-0.053,-0.071,0.650,10.590,-0.590,-0.070,0.820,-0.010,-31.062,5.000,6.750,0.720,9.760,-0.580,26,0,0,0,0
6369,4.812,4.125,-93.625,0.471,0.047,-0.176,1.160,10.330,-0.380,0.450,0.570,0.230,-30.688,4.188,7.250,0.700,9.760,-0.620,26,0,0,0,0
6376,4.812,4.125,-93.625,0.408,0.140,-0.284,1.870,10.110,-0.230,1.180,0.350,0.420,-30.688,4.188,7.250,0.680,9.760,-0.660,26,0,0,0,0
6385,4.875,3.938,-93.875,0.408,0.140,-0.284,2.450,9.950,-0.410,1.800,0.190,0.270,-30.688,4.188,7.250,0.640,9.760,-0.690,26,0,0,0,0
6395,5.000,3.750,-94.062,0.356,0.135,-0.404,2.590,9.710,-0.360,1.990,-0.050,0.350,-30.688,4.188,7.250,0.590,9.760,-0.720,26,0,0,0,0
6405,5.250,3.500,-94.188,0.273,-0.091,-0.574,2.940,9.520,-0.390,2.400,-0.230,0.350,-30.688,4.188,7.250,0.540,9.760,-0.750,26,0,0,0,0
6414,5.625,3.125,-94.375,0.273,-0.091,-0.574,2.950,9.640,-0.370,2.400,-0.230,0.350,-30.688,4.188,7.250,0.480,9.760,-0.770,26,0,0,0,0
6422,6.125,2.812,-94.500,0.217,-0.217,-0.645,2.950,9.640,-0.370,2.470,-0.120,0.390,-30.688,3.875,6.562,0.480,9.760,-0.770,26,0,0,0,0
6430,6.750,2.375,-94.562,0.134,-0.382,-0.686,3.250,9.870,-0.360,2.830,0.110,0.420,-30.688,3.875,6.562,0.410,9.760,-0.780,26,0,0,0,0
6440,7.438,2.000,-94.625,0.085,-0.531,-0.699,3.790,9.810,-0.610,3.450,0.040,0.180,-30.688,3.875,6.562,0.270,9.760,-0.800,26,0,0,0,0
6451,8.188,1.562,-94.688,0.052,-0.660,-0.671,3.610,9.680,-0.680,3.570,-0.010,0.220,-30.688,3.875,6.562,0.210,9.770,-0.800,26,0,0,0,0
6461,9.000,1.188,-94.688,0.024,-0.807,-0.612,3.610,9.680,-0.680,3.390,-0.080,0.110,-30.688,3.875,6.562,0.210,9.770,-0.800,26,0,0,0,0
6469,9.938,0.812,-94.750,0.034,-0.910,-0.620,3.220,8.820,-0.790,3.080,-0.940,0.020,-31.062,1.375,5.875,0.140,9.770,-0.810,26,0,0,0,0
6477,9.938,0.812,-94.750,0.034,-0.910,-0.620,2.650,8.350,-0.810,2.570,-1.410,0.000,-31.062,1.375,5.875,0.070,9.770,-0.820,26,0,0,0,0
6484,10.812,0.438,-94.812,0.095,-0.951,-0.622,1.840,8.410,-0.990,1.830,-1.350,-0.150,-31.062,1.375,5.875,0.000,9.770,-0.830,26,0,0,0,0
6495,11.812,0.000,-94.875,0.133,-1.018,-0.650,1.510,8.810,-0.930,1.580,-0.950,-0.080,-31.062,1.375,5.875,-0.060,9.760,-0.850,26,0,0,0,0
6505,12.812,-0.375,-94.938,0.152,-1.048,-0.695,1.610,9.130,-0.410,1.750,-0.630,0.440,-31.062,1.375,5.875,-0.140,9.760,-0.860,26,0,0,0,0
6514,13.812,-0.812,-95.062,0.171,-0.977,-0.749,1.150,8.970,-0.440,1.750,-0.630,0.440,-31.062,1.375,5.875,-0.220,9.760,-0.880,26,0,0,0,0
6522,14.812,-1.250,-95.125,0.201,-0.910,-0.754,1.150,8.970,-0.440,1.380,-0.780,0.430,-31.375,-0.875,7.375,-0.220,9.760,-0.880,26,0,0,0,0
6530,15.750,-1.750,-95.250,0.188,-0.856,-0.797,1.100,8.880,-0.380,1.410,-0.870,0.510,-31.375,-0.875,7.375,-0.300,9.760,-0.890,26,0,0,0,0
6540,16.750,-2.312,-95.312,0.136,-0.801,-0.885,0.690,9.000,-0.330,1.090,-0.740,0.570,-31.375,-0.875,7.375,-0.490,9.750,-0.910,26,0,0,0,0
6551,17.750,-2.875,-95.312,0.111,-0.757,-0.997,-0.040,8.970,-0.090,0.830,-0.640,0.710,-31.375,-0.875,7.375,-0.600,9.740,-0.920,26,0,0,0,0
6561,18.812,-3.500,-95.375,0.145,-0.705,-1.068,-0.040,8.970,-0.090,0.560,-0.760,0.830,-31.375,-0.875,7.375,-0.600,9.740,-0.920,26,0,0,0,0
6569,19.750,-4.125,-95.500,0.196,-0.604,-1.077,-0.360,8.770,0.000,0.340,-0.950,0.930,-32.062,-2.750,8.875,-0.710,9.730,-0.940,26,0,0,0,0
6577,19.750,-4.125,-95.500,0.229,-0.476,-1.084,-0.630,8.400,-0.020,0.180,-1.310,0.930,-32.062,-2.750,8.875,-0.810,9.720,-0.950,26,0,0,0,0
6584,20.688,-4.750,-95.625,0.229,-0.476,-1.084,-0.750,8.390,-0.190,0.160,-1.310,0.780,-32.062,-2.750,8.875,-0.920,9.710,-0.970,26,0,0,0,0
6594,21.500,-5.375,-95.688,0.219,-0.332,-1.105,-1.090,8.600,-0.410,-0.060,-1.090,0.570,-32.062,-2.750,8.875,-1.030,9.700,-0.990,26,0,0,0,0
6605,22.312,-6.000,-95.812,0.181,-0.235,-1.138,-0.960,8.720,-0.550,0.180,-0.960,0.450,-32.062,-2.750,8.875,-1.140,9.680,-1.000,26,0,0,0,0
6614,23.000,-6.688,-95.875,0.164,-0.124,-1.144,-0.960,8.140,-0.760,0.180,-0.960,0.450,-32.062,-2.750,8.875,-1.250,9.670,-1.020,26,0,0,0,0
6622,23.625,-7.312,-96.000,0.185,0.024,-1.148,-0.960,8.140,-0.760,0.280,-1.520,0.260,-32.688,-4.875,8.688,-1.250,9.670,-1.020,26,0,0,0,0
6630,24.188,-7.938,-96.125,0.201,0.183,-1.155,-0.840,8.120,-0.890,0.510,-1.530,0.140,-32.688,-4.875,8.688,-1.350,9.650,-1.040,26,0,0,0,0
6640,24.688,-8.562,-96.312,0.217,0.322,-1.167,-0.690,8.130,-1.010,0.760,-1.500,0.040,-32.688,-4.875,8.688,-1.560,9.610,-1.090,26,0,0,0,0
6651,25.062,-9.125,-96.500,0.238,0.441,-1.130,-0.740,8.140,-1.180,0.810,-1.460,-0.080,-32.688,-4.875,8.688,-1.650,9.590,-1.130,26,0,0,0,0
6661,25.375,-9.688,-96.688,0.268,0.539,-1.093,-0.750,8.170,-1.420,0.900,-1.420,-0.290,-32.688,-4.875,8.688,-1.650,9.590,-1.130,26,0,0,0,0
6669,25.625,-10.312,-96.938,0.315,0.659,-1.124,-0.670,8.110,-1.460,1.070,-1.460,-0.280,-30.062,-6.250,8.688,-1.750,9.570,-1.170,26,0,0,0,0
6677,25.625,-10.312,-96.938,0.315,0.659,-1.124,-0.610,8.070,-1.380,1.230,-1.470,-0.170,-30.062,-6.250,8.688,-1.850,9.550,-1.210,26,0,0,0,0
6685,25.812,-10.875,-97.188,0.309,0.767,-1.152,-0.470,8.240,-1.430,1.470,-1.280,-0.170,-30.062,-6.250,8.688,-1.950,9.520,-1.250,26,0,0,0,0
6695,26.000,-11.438,-97.500,0.278,0.814,-1.179,-0.600,8.350,-1.510,1.440,-1.140,-0.220,-30.062,-6.250,8.688,-2.050,9.500,-1.290,26,0,0,0,0
6705,26.188,-12.062,-97.688,0.254,0.777,-1.200,-0.890,8.410,-1.600,1.260,-1.060,-0.280,-30.062,-6.250,8.688,-2.150,9.470,-1.320,26,0,0,0,0
6714,26.500,-12.625,-97.938,0.221,0.659,-1.174,-1.700,8.500,-1.710,1.260,-1.060,-0.280,-30.062,-6.250,8.688,-2.240,9.440,-1.350,26,0,0,0,0
6722,26.812,-13.250,-98.125,0.203,0.545,-1.121,-1.700,8.500,-1.710,0.530,-0.940,-0.350,-29.062,-12.562,10.375,-2.240,9.440,-1.350,26,0,0,0,0
6730,27.125,-13.750,-98.312,0.207,0.472,-1.067,-1.960,8.520,-1.880,0.370,-0.890,-0.490,-29.062,-12.562,10.375,-2.340,9.420,-1.380,26,0,0,0,0
6740,27.438,-14.312,-98.562,0.226,0.407,-0.989,-2.670,8.720,-2.390,-0.240,-0.660,-0.970,-29.062,-12.562,10.375,-2.490,9.370,-1.440,26,0,0,0,0
6751,27.750,-14.688,-98.750,0.221,0.328,-0.838,-3.100,8.770,-2.530,-0.610,-0.590,-1.080,-29.062,-12.562,10.375,-2.550,9.350,-1.470,26,0,0,0,0
6762,28.000,-15.062,-98.938,0.245,0.327,-0.702,-3.230,8.400,-2.830,-0.680,-0.940,-1.360,-29.062,-12.562,10.375,-2.550,9.350,-1.470,26,0,0,0,0
6770,28.188,-15.375,-99.125,0.236,0.262,-0.573,-3.320,8.250,-3.010,-0.710,-1.080,-1.510,-28.562,-14.750,8.500,-2.600,9.330,-1.500,26,0,0,0,0
6777,28.188,-15.375,-99.125,0.237,0.177,-0.468,-3.590,8.100,-2.750,-0.940,-1.210,-1.220,-28.562,-14.750,8.500,-2.640,9.310,-1.520,26,0,0,0,0
6785,28.375,-15.625,-99.312,0.237,0.177,-0.468,-4.320,8.140,-2.660,-1.640,-1.150,-1.110,-28.562,-14.750,8.500,-2.670,9.300,-1.550,26,0,0,0,0
6796,28.625,-15.812,-99.438,0.280,-0.062,-0.396,-4.840,8.040,-2.790,-2.120,-1.240,-1.210,-28.562,-14.750,8.500,-2.710,9.280,-1.570,26,0,0,0,0
6806,28.938,-16.062,-99.625,0.285,-0.133,-0.348,-5.050,8.340,-2.210,-2.300,-0.930,-0.610,-28.562,-14.750,8.500,-2.740,9.270,-1.600,26,0,0,0,0
6815,29.250,-16.250,-99.750,0.285,-0.133,-0.348,-5.010,8.200,-2.330,-2.300,-0.930,-0.610,-28.562,-14.750,8.500,-2.770,9.260,-1.610,26,0,0,0,0
6823,29.562,-16.438,-99.875,0.245,-0.164,-0.275,-5.010,8.200,-2.330,-2.240,-1.060,-0.710,-28.250,-18.188,8.750,-2.770,9.260,-1.610,26,0,0,0,0
6830,29.875,-16.562,-100.000,0.251,-0.278,-0.251,-3.980,7.720,-2.340,-1.180,-1.530,-0.700,-28.250,-18.188,8.750,-2.800,9.250,-1.630,26,0,0,0,0
6841,30.250,-16.688,-100.062,0.253,-0.333,-0.188,-3.430,7.720,-2.150,-0.600,-1.520,-0.510,-28.250,-18.188,8.750,-2.840,9.230,-1.650,26,0,0,0,0
6851,30.625,-16.812,-100.125,0.195,-0.391,-0.111,-2.790,8.010,-1.710,-0.290,-1.350,-0.380,-28.250,-18.188,8.750,-2.850,9.230,-1.650,26,0,0,0,0
6862,30.938,-16.875,-100.125,0.167,-0.476,-0.038,-2.790,8.010,-1.710,0.060,-1.220,-0.050,-28.250,-18.188,8.750,-2.850,9.230,-1.650,26,0,0,0,0
6870,31.312,-16.875,-100.125,0.156,-0.551,0.062,-2.530,8.050,-1.530,0.320,-1.180,0.120,-27.375,-22.250,8.375,-2.850,9.230,-1.650,26,0,0,0,0
6877,31.312,-16.875,-100.125,0.141,-0.613,0.177,-2.660,8.000,-1.540,0.180,-1.230,0.100,-27.375,-22.250,8.375,-2.850,9.230,-1.650,26,0,0,0,0
6885,31.625,-16.875,-100.125,0.141,-0.613,0.177,-2.880,7.920,-1.470,-0.050,-1.320,0.170,-27.375,-22.250,8.375,-2.830,9.240,-1.640,26,0,0,0,0
6896,31.875,-16.750,-100.062,0.134,-0.616,0.293,-2.790,7.930,-1.360,0.010,-1.310,0.270,-27.375,-22.250,8.375,-2.800,9.250,-1.630,26,0,0,0,0
6906,32.062,-16.625,-100.000,0.072,-0.591,0.489,-2.610,8.030,-1.240,0.150,-1.230,0.370,-27.375,-22.250,8.375,-2.770,9.260,-1.620,26,0,0,0,0
6915,32.188,-16.375,-99.938,0.072,-0.591,0.489,-2.460,8.130,-1.140,0.150,-1.230,0.370,-27.375,-22.250,8.375,-2.720,9.270,-1.610,26,0,0,0,0
6923,32.188,-16.125,-99.812,0.009,-0.563,0.591,-2.460,8.130,-1.140,0.260,-1.140,0.460,-29.562,-20.188,9.062,-2.720,9.270,-1.610,26,0,0,0,0
6930,32.125,-15.812,-99.688,-0.056,-0.532,0.687,-2.400,8.180,-0.970,0.260,-1.110,0.620,-29.562,-20.188,9.062,-2.670,9.290,-1.590,26,0,0,0,0
6941,31.938,-15.438,-99.562,-0.133,-0.442,0.780,-2.310,8.590,-0.300,0.290,-0.730,1.270,-29.562,-20.188,9.062,-2.540,9.340,-1.540,26,0,0,0,0
6951,31.625,-15.000,-99.312,-0.231,-0.337,0.853,-0.670,10.230,-0.930,0.870,-0.130,1.310,-29.562,-20.188,9.062,-2.460,9.370,-1.500,26,0,0,0,0
6962,31.250,-14.500,-99.125,-0.326,-0.280,0.928,-0.670,10.230,-0.930,1.780,0.860,0.560,-29.562,-20.188,9.062,-2.460,9.370,-1.500,26,0,0,0,0
6970,30.812,-14.000,-98.812,-0.387,-0.302,0.985,0.450,11.610,-1.920,2.820,2.210,-0.460,-28.500,-22.688,10.750,-2.370,9.400,-1.460,26,0,0,0,0
6978,30.812,-14.000,-98.812,-0.383,-0.459,0.972,-3.240,13.820,-6.220,-0.950,4.400,-4.800,-28.500,-22.688,10.750,-2.290,9.420,-1.410,26,0,0,0,0
6986,30.500,-13.500,-98.500,-0.316,-0.626,0.822,-8.710,12.380,-5.950,-6.480,2.930,-4.580,-28.500,-22.688,10.750,-2.220,9.450,-1.370,26,0,0,0,0
6996,30.438,-13.062,-98.250,-0.361,-0.505,0.556,-14.280,11.770,-4.660,-12.100,2.310,-3.330,-28.500,-22.688,10.750,-2.180,9.460,-1.330,26,0,0,0,0
7006,30.375,-12.812,-98.000,-0.662,0.052,0.253,-13.120,12.900,-3.550,-10.960,3.420,-2.280,-28.500,-22.688,10.750,-2.150,9.480,-1.270,26,0,0,0,0
7015,30.125,-12.688,-97.625,-0.662,0.052,0.253,-8.120,13.200,-3.710,-10.960,3.420,-2.280,-28.500,-22.688,10.750,-2.140,9.490,-1.190,26,0,0,0,0
7023,29.562,-12.625,-97.188,-0.944,0.591,0.061,-8.120,13.200,-3.710,-5.980,3.700,-2.510,-29.500,-22.188,10.188,-2.140,9.490,-1.190,26,0,0,0,0
7031,28.688,-12.375,-96.750,-0.920,1.029,0.266,-4.960,12.780,-3.770,-2.850,3.270,-2.640,-29.500,-22.188,10.188,-2.100,9.500,-1.130,26,0,0,0,0
7041,27.500,-12.000,-96.562,-0.638,1.331,0.542,-3.820,11.840,-3.070,-1.770,2.310,-1.970,-29.500,-22.188,10.188,-1.960,9.540,-1.080,26,0,0,0,0
7052,26.125,-11.500,-96.500,-0.452,1.493,0.693,1.970,8.510,-0.250,2.210,-0.230,-0.110,-29.500,-22.188,10.188,-1.880,9.560,-1.060,26,0,0,0,0
7063,24.875,-11.062,-96.312,-0.520,1.300,0.733,1.970,8.510,-0.250,3.860,-1.050,0.800,-29.500,-22.188,10.188,-1.880,9.560,-1.060,26,0,0,0,0
7070,23.688,-10.500,-96.125,-0.577,0.948,0.904,2.780,7.790,0.390,4.570,-1.790,1.420,-31.500,-18.875,9.375,-1.780,9.580,-1.020,26,0,0,0,0
7078,23.688,-10.500,-96.125,-0.530,0.516,0.953,2.390,7.050,1.030,4.090,-2.550,2.020,-31.500,-18.875,9.375,-1.690,9.600,-0.980,26,0,0,0,0
7086,22.812,-9.938,-95.812,-0.568,0.218,0.836,0.480,7.230,1.540,2.090,-2.390,2.480,-31.500,-18.875,9.375,-1.610,9.620,-0.930,26,0,0,0,0
7096,22.188,-9.438,-95.562,-0.620,0.093,0.695,-0.430,7.330,1.730,1.110,-2.300,2.620,-31.500,-18.875,9.375,-1.550,9.640,-0.880,26,0,0,0,0
7106,21.688,-9.062,-95.188,-0.608,0.052,0.631,-1.130,7.810,1.440,0.350,-1.840,2.270,-31.500,-18.875,9.375,-1.490,9.650,-0.820,26,0,0,0,0
7115,21.250,-8.688,-94.875,-0.608,0.052,0.631,-1.450,10.030,1.910,0.350,-1.840,2.270,-31.500,-18.875,9.375,-1.430,9.670,-0.760,26,0,0,0,0
7123,20.812,-8.375,-94.500,-0.635,0.011,0.595,-1.450,10.030,1.910,-0.020,0.360,2.670,-32.500,-18.062,6.062,-1.430,9.670,-0.760,26,0,0,0,0
7131,20.438,-8.062,-94.125,-0.639,0.088,0.549,-0.690,11.080,0.400,0.680,1.390,1.110,-32.500,-18.062,6.062,-1.380,9.680,-0.700,26,0,0,0,0
7141,19.938,-7.750,-93.812,-0.607,0.207,0.605,1.080,11.130,-0.980,2.410,1.430,-0.320,-32.500,-18.062,6.062,-1.250,9.700,-0.600,26,0,0,0,0
7152,19.250,-7.312,-93.500,-0.592,0.372,0.699,3.740,9.200,-0.050,3.790,0.660,-0.940,-32.500,-18.062,6.062,-1.170,9.720,-0.540,26,0,0,0,0
7163,18.625,-6.875,-93.188,-0.654,0.253,0.815,3.740,9.200,-0.050,4.920,-0.510,0.490,-32.500,-18.062,6.062,-1.170,9.720,-0.540,26,0,0,0,0
7171,18.062,-6.375,-92.812,-0.687,0.032,0.893,4.300,9.280,1.010,5.400,-0.440,1.490,-33.250,-16.375,4.750,-1.090,9.730,-0.480,26,0,0,0,0
7178,18.062,-6.375,-92.812,-0.731,-0.164,0.877,3.810,9.430,2.170,4.820,-0.310,2.580,-33.250,-16.375,4.750,-1.010,9.740,-0.400,26,0,0,0,0
7191,17.375,-5.438,-91.875,-0.865,-0.490,0.791,1.260,10.160,2.520,2.200,0.400,2.850,-33.250,-16.375,4.750,-0.930,9.750,-0.320,26,0,0,0,0
7201,17.312,-5.125,-91.375,-0.876,-0.616,0.650,0.660,9.950,2.280,1.540,0.190,2.520,-33.250,-16.375,4.750,-0.820,9.770,-0.160,26,0,0,0,0
7212,17.250,-4.812,-90.938,-0.696,-0.437,0.571,0.320,9.460,2.080,1.140,-0.300,2.240,-33.250,-16.375,4.750,-0.820,9.770,-0.160,26,0,0,0,0
7220,17.062,-4.500,-90.562,-0.628,-0.251,0.552,0.180,9.330,1.490,0.960,-0.440,1.590,-34.562,-16.062,5.250,-0.770,9.770,-0.100,26,0,0,0,0
7228,17.062,-4.500,-90.562,-0.628,-0.251,0.552,0.980,9.540,1.380,1.700,-0.230,1.430,-34.562,-16.062,5.250,-0.710,9.780,-0.040,26,0,0,0,0
7236,16.750,-4.188,-90.188,-0.653,-0.105,0.587,1.820,9.730,1.600,2.480,-0.040,1.580,-34.562,-16.062,5.250,-0.650,9.780,0.020,26,0,0,0,0
7246,16.312,-3.812,-89.812,-0.686,0.035,0.688,2.550,9.840,1.840,3.120,0.050,1.750,-34.562,-16.062,5.250,-0.570,9.780,0.090,26,0,0,0,0
7256,15.750,-3.312,-89.438,-0.754,0.110,0.879,2.850,10.040,2.030,3.340,0.240,1.870,-34.562,-16.062,5.250,-0.490,9.790,0.160,26,0,0,0,0
7266,15.188,-2.875,-89.000,-0.754,0.110,0.879,2.250,10.310,1.790,3.340,0.240,1.870,-34.562,-16.062,5.250,-0.410,9.790,0.230,26,0,0,0,0
7273,14.688,-2.375,-88.625,-0.726,-0.023,0.864,2.250,10.310,1.790,2.660,0.520,1.550,-35.688,-14.688,4.250,-0.410,9.790,0.230,26,0,0,0,0
7281,14.312,-1.875,-88.250,-0.656,-0.106,0.860,2.140,10.270,1.370,2.460,0.470,1.080,-35.688,-14.688,4.250,-0.320,9.790,0.290,26,0,0,0,0
7291,13.875,-1.375,-87.875,-0.623,-0.156,0.880,1.970,10.180,1.010,2.210,0.380,0.660,-35.688,-14.688,4.250,-0.150,9.790,0.410,26,0,0,0,0
7302,13.438,-0.875,-87.562,-0.644,-0.200,0.920,1.660,10.020,0.880,1.750,0.350,0.460,-35.688,-14.688,4.250,-0.060,9.790,0.470,26,0,0,0,0
7313,13.000,-0.375,-87.188,-0.646,-0.160,0.941,1.660,10.020,0.880,1.720,0.220,0.400,-35.688,-14.688,4.250,-0.060,9.790,0.470,26,0,0,0,0
7321,12.500,0.125,-86.875,-0.596,-0.095,0.970,1.630,9.760,0.980,1.610,-0.020,0.440,-37.188,-13.375,3.375,0.020,9.790,0.530,26,0,0,0,0
7328,12.500,0.125,-86.875,-0.587,-0.064,1.005,1.650,9.730,0.910,1.530,-0.050,0.320,-37.188,-13.375,3.375,0.120,9.780,0.580,26,0,0,0,0
7338,12.000,0.688,-86.500,-0.576,-0.073,0.993,1.470,9.630,0.900,1.250,-0.140,0.250,-37.188,-13.375,3.375,0.210,9.780,0.640,26,0,0,0,0
7348,11.500,1.250,-86.188,-0.511,-0.057,0.995,1.100,9.740,0.890,0.790,-0.020,0.200,-37.188,-13.375,3.375,0.300,9.770,0.690,26,0,0,0,0
7358,11.000,1.750,-85.938,-0.406,0.014,1.050,0.610,9.620,0.880,0.200,-0.140,0.150,-37.188,-13.375,3.375,0.400,9.770,0.730,26,0,0,0,0
7367,10.375,2.375,-85.688,-0.406,0.014,1.050,0.710,9.090,0.860,0.200,-0.140,0.150,-37.562,-13.188,2.250,0.510,9.760,0.750,26,0,0,0,0
7374,9.688,3.000,-85.500,-0.289,0.124,1.160,0.710,9.090,0.860,0.200,-0.660,0.100,-37.562,-13.188,2.250,0.510,9.760,0.750,26,0,0,0,0
7382,9.000,3.625,-85.375,-0.276,0.148,1.134,0.690,8.720,0.980,0.070,-1.030,0.190,-37.562,-13.188,2.250,0.720,9.740,0.820,26,0,0,0,0
7392,8.438,4.188,-85.125,-0.442,0.017,1.066,0.190,9.460,1.000,-0.120,-0.820,0.180,-37.562,-13.188,2.250,0.820,9.730,0.890,26,0,0,0,0
7403,7.938,4.812,-84.750,-0.719,-0.120,1.080,-0.120,9.710,1.050,-0.630,-0.260,0.100,-37.562,-13.188,2.250,0.930,9.710,0.970,26,0,0,0,0
7414,7.438,5.438,-84.250,-0.836,-0.207,1.107,-0.120,9.710,1.050,-1.050,0.000,0.080,-37.562,-13.188,2.250,0.930,9.710,0.970,26,0,0,0,0
7422,7.000,6.062,-83.812,-0.832,-0.220,1.072,-0.220,9.510,1.010,-1.260,-0.170,-0.020,-39.500,-11.875,2.062,1.030,9.690,1.040,26,0,0,0,0
7429,7.000,6.062,-83.812,-0.830,-0.257,1.057,-0.260,9.390,1.100,-1.400,-0.280,-0.020,-39.500,-11.875,2.062,1.130,9.670,1.120,26,0,0,0,0
7439,6.562,6.625,-83.375,-0.882,-0.269,1.097,-0.270,9.640,1.120,-1.520,0.000,-0.070,-39.500,-11.875,2.062,1.240,9.650,1.200,26,0,0,0,0
7449,5.750,7.875,-82.312,-0.988,-0.277,1.105,-0.640,9.310,1.200,-1.990,-0.310,-0.080,-39.500,-11.875,2.062,1.350,9.620,1.290,26,0,0,0,0
7459,5.375,8.500,-81.750,-1.052,-0.281,1.088,-0.550,9.480,1.080,-2.000,-0.110,-0.300,-39.500,-11.875,2.062,1.450,9.590,1.380,26,0,0,0,0
7467,5.375,8.500,-81.750,-1.052,-0.281,1.088,-0.380,9.630,1.080,-1.940,0.060,-0.390,-40.062,-9.562,1.062,1.560,9.560,1.480,26,0,0,0,0
7475,4.938,9.125,-81.125,-1.136,-0.275,1.100,-0.380,9.630,1.080,-1.940,0.060,-0.390,-40.062,-9.562,1.062,1.670,9.530,1.580,26,0,0,0,0
7482,4.562,9.812,-80.500,-1.182,-0.336,1.179,-0.890,10.120,1.110,-2.560,0.590,-0.470,-40.062,-9.562,1.062,1.800,9.490,1.680,26,0,0,0,0
7493,4.062,10.562,-79.875,-1.112,-0.323,1.338,-0.230,9.800,0.970,-2.330,0.430,-0.610,-40.062,-9.562,1.062,1.940,9.440,1.760,26,0,0,0,0
7503,3.500,11.375,-79.375,-0.968,-0.301,1.436,-0.090,9.880,0.970,-2.170,0.350,-0.790,-40.062,-9.562,1.062,2.070,9.400,1.840,26,0,0,0,0
7514,2.875,12.188,-78.875,-0.903,-0.319,1.461,-0.090,9.880,0.970,-2.170,0.480,-0.870,-40.062,-9.562,1.062,2.210,9.350,1.910,26,0,0,0,0
7522,2.312,13.062,-78.438,-0.770,-0.278,1.468,-0.040,9.580,1.240,-2.260,0.220,-0.660,-41.562,-8.875,0.562,2.210,9.350,1.910,26,0,0,0,0
7530,1.688,13.812,-78.062,-0.660,-0.254,1.413,0.480,9.410,1.290,-1.860,0.100,-0.660,-41.562,-8.875,0.562,2.340,9.310,1.960,26,0,0,0,0
7539,1.125,14.562,-77.688,-0.692,-0.212,1.322,1.100,9.560,1.250,-1.370,0.290,-0.760,-41.562,-8.875,0.562,2.470,9.270,2.020,26,0,0,0,0
7550,0.625,15.250,-77.250,-0.741,-0.214,1.227,1.570,9.740,1.610,-1.010,0.510,-0.460,-41.562,-8.875,0.562,2.580,9.220,2.080,26,0,0,0,0
7560,0.188,15.938,-76.875,-0.712,-0.280,1.131,2.030,9.380,2.150,-0.650,0.190,0.020,-41.562,-8.875,0.562,2.690,9.180,2.130,26,0,0,0,0
7568,0.188,15.938,-76.875,-0.712,-0.280,1.131,2.000,9.150,2.240,-0.790,0.010,0.050,-42.000,-6.875,0.062,2.790,9.140,2.180,26,0,0,0,0
7575,359.812,16.562,-76.500,-0.662,-0.360,1.102,1.960,9.290,2.370,-0.790,0.010,0.050,-42.000,-6.875,0.062,2.900,9.090,2.230,26,0,0,0,0
7583,359.500,17.250,-76.188,-0.674,-0.459,1.137,1.720,9.830,2.000,-0.940,0.200,0.130,-42.000,-6.875,0.062,3.020,9.040,2.280,26,0,0,0,0
7593,359.125,17.938,-75.812,-0.713,-0.550,1.182,1.670,9.900,1.790,-1.290,0.790,-0.280,-42.000,-6.875,0.062,3.140,8.990,2.320,26,0,0,0,0
7604,358.812,18.688,-75.438,-0.717,-0.625,1.230,1.560,9.950,1.700,-1.470,0.910,-0.530,-42.000,-6.875,0.062,3.260,8.930,2.360,26,0,0,0,0
7909,356.750,30.125,-87.938,0.782,0.285,-2.129,6.900,13.130,3.030,2.150,4.560,2.780,-41.562,4.000,7.375,4.750,8.570,0.250,26,0,0,0,1
7918,357.562,28.938,-88.250,0.782,0.285,-2.129,8.390,14.590,0.710,2.150,4.560,2.780,-41.688,0.562,6.875,4.540,8.680,0.190,26,0,0,0,1
7925,358.562,27.562,-88.688,0.862,0.360,-2.464,8.390,14.590,0.710,3.840,5.910,0.510,-41.688,0.562,6.875,4.330,8.790,0.140,26,0,0,0,1
7933,359.500,26.188,-89.062,0.862,0.360,-2.464,7.600,14.130,0.800,3.260,5.340,0.660,-41.688,0.562,6.875,4.120,8.890,0.060,26,0,0,0,1
7944,0.500,24.812,-89.500,1.020,0.373,-2.515,9.380,13.880,1.040,2.390,4.720,0.980,-41.688,0.562,6.875,3.910,8.990,0.000,26,0,0,0,1
7954,1.562,23.500,-89.938,0.822,0.122,-2.390,9.400,13.600,0.400,5.470,4.880,1.040,-41.688,0.562,6.875,3.730,9.060,-0.050,26,0,0,0,1
7965,2.562,22.375,-90.312,0.672,-0.029,-2.034,9.400,13.600,0.400,5.660,4.530,0.460,-41.688,0.562,6.875,3.570,9.130,-0.110,26,0,0,0,1
7973,3.500,21.312,-90.688,0.629,-0.120,-1.845,9.120,12.460,0.170,5.540,3.330,0.290,-40.188,-1.688,6.062,3.570,9.130,-0.110,26,0,0,0,1
7981,4.562,20.312,-91.062,0.552,-0.153,-1.884,8.830,11.240,-0.010,5.430,2.050,0.150,-40.188,-1.688,6.062,3.400,9.190,-0.170,26,0,0,0,1
7990,4.562,20.312,-91.062,0.481,-0.199,-2.043,8.060,9.790,-0.330,4.840,0.530,-0.100,-40.188,-1.688,6.062,3.220,9.250,-0.220,26,0,0,0,1
8000,7.062,17.875,-91.625,0.420,-0.293,-2.292,6.940,9.640,-0.880,3.930,0.320,-0.610,-40.188,-1.688,6.062,3.010,9.320,-0.260,26,0,0,0,1
8010,8.625,16.438,-91.875,0.415,-0.439,-2.620,7.920,8.620,-0.910,5.140,-0.770,-0.590,-40.188,-1.688,6.062,2.770,9.390,-0.310,26,0,0,0,1
8018,8.625,16.438,-91.875,0.415,-0.439,-2.620,7.460,8.070,-1.150,5.140,-0.770,-0.590,-39.188,-5.000,5.375,2.520,9.460,-0.360,26,0,0,0,1
8026,10.438,14.875,-92.188,0.387,-0.621,-2.718,7.460,8.070,-1.150,4.940,-1.390,-0.780,-39.188,-5.000,5.375,2.270,9.530,-0.420,26,0,0,0,1
8034,12.188,13.375,-92.500,0.425,-0.520,-2.746,6.400,9.620,-0.650,4.120,0.090,-0.230,-39.188,-5.000,5.375,2.020,9.580,-0.470,26,0,0,0,1
8044,13.750,11.875,-92.812,0.520,-0.216,-2.698,5.750,7.870,-0.540,4.050,-0.470,-0.760,-39.188,-5.000,5.375,1.770,9.620,-0.520,26,0,0,0,1
8054,15.188,10.438,-93.125,0.586,-0.038,-2.634,5.030,7.690,-0.900,3.970,-1.750,-0.010,-39.188,-5.000,5.375,1.530,9.660,-0.570,26,0,0,0,1
8065,16.500,9.000,-93.375,0.535,0.097,-2.560,5.030,7.690,-0.900,3.490,-1.970,-0.320,-39.188,-5.000,5.375,1.530,9.660,-0.570,26,0,0,0,1
8073,17.688,7.625,-93.688,0.603,0.298,-2.530,5.600,7.210,-0.680,4.290,-2.480,-0.050,-37.750,-10.875,7.562,1.300,9.690,-0.620,26,0,0,0,1
8081,18.812,6.250,-94.000,0.627,0.329,-2.462,5.990,6.610,-0.410,4.920,-3.100,0.260,-37.750,-10.875,7.562,1.070,9.720,-0.680,26,0,0,0,1
8090,18.812,6.250,-94.000,0.597,0.291,-2.354,6.090,6.180,-0.110,5.230,-3.550,0.620,-37.750,-10.875,7.562,0.850,9.740,-0.730,26,0,0,0,1
8100,21.000,3.688,-94.562,0.551,0.236,-2.294,6.170,6.790,0.380,5.530,-2.950,1.170,-37.750,-10.875,7.562,0.630,9.750,-0.780,26,0,0,0,1
8110,22.125,2.438,-94.875,0.575,0.209,-2.366,6.060,6.650,0.570,5.640,-3.100,1.410,-37.750,-10.875,7.562,0.410,9.760,-0.840,26,0,0,0,1
8118,22.125,2.438,-94.875,0.575,0.209,-2.366,5.540,5.910,0.520,5.640,-3.100,1.410,-35.750,-15.875,8.562,0.200,9.760,-0.890,26,0,0,0,1
8126,23.250,1.125,-95.188,0.585,0.303,-2.316,5.540,5.910,0.520,5.340,-3.840,1.420,-35.750,-15.875,8.562,0.000,9.760,-0.940,26,0,0,0,1
8133,24.188,0.000,-95.500,0.511,0.464,-2.247,5.880,5.520,1.170,5.880,-4.240,2.120,-35.750,-15.875,8.562,-0.210,9.750,-0.980,26,0,0,0,1
8144,25.188,-1.250,-95.750,0.470,0.386,-2.244,6.260,5.510,1.480,6.240,-4.310,2.230,-35.750,-15.875,8.562,-0.420,9.740,-1.030,26,0,0,0,1
8154,26.250,-2.438,-96.000,0.466,0.283,-2.217,6.460,5.450,1.890,6.690,-4.230,2.510,-35.750,-15.875,8.562,-0.620,9.720,-1.070,26,0,0,0,1
8165,27.375,-3.625,-96.250,0.395,0.192,-2.128,6.460,5.450,1.890,7.080,-4.270,2.960,-35.750,-15.875,8.562,-0.620,9.720,-1.070,26,0,0,0,1
8173,28.438,-4.688,-96.438,0.278,0.041,-2.031,7.180,5.160,2.030,7.990,-4.540,3.120,-34.688,-21.688,7.562,-0.810,9.710,-1.090,26,0,0,0,1
8181,29.688,-5.812,-96.562,0.191,-0.155,-1.977,7.480,4.920,1.910,8.480,-4.760,3.020,-34.688,-21.688,7.562,-0.990,9.690,-1.110,26,0,0,0,1
8189,29.688,-5.812,-96.562,0.099,-0.368,-2.016,7.660,4.500,1.880,8.850,-5.160,3.000,-34.688,-21.688,7.562,-1.190,9.660,-1.120,26,0,0,0,1
8199,31.000,-6.938,-96.562,-0.017,-0.633,-2.055,7.290,4.260,1.770,8.680,-5.380,2.880,-34.688,-21.688,7.562,-1.390,9.640,-1.110,26,0,0,0,1
8210,32.562,-8.125,-96.562,-0.142,-0.815,-2.109,6.130,3.650,1.810,7.720,-5.960,2.900,-34.688,-21.688,7.562,-1.590,9.610,-1.080,26,0,0,0,1
8218,34.188,-9.312,-96.438,-0.142,-0.815,-2.109,5.830,3.530,1.790,7.720,-5.960,2.900,-34.188,-23.188,6.688,-1.800,9.580,-1.040,26,0,0,0,1
8226,35.938,-10.562,-96.188,-0.317,-0.959,-2.111,5.830,3.530,1.790,7.630,-6.040,2.830,-34.188,-23.188,6.688,-1.800,9.580,-1.040,26,0,0,0,1
8234,37.562,-11.688,-95.812,-0.489,-1.013,-1.965,4.930,4.060,1.160,6.920,-5.480,2.140,-34.188,-23.188,6.688,-2.160,9.520,-0.890,26,0,0,0,1
8244,39.062,-12.750,-95.375,-0.638,-0.896,-1.821,0.710,5.630,1.810,4.250,-4.750,2.410,-34.188,-23.188,6.688,-2.330,9.490,-0.800,26,0,0,0,1
8255,40.312,-13.688,-94.812,-0.846,-0.788,-1.671,-0.900,7.120,1.830,3.040,-3.850,2.610,-34.188,-23.188,6.688,-2.460,9.460,-0.700,26,0,0,0,1
8266,41.375,-14.562,-94.188,-0.934,-0.756,-1.420,-0.900,7.120,1.830,1.560,-2.340,2.540,-34.188,-23.188,6.688,-2.460,9.460,-0.700,26,0,0,0,1
8273,42.250,-15.188,-93.688,-0.813,-0.555,-1.190,-2.930,8.080,0.840,-0.350,-1.350,1.450,-27.750,-28.500,9.500,-2.570,9.440,-0.610,26,0,0,0,1
8281,42.938,-15.938,-93.438,-0.487,-0.055,-1.338,-4.860,9.850,-3.830,-2.160,0.440,-3.260,-27.750,-28.500,9.500,-2.700,9.410,-0.560,26,0,0,0,1
8290,42.938,-15.938,-93.438,0.013,0.233,-1.540,-6.870,10.860,-6.650,-4.030,1.490,-6.080,-27.750,-28.500,9.500,-2.830,9.360,-0.570,26,0,0,0,1
8300,43.688,-16.812,-93.500,0.401,0.350,-1.532,-9.050,11.330,-6.910,-6.070,2.010,-6.290,-27.750,-28.500,9.500,-2.970,9.320,-0.620,26,0,0,0,1
8310,44.375,-17.625,-93.750,0.340,0.825,-1.253,-12.820,11.020,-3.640,-9.730,1.740,-2.970,-27.750,-28.500,9.500,-3.080,9.280,-0.670,26,0,0,0,1
8318,44.688,-18.312,-94.125,0.340,0.825,-1.253,-11.990,9.890,-4.470,-9.730,1.740,-2.970,-27.562,-31.188,10.000,-3.160,9.250,-0.710,26,0,0,0,1
8326,44.688,-18.812,-94.375,0.101,1.016,-1.025,-11.990,9.890,-4.470,-8.820,0.640,-3.750,-27.562,-31.188,10.000,-3.220,9.220,-0.750,26,0,0,0,1
8334,45.000,-19.188,-94.625,0.369,0.245,-0.688,-12.660,10.180,-5.430,-9.430,0.960,-4.670,-27.562,-31.188,10.000,-3.250,9.210,-0.810,26,0,0,0,1
8344,45.750,-19.375,-95.062,0.927,-0.656,-0.279,-21.220,13.870,-2.520,-14.790,2.150,-4.780,-27.562,-31.188,10.000,-3.240,9.200,-0.900,26,0,0,0,1
8355,46.188,-19.312,-95.562,1.143,-0.517,0.165,-16.770,13.350,0.000,-17.970,4.660,-1.620,-27.562,-31.188,10.000,-3.200,9.210,-0.970,26,0,0,0,1
8366,45.938,-19.062,-96.000,0.666,0.214,0.451,-16.770,13.350,0.000,-13.560,4.140,0.970,-27.562,-31.188,10.000,-3.160,9.220,-1.000,26,0,0,0,1
8374,45.312,-18.812,-96.188,0.153,0.744,0.331,-9.690,11.690,0.140,-6.520,2.470,1.150,-25.375,-31.750,9.500,-3.160,9.220,-1.000,26,0,0,0,1
8381,44.750,-18.688,-96.375,0.000,0.939,0.109,-4.950,10.070,-0.010,-1.800,0.840,1.020,-25.375,-31.750,9.500,-3.150,9.220,-1.030,26,0,0,0,1
8390,44.750,-18.688,-96.375,-0.132,1.323,-0.021,-0.470,8.110,-0.510,2.660,-1.110,0.540,-25.375,-31.750,9.500,-3.130,9.220,-1.060,26,0,0,0,1
8400,43.938,-18.625,-96.562,-0.189,2.003,0.158,0.960,7.930,0.140,4.060,-1.290,1.250,-25.375,-31.750,9.500,-3.100,9.230,-1.100,26,0,0,0,1
8410,42.625,-18.438,-96.812,-0.110,2.442,0.266,2.820,6.750,1.200,5.870,-2.480,2.370,-25.375,-31.750,9.500,-3.050,9.240,-1.170,26,0,0,0,1
8418,41.000,-18.125,-97.188,-0.110,2.442,0.266,7.080,4.250,4.240,5.870,-2.480,2.370,-25.875,-32.062,9.875,-2.990,9.250,-1.230,26,0,0,0,1
8426,39.375,-17.750,-97.625,-0.041,2.485,0.314,7.080,4.250,4.240,10.080,-4.990,5.480,-25.875,-32.062,9.875,-2.930,9.260,-1.280,26,0,0,0,1
8434,37.750,-17.375,-97.875,-0.158,2.234,0.424,8.930,3.530,6.780,11.860,-5.730,8.070,-25.875,-32.062,9.875,-2.840,9.290,-1.290,26,0,0,0,1
8444,36.500,-16.875,-97.875,-0.353,1.260,0.726,16.360,6.450,-2.240,15.360,-5.080,5.030,-25.875,-32.062,9.875,-2.730,9.320,-1.290,26,0,0,0,1
8455,35.812,-16.188,-97.875,0.048,0.014,1.262,4.080,13.530,-13.460,19.090,-2.870,-0.940,-25.875,-32.062,9.875,-2.600,9.350,-1.360,26,0,0,0,1
8466,35.188,-15.375,-98.250,0.724,-0.075,1.466,4.080,13.530,-13.460,6.680,4.180,-12.090,-25.875,-32.062,9.875,-2.600,9.350,-1.360,26,0,0,0,1
8474,34.688,-14.812,-98.625,0.694,0.053,1.038,-9.900,17.110,-12.670,-7.390,7.740,-11.250,-27.750,-33.000,7.250,-2.500,9.370,-1.420,26,0,0,0,1
8481,34.375,-14.625,-98.812,0.231,0.331,0.289,-25.910,22.140,-9.090,-23.430,12.760,-7.640,-27.750,-33.000,7.250,-2.470,9.370,-1.450,26,0,0,0,1
8490,34.375,-14.625,-98.812,-0.312,1.359,-0.289,-31.490,25.880,-6.290,-29.000,16.500,-4.830,-27.750,-33.000,7.250,-2.480,9.370,-1.450,26,0,0,0,1
8500,33.625,-14.625,-98.812,-1.004,2.316,0.128,-5.920,18.480,-5.910,-3.480,9.090,-4.490,-27.750,-33.000,7.250,-2.440,9.390,-1.420,26,0,0,0,1
8511,31.938,-14.375,-98.562,-1.491,1.852,0.891,1.090,9.790,-3.580,3.420,0.360,-2.250,-27.750,-33.000,7.250,-2.330,9.430,-1.330,26,0,0,0,1
8519,30.062,-13.750,-98.000,-1.491,1.852,0.891,5.730,4.200,-0.920,3.420,0.360,-2.250,-28.875,-31.062,6.875,-2.220,9.470,-1.210,26,0,0,0,1
8526,28.625,-13.062,-97.312,-1.469,1.018,1.061,5.730,4.200,-0.920,7.950,-5.260,0.280,-28.875,-31.062,6.875,-2.100,9.510,-1.100,26,0,0,0,1
8534,27.562,-12.375,-96.562,-1.362,0.349,1.240,12.500,1.900,4.130,14.610,-7.610,5.230,-28.875,-31.062,6.875,-2.000,9.540,-0.990,26,0,0,0,1
8544,26.688,-11.750,-95.938,-1.153,0.137,1.133,8.680,3.650,6.590,12.670,-6.960,6.560,-28.875,-31.062,6.875,-1.910,9.570,-0.910,26,0,0,0,1
8555,25.938,-11.250,-95.438,-0.917,0.213,0.863,4.350,5.000,7.770,10.600,-5.910,7.500,-28.875,-31.062,6.875,-1.870,9.580,-0.850,26,0,0,0,1
8566,25.812,-11.000,-95.062,-0.595,-0.233,0.456,4.350,5.000,7.770,6.230,-4.580,8.630,-28.875,-31.062,6.875,-1.870,9.580,-0.850,26,0,0,0,1
8574,25.750,-10.875,-94.812,-0.421,-0.266,0.266,-1.230,11.350,3.480,0.620,1.760,4.290,-30.750,-29.062,3.500,-1.850,9.590,-0.810,26,0,0,0,1
8581,25.312,-10.562,-94.688,-0.259,0.107,0.574,-0.650,13.290,0.740,1.140,3.680,1.530,-30.750,-29.062,3.500,-1.800,9.600,-0.790,26,0,0,0,1
8590,25.312,-10.562,-94.688,-0.331,0.369,1.034,0.840,13.190,0.350,2.540,3.560,1.120,-30.750,-29.062,3.500,-1.700,9.620,-0.760,26,0,0,0,1
8600,24.500,-10.000,-94.500,-0.795,0.589,1.412,6.630,11.010,1.650,8.200,1.360,2.350,-30.750,-29.062,3.500,-1.560,9.650,-0.700,26,0,0,0,1
8611,23.312,-9.188,-94.125,-1.064,0.461,1.593,7.910,9.930,1.450,9.330,0.250,2.060,-30.750,-29.062,3.500,-1.410,9.680,-0.600,26,0,0,0,1
8619,22.062,-8.250,-93.562,-1.064,0.461,1.593,6.880,8.720,1.700,9.330,0.250,2.060,-31.062,-28.688,2.188,-1.270,9.700,-0.520,26,0,0,0,1
8627,21.000,-7.438,-93.062,-0.947,0.172,1.533,6.880,8.720,1.700,8.150,-0.980,2.230,-31.062,-28.688,2.188,-1.160,9.720,-0.430,26,0,0,0,1
8634,20.375,-6.812,-92.562,-0.858,-0.064,1.124,6.210,9.150,1.720,7.380,-0.570,2.160,-31.062,-28.688,2.188,-1.080,9.740,-0.350,26,0,0,0,1
8645,20.000,-6.312,-92.062,-0.837,-0.279,0.899,3.010,11.680,1.350,6.000,0.890,2.360,-31.062,-28.688,2.188,-0.990,9.750,-0.250,26,0,0,0,1
8655,19.688,-5.812,-91.500,-1.008,-0.575,0.954,1.990,11.900,1.010,4.000,1.930,1.610,-31.062,-28.688,2.188,-0.900,9.760,-0.150,26,0,0,0,1
8666,19.500,-5.250,-90.875,-1.024,-0.607,0.953,1.990,11.900,1.010,2.900,2.140,1.160,-31.062,-28.688,2.188,-0.810,9.770,-0.050,26,0,0,0,1
8674,19.125,-4.750,-90.312,-0.988,-0.461,0.969,1.130,11.030,0.940,1.940,1.250,1.000,-34.250,-27.875,1.250,-0.810,9.770,-0.050,26,0,0,0,1
8682,18.688,-4.188,-89.750,-1.000,-0.247,1.022,1.510,9.780,1.020,2.220,0.000,0.990,-34.250,-27.875,1.250,-0.710,9.780,0.030,26,0,0,0,1
8691,18.062,-3.562,-89.188,-1.005,-0.105,1.102,2.070,9.570,1.070,2.680,-0.210,0.940,-34.250,-27.875,1.250,-0.610,9.780,0.130,26,0,0,0,1
8701,17.438,-2.938,-88.688,-0.913,-0.053,1.146,2.460,9.500,1.140,2.960,-0.290,0.920,-34.250,-27.875,1.250,-0.500,9.790,0.220,26,0,0,0,1
8711,16.812,-2.250,-88.250,-0.760,-0.071,1.153,2.690,9.760,1.480,3.080,-0.030,1.180,-34.250,-27.875,1.250,-0.390,9.790,0.290,26,0,0,0,1
8719,16.812,-2.250,-88.250,-0.760,-0.071,1.153,2.610,9.850,1.350,2.900,0.060,1.000,-34.000,-25.000,1.500,-0.280,9.790,0.350,26,0,0,0,1
8727,16.312,-1.625,-87.938,-0.589,-0.203,1.153,2.610,9.850,1.350,2.900,0.060,1.000,-34.000,-25.000,1.500,-0.170,9.790,0.390,26,0,0,0,1
8735,15.875,-1.000,-87.625,-0.487,-0.394,1.156,2.420,9.860,1.070,2.590,0.060,0.670,-34.000,-25.000,1.500,-0.050,9.790,0.440,26,0,0,0,1
8745,15.500,-0.312,-87.375,-0.460,-0.567,1.194,0.090,10.050,0.010,2.020,0.100,0.190,-34.000,-25.000,1.500,0.060,9.790,0.480,26,0,0,0,1
8756,15.125,0.312,-87.125,-0.444,-0.641,1.242,-0.470,9.760,-0.160,0.030,0.260,-0.460,-34.000,-25.000,1.500,0.180,9.790,0.520,26,0,0,0,1
8767,14.750,1.062,-86.875,-0.465,-0.625,1.251,-0.470,9.760,-0.160,-0.660,-0.020,-0.690,-34.000,-25.000,1.500,0.300,9.780,0.570,26,0,0,0,1
8774,14.438,1.750,-86.562,-0.536,-0.603,1.238,-0.460,9.310,-0.130,-0.770,-0.460,-0.710,-36.500,-23.062,0.062,0.300,9.780,0.570,26,0,0,0,1
8782,14.000,2.500,-86.250,-0.615,-0.579,1.271,-0.280,9.170,-0.060,-0.710,-0.590,-0.700,-36.500,-23.062,0.062,0.420,9.770,0.630,26,0,0,0,1
8791,14.000,2.500,-86.250,-0.623,-0.475,1.309,-0.450,9.230,0.460,-1.010,-0.530,-0.220,-36.500,-23.062,0.062,0.550,9.760,0.690,26,0,0,0,1
8801,13.562,3.250,-85.938,-0.653,-0.439,1.290,-0.290,9.070,0.950,-0.970,-0.670,0.200,-36.500,-23.062,0.062,0.680,9.750,0.740,26,0,0,0,1
8811,12.688,4.688,-85.188,-0.780,-0.475,1.261,-0.560,8.900,1.280,-1.360,-0.830,0.460,-36.500,-23.062,0.062,0.800,9.730,0.810,26,0,0,0,1
8819,12.688,4.688,-85.188,-0.780,-0.475,1.261,-0.210,9.050,1.860,-1.360,-0.830,0.460,-38.688,-19.375,1.688,0.920,9.720,0.900,26,0,0,0,1
8827,12.250,5.375,-84.625,-0.969,-0.490,1.205,-0.210,9.050,1.860,-1.130,-0.660,0.950,-38.688,-19.375,1.688,1.030,9.690,1.000,26,0,0,0,1
8835,12.000,6.062,-84.062,-1.120,-0.595,1.163,-0.120,9.480,1.470,-1.160,-0.210,0.460,-38.688,-19.375,1.688,1.150,9.670,1.100,26,0,0,0,1
8845,11.688,6.750,-83.438,-1.144,-0.596,1.229,-0.320,10.070,0.940,-1.450,0.260,-0.090,-38.688,-19.375,1.688,1.280,9.640,1.200,26,0,0,0,1
8856,11.250,7.500,-82.812,-1.139,-0.493,1.326,-0.460,9.940,1.000,-1.610,0.420,-0.250,-38.688,-19.375,1.688,1.420,9.610,1.300,26,0,0,0,1
8867,10.750,8.312,-82.250,-1.133,-0.419,1.408,-0.460,9.940,1.000,-1.880,0.330,-0.300,-38.688,-19.375,1.688,1.560,9.570,1.410,26,0,0,0,1
8875,10.188,9.125,-81.562,-1.167,-0.380,1.434,-0.130,9.800,1.090,-1.700,0.220,-0.310,-38.250,-18.750,3.062,1.560,9.570,1.410,26,0,0,0,1
8882,9.688,10.000,-80.875,-1.276,-0.500,1.498,0.310,9.890,0.950,-1.390,0.350,-0.560,-38.250,-18.750,3.062,1.700,9.530,1.520,26,0,0,0,1
8891,9.188,11.000,-80.250,-1.257,-0.673,1.707,-0.710,9.570,0.860,-2.580,0.080,-0.760,-38.250,-18.750,3.062,1.870,9.480,1.620,26,0,0,0,1
8902,8.625,12.125,-79.625,-1.194,-0.798,1.880,-1.560,9.250,0.920,-3.620,-0.180,-0.790,-38.250,-18.750,3.062,2.060,9.430,1.710,26,0,0,0,1
8912,8.000,13.250,-79.062,-1.125,-0.783,1.933,-2.350,9.480,0.950,-4.600,0.100,-0.840,-38.250,-18.750,3.062,2.240,9.370,1.800,26,0,0,0,1
8919,8.000,13.250,-79.062,-1.125,-0.783,1.933,-2.640,9.610,0.990,-5.080,0.300,-0.880,-40.500,-15.688,1.500,2.430,9.310,1.870,26,0,0,0,1
8927,7.375,14.375,-78.562,-0.982,-0.678,1.924,-2.640,9.610,0.990,-5.080,0.300,-0.880,-40.500,-15.688,1.500,2.610,9.240,1.950,26,0,0,0,1
8935,6.688,15.438,-78.062,-0.942,-0.532,1.845,-2.870,9.810,1.130,-5.480,0.560,-0.820,-40.500,-15.688,1.500,2.760,9.180,2.030,26,0,0,0,1
8945,6.062,16.375,-77.500,-1.010,-0.370,1.656,-1.820,10.710,1.170,-5.140,1.190,-0.860,-40.500,-15.688,1.500,2.900,9.120,2.100,26,0,0,0,1
8956,5.562,17.188,-77.000,-0.899,-0.352,1.443,-1.280,10.680,1.280,-4.720,1.580,-0.920,-40.500,-15.688,1.500,3.020,9.070,2.150,26,0,0,0,1
8967,5.000,17.938,-76.625,-0.685,-0.281,1.317,-1.280,10.680,1.280,-4.300,1.610,-0.860,-40.500,-15.688,1.500,3.130,9.020,2.190,26,0,0,0,1
8975,4.500,18.625,-76.312,-0.575,-0.218,1.232,0.550,10.380,1.360,-2.580,1.350,-0.820,-42.375,-12.000,1.500,3.130,9.020,2.190,26,0,0,0,1
8982,4.062,19.312,-75.938,-0.573,-0.257,1.198,1.020,10.350,1.240,-2.210,1.370,-0.990,-42.375,-12.000,1.500,3.240,8.970,2.230,26,0,0,0,1
8991,4.062,19.312,-75.938,-0.487,-0.332,1.205,1.650,10.270,1.060,-1.700,1.340,-1.200,-42.375,-12.000,1.500,3.350,8.920,2.270,26,0,0,0,1
9001,3.562,20.000,-75.688,-0.396,-0.467,1.281,1.080,9.920,1.130,-2.390,1.040,-1.150,-42.375,-12.000,1.500,3.470,8.870,2.280,26,0,0,0,1
9012,2.688,21.562,-75.375,-0.317,-0.590,1.314,0.900,10.020,1.030,-2.700,1.200,-1.260,-42.375,-12.000,1.500,3.600,8.820,2.290,26,0,0,0,1
9020,2.688,21.562,-75.375,-0.317,-0.590,1.314,0.760,10.250,1.020,-2.700,1.200,-1.260,-42.375,-9.688,3.375,3.730,8.770,2.290,26,0,0,0,1
9027,2.312,22.312,-75.312,-0.290,-0.712,1.308,0.760,10.250,1.020,-2.970,1.470,-1.260,-42.375,-9.688,3.375,3.860,8.710,2.290,26,0,0,0,1
9035,1.938,23.125,-75.250,-0.281,-0.777,1.316,0.650,10.720,0.740,-3.200,2.000,-1.540,-42.375,-9.688,3.375,3.990,8.660,2.270,26,0,0,0,1
9045,1.562,24.000,-75.250,-0.169,-0.829,1.324,0.760,11.690,0.950,-2.990,2.900,-2.020,-42.375,-9.688,3.375,4.120,8.610,2.240,26,0,0,0,1
9056,1.188,24.812,-75.375,-0.041,-0.940,1.336,0.250,11.980,1.390,-3.360,3.080,-1.280,-42.375,-9.688,3.375,4.250,8.550,2.190,26,0,0,0,1
9067,0.875,25.688,-75.562,0.023,-1.044,1.326,0.250,11.980,1.390,-3.990,3.420,-0.790,-42.375,-9.688,3.375,4.250,8.550,2.190,26,0,0,0,1
9075,0.562,26.562,-75.875,0.123,-1.177,1.280,-0.650,12.560,1.470,-5.030,4.050,-0.660,-42.375,-7.750,3.375,4.380,8.500,2.130,26,0,0,0,1
9082,0.375,27.375,-76.250,0.173,-1.290,1.230,-1.280,12.310,1.580,-5.800,3.850,-0.480,-42.375,-7.750,3.375,4.510,8.450,2.060,26,0,0,0,1
9091,0.375,27.375,-76.250,0.176,-1.210,1.237,-2.230,12.510,1.400,-6.860,4.100,-0.590,-42.375,-7.750,3.375,4.630,8.400,1.990,26,0,0,0,1
9102,0.125,28.188,-76.562,0.257,-1.005,1.044,-2.260,12.750,1.550,-7.000,4.380,-0.370,-42.375,-7.750,3.375,4.740,8.360,1.930,26,0,0,0,1
9112,359.875,29.438,-77.438,0.304,-1.164,0.731,-2.610,11.850,1.870,-7.430,3.520,0.020,-42.375,-7.750,3.375,4.820,8.330,1.850,26,0,0,0,1
9120,359.875,29.438,-77.438,0.304,-1.164,0.731,-3.920,12.260,1.640,-7.430,3.520,0.020,-43.500,-4.250,5.062,4.890,8.310,1.770,26,0,0,0,1
9127,0.000,29.875,-77.938,0.301,-1.270,0.614,-3.920,12.260,1.640,-8.810,3.950,-0.120,-43.500,-4.250,5.062,4.950,8.290,1.680,26,0,0,0,1
9135,0.188,30.312,-78.500,0.315,-1.346,0.479,-4.880,12.870,0.680,-9.830,4.580,-0.990,-43.500,-4.250,5.062,5.000,8.280,1.570,26,0,0,0,1
9145,0.438,30.688,-79.250,0.489,-1.443,0.389,-9.280,13.120,-1.150,-10.870,4.780,-1.720,-43.500,-4.250,5.062,5.050,8.270,1.440,26,0,0,0,1
9156,0.625,31.000,-80.062,0.774,-1.400,0.312,-9.120,13.310,-2.450,-14.330,4.850,-2.600,-43.500,-4.250,5.062,5.080,8.280,1.270,26,0,0,0,1
9167,0.750,31.250,-81.250,1.307,-1.357,0.194,-9.120,13.310,-2.450,-14.210,5.020,-3.720,-43.500,-4.250,5.062,5.120,8.290,1.050,26,0,0,0,1
9175,0.812,31.500,-82.688,1.662,-1.582,0.259,-7.130,12.590,-2.930,-12.260,4.300,-3.980,-42.250,-3.000,6.562,5.120,8.290,1.050,26,0,0,0,1
9183,0.750,31.875,-84.000,1.581,-1.404,0.523,-6.340,13.220,-1.250,-11.520,4.930,-2.120,-42.250,-3.000,6.562,5.180,8.280,0.860,26,0,0,0,1
9197,0.562,32.062,-85.250,1.574,-1.047,0.284,-4.130,12.710,-1.800,-11.610,4.770,-2.600,-42.250,-3.000,6.562,5.180,8.310,0.510,26,0,0,0,1
9207,0.688,31.875,-86.375,1.614,-0.674,-0.446,-1.470,12.790,-0.510,-9.310,4.400,-2.310,-42.250,-3.000,6.562,5.110,8.350,0.380,26,0,0,0,1
9218,0.875,31.375,-87.312,1.450,-0.296,-0.831,-1.470,12.790,-0.510,-6.580,4.430,-0.900,-42.250,-3.000,6.562,5.110,8.350,0.380,26,0,0,0,1
9225,1.062,30.875,-87.812,0.972,0.190,-0.964,2.600,11.990,4.880,-2.430,3.590,4.560,-41.750,-2.562,10.188,5.030,8.400,0.310,26,0,0,0,1
9233,1.250,30.250,-87.750,0.281,0.694,-1.110,4.300,11.950,3.650,-0.630,3.490,3.330,-41.750,-2.562,10.188,4.940,8.460,0.320,26,0,0,0,1
9243,1.562,29.438,-87.500,0.117,0.959,-1.353,5.780,12.430,2.740,0.950,3.900,2.380,-41.750,-2.562,10.188,4.820,8.520,0.360,26,0,0,0,1
9254,2.000,28.562,-87.438,0.285,0.819,-1.613,5.750,12.860,3.460,1.060,4.260,3.080,-41.750,-2.562,10.188,4.690,8.600,0.370,26,0,0,0,1
9265,2.625,27.438,-87.500,0.444,0.735,-1.929,7.200,14.160,4.570,2.670,5.470,4.200,-41.750,-2.562,10.188,4.520,8.690,0.370,26,0,0,0,1
9273,3.250,26.250,-87.625,0.550,0.804,-2.109,8.660,14.650,2.620,4.310,5.860,2.260,-39.188,-2.562,10.500,4.340,8.780,0.360,26,0,0,0,1
9280,3.250,26.250,-87.625,0.550,0.804,-2.109,8.920,15.430,1.280,4.310,5.860,2.260,-39.188,-2.562,10.500,4.150,8.870,0.320,26,0,0,0,1
9288,3.938,25.000,-87.875,0.800,0.794,-2.259,8.740,16.640,2.020,4.800,7.670,1.750,-39.188,-2.562,10.500,3.940,8.970,0.260,26,0,0,0,1
9298,4.812,23.688,-88.250,0.898,0.531,-2.356,9.440,16.040,1.290,5.690,6.980,1.070,-39.188,-2.562,10.500,3.750,9.050,0.210,26,0,0,0,1
9309,5.625,22.500,-88.625,0.794,0.403,-2.173,9.440,14.860,0.110,5.860,5.740,-0.040,-39.188,-2.562,10.500,3.580,9.120,0.150,26,0,0,0,1
9319,6.375,21.438,-89.000,0.779,0.349,-1.912,9.470,12.930,0.470,5.860,5.740,-0.040,-39.188,-2.562,10.500,3.420,9.190,0.100,26,0,0,0,1
9326,7.000,20.375,-89.375,0.804,0.379,-1.852,9.470,12.930,0.470,6.050,3.740,0.370,-40.250,-6.875,9.250,3.420,9.190,0.100,26,0,0,0,1
9334,7.812,19.312,-89.688,0.689,0.331,-1.943,10.790,10.010,0.450,7.540,0.760,0.410,-40.250,-6.875,9.250,3.240,9.250,0.040,26,0,0,0,1
9344,8.750,18.188,-89.938,0.548,0.123,-2.001,9.220,9.280,-0.190,6.150,-0.020,-0.190,-40.250,-6.875,9.250,3.060,9.310,0.000,26,0,0,0,1
9355,9.875,17.000,-90.125,0.376,0.033,-2.189,8.510,9.250,-0.230,5.640,-0.120,-0.200,-40.250,-6.875,9.250,2.640,9.440,-0.050,26,0,0,0,1
9366,11.250,15.625,-90.312,0.287,-0.085,-2.443,7.530,8.440,-0.260,4.890,-1.000,-0.200,-40.250,-6.875,9.250,2.640,9.440,-0.050,26,0,0,0,1
9374,13.000,14.062,-90.438,0.109,-0.409,-2.764,7.430,8.590,-0.620,5.040,-0.910,-0.540,-38.062,-9.688,9.188,2.390,9.510,-0.070,26,0,0,0,1
9381,13.000,14.062,-90.438,0.109,-0.409,-2.764,7.080,9.630,-1.310,4.960,0.050,-1.200,-38.062,-9.688,9.188,2.110,9.570,-0.100,26,0,0,0,1
9389,14.812,12.438,-90.625,0.238,-0.417,-3.004,6.540,8.420,-1.810,4.710,-1.200,-1.630,-38.062,-9.688,9.188,1.830,9.630,-0.170,26,0,0,0,1
9399,16.562,10.750,-91.000,0.697,-0.176,-3.015,6.060,8.370,-2.370,4.500,-1.300,-2.110,-38.062,-9.688,9.188,1.550,9.670,-0.250,26,0,0,0,1
9410,18.250,9.062,-91.500,0.794,-0.238,-2.999,5.790,7.910,-2.040,4.500,-1.800,-1.700,-38.062,-9.688,9.188,1.280,9.710,-0.340,26,0,0,0,1
9419,19.812,7.500,-92.000,0.932,-0.139,-2.832,5.790,7.910,-2.040,4.500,-1.800,-1.700,-38.062,-9.688,9.188,1.040,9.740,-0.430,26,0,0,0,1
9427,21.188,6.062,-92.562,0.988,0.010,-2.609,5.500,7.460,-2.020,4.460,-2.270,-1.580,-34.562,-13.062,10.750,1.040,9.740,-0.430,26,0,0,0,1
9434,22.438,4.688,-93.062,1.019,0.158,-2.470,5.430,7.020,-1.470,4.630,-2.720,-0.940,-34.562,-13.062,10.750,0.800,9.750,-0.530,26,0,0,0,1
9445,23.500,3.438,-93.625,1.004,0.259,-2.345,6.040,5.890,-0.260,5.450,-3.870,0.350,-34.562,-13.062,10.750,0.580,9.760,-0.620,26,0,0,0,1
9455,24.625,2.188,-94.125,0.932,0.271,-2.282,6.470,5.690,0.410,6.090,-4.080,1.120,-34.562,-13.062,10.750,0.150,9.770,-0.780,26,0,0,0,1
9466,25.750,0.875,-94.562,0.795,0.199,-2.317,6.320,5.740,0.670,6.160,-4.030,1.460,-34.562,-13.062,10.750,0.150,9.770,-0.780,26,0,0,0,1
9474,26.938,-0.312,-94.938,0.637,0.207,-2.339,5.410,5.200,1.430,5.470,-4.560,2.280,-32.875,-17.375,11.688,-0.060,9.760,-0.840,26,0,0,0,1
9482,26.938,-0.312,-94.938,0.637,0.207,-2.339,5.370,5.330,1.580,5.650,-4.420,2.470,-32.875,-17.375,11.688,-0.280,9.760,-0.880,26,0,0,0,1
9489,28.125,-1.625,-95.188,0.443,0.160,-2.323,5.520,5.390,1.580,6.010,-4.350,2.500,-32.875,-17.375,11.688,-0.490,9.750,-0.920,26,0,0,0,1
9500,29.312,-2.875,-95.375,0.376,0.087,-2.242,6.080,5.300,1.310,6.770,-4.430,2.280,-32.875,-17.375,11.688,-0.690,9.730,-0.960,26,0,0,0,1
9510,30.562,-4.062,-95.625,0.435,-0.039,-2.162,6.720,4.950,1.870,7.620,-4.760,2.880,-32.875,-17.375,11.688,-0.890,9.710,-1.010,26,0,0,0,1
9519,31.875,-5.188,-95.938,0.557,-0.209,-2.065,6.920,4.750,2.380,7.620,-4.760,2.880,-32.875,-17.375,11.688,-1.080,9.680,-1.060,26,0,0,0,1
9527,33.188,-6.312,-96.250,0.525,-0.309,-1.996,6.920,4.750,2.380,8.000,-4.930,3.440,-32.188,-21.250,11.375,-1.080,9.680,-1.060,26,0,0,0,1
9535,34.625,-7.438,-96.438,0.385,-0.460,-2.003,6.670,4.860,2.540,7.950,-4.790,3.630,-32.188,-21.250,11.375,-1.270,9.660,-1.090,26,0,0,0,1
9545,36.125,-8.625,-96.562,0.251,-0.530,-2.032,6.670,4.640,2.470,8.140,-4.980,3.580,-32.188,-21.250,11.375,-1.660,9.600,-1.110,26,0,0,0,1
9556,37.562,-9.750,-96.562,0.132,-0.612,-1.987,6.350,3.600,2.350,8.360,-5.450,3.550,-32.188,-21.250,11.375,-1.830,9.560,-1.100,26,0,0,0,1
9567,39.062,-10.750,-96.562,-0.008,-0.741,-1.821,6.350,3.600,2.350,8.190,-5.960,3.450,-32.188,-21.250,11.375,-1.830,9.560,-1.100,26,0,0,0,1
9575,40.500,-11.750,-96.312,-0.209,-0.879,-1.676,5.770,3.090,2.370,7.770,-6.440,3.440,-30.000,-25.375,11.562,-2.000,9.540,-1.060,26,0,0,0,1
9582,40.500,-11.750,-96.312,-0.480,-0.930,-1.710,4.280,3.590,2.840,6.450,-5.910,3.840,-30.000,-25.375,11.562,-2.170,9.510,-1.000,26,0,0,0,1
9591,41.938,-12.750,-96.000,-0.819,-0.879,-1.633,3.510,4.540,2.720,5.840,-4.930,3.630,-30.000,-25.375,11.562,-2.320,9.480,-0.900,26,0,0,0,1
9601,43.250,-13.688,-95.438,-1.066,-0.784,-1.379,2.710,4.910,3.160,5.170,-4.540,3.950,-30.000,-25.375,11.562,-2.460,9.450,-0.790,26,0,0,0,1
9611,44.312,-14.500,-94.750,-1.222,-0.776,-1.180,1.650,5.540,3.300,4.230,-3.890,3.970,-30.000,-25.375,11.562,-2.570,9.430,-0.660,26,0,0,0,1
9620,45.250,-15.188,-94.000,-1.222,-0.776,-1.180,-2.710,6.640,1.690,4.230,-3.890,3.970,-30.000,-25.375,11.562,-2.680,9.410,-0.530,26,0,0,0,1
9627,46.062,-15.812,-93.250,-1.139,-0.708,-1.102,-2.710,6.640,1.690,-0.030,-2.770,2.230,-26.688,-27.188,12.250,-2.680,9.410,-0.530,26,0,0,0,1
9635,46.750,-16.500,-92.750,-0.885,-0.278,-1.232,-3.640,8.390,0.020,-0.850,-0.990,0.480,-26.688,-27.188,12.250,-2.790,9.380,-0.450,26,0,0,0,1
9646,47.250,-17.250,-92.500,-0.469,0.271,-1.345,-3.540,9.950,-2.370,-0.630,0.590,-1.950,-26.688,-27.188,12.250,-3.030,9.310,-0.430,26,0,0,0,1
9656,47.750,-18.000,-92.625,0.035,0.437,-1.330,-9.460,11.980,-5.720,-2.550,1.350,-5.920,-26.688,-27.188,12.250,-3.130,9.270,-0.460,26,0,0,0,1
9667,48.375,-18.625,-92.875,0.327,0.165,-1.188,-9.460,11.980,-5.720,-6.320,2.700,-5.250,-26.688,-27.188,12.250,-3.130,9.270,-0.460,26,0,0,0,1
9675,48.688,-19.125,-93.000,0.137,0.502,-0.925,-11.320,10.820,-4.640,-8.100,1.570,-4.150,-24.000,-29.062,12.000,-3.210,9.240,-0.490,26,0,0,0,1
9683,48.688,-19.125,-93.000,0.029,0.780,-0.552,-11.010,10.000,-4.080,-7.750,0.770,-3.560,-24.000,-29.062,12.000,-3.260,9.230,-0.520,26,0,0,0,1
9691,48.562,-19.438,-93.188,0.286,0.271,-0.120,-14.950,11.710,-5.260,-11.680,2.490,-4.710,-24.000,-29.062,12.000,-3.270,9.220,-0.550,26,0,0,0,1
9702,48.500,-19.500,-93.438,0.804,-0.420,0.211,-19.840,12.950,-5.160,-16.580,3.720,-4.550,-24.000,-29.062,12.000,-3.250,9.220,-0.610,26,0,0,0,1
9712,48.812,-19.375,-93.750,1.037,-0.341,0.604,-22.830,14.600,-4.430,-19.620,5.360,-3.730,-24.000,-29.062,12.000,-3.200,9.240,-0.690,26,0,0,0,1
9720,48.875,-19.062,-94.250,1.037,-0.341,0.604,-16.810,13.760,-0.110,-19.620,5.360,-3.730,-23.688,-30.562,12.375,-3.110,9.260,-0.770,26,0,0,0,1
9728,48.188,-18.500,-94.750,0.671,0.445,0.946,-16.810,13.760,-0.110,-13.690,4.490,0.650,-23.688,-30.562,12.375,-3.030,9.280,-0.800,26,0,0,0,1
9736,47.062,-18.000,-94.938,-0.016,1.273,0.803,-9.450,11.510,-0.300,-6.420,2.220,0.500,-23.688,-30.562,12.375,-2.980,9.300,-0.820,26,0,0,0,1
9746,45.688,-17.688,-95.062,-0.345,1.775,0.443,-1.130,7.930,-0.290,-1.530,-0.090,0.800,-23.688,-30.562,12.375,-2.950,9.310,-0.830,26,0,0,0,1
9757,44.312,-17.500,-95.125,-0.568,2.162,0.082,2.780,7.190,1.580,1.820,-1.370,0.540,-23.688,-30.562,12.375,-2.930,9.310,-0.850,26,0,0,0,1
9768,42.562,-17.375,-95.188,-0.682,2.752,0.039,2.780,7.190,1.580,5.710,-2.120,2.440,-23.688,-30.562,12.375,-2.930,9.310,-0.850,26,0,0,0,1
9776,40.562,-17.125,-95.375,-0.710,3.137,0.115,3.660,6.430,2.660,6.560,-2.890,3.540,-24.250,-28.375,11.562,-2.890,9.320,-0.870,26,0,0,0,1
9783,38.438,-16.875,-95.562,-0.654,3.347,0.158,3.510,5.070,6.570,6.370,-4.260,7.480,-24.250,-28.375,11.562,-2.850,9.330,-0.910,26,0,0,0,1
9792,38.438,-16.875,-95.562,-0.762,2.644,0.393,6.990,4.180,7.870,9.780,-5.170,8.790,-24.250,-28.375,11.562,-2.790,9.350,-0.910,26,0,0,0,1
9802,36.500,-16.500,-95.562,-0.416,1.156,1.013,20.250,5.000,0.780,22.940,-4.380,1.680,-24.250,-28.375,11.562,-2.690,9.380,-0.900,26,0,0,0,1
9812,35.188,-15.875,-95.500,0.211,0.469,1.851,20.350,8.210,-3.190,22.870,-1.210,-2.250,-24.250,-28.375,11.562,-2.510,9.430,-0.940,26,0,0,0,1
10067,17.000,-1.688,-86.875,-0.938,0.045,1.266,2.370,9.680,1.690,2.670,-0.100,1.160,-32.000,-22.250,3.062,-0.290,9.780,0.530,26,0,0,0,1
10075,16.375,-1.000,-86.438,-0.805,0.010,1.156,3.910,9.750,1.630,4.090,-0.030,1.020,-33.500,-20.500,2.250,-0.180,9.780,0.600,26,0,0,0,1
10082,16.375,-1.000,-86.438,-0.805,0.010,1.156,3.270,9.800,1.470,3.330,0.010,0.810,-33.500,-20.500,2.250,-0.060,9.780,0.660,26,0,0,0,1
10091,15.812,-0.375,-86.062,-0.629,-0.232,1.168,2.820,10.000,0.990,2.780,0.220,0.270,-33.500,-20.500,2.250,0.040,9.780,0.720,26,0,0,0,1
10101,15.375,0.250,-85.750,-0.544,-0.372,1.204,2.310,9.950,0.880,2.140,0.180,0.110,-33.500,-20.500,2.250,0.170,9.770,0.770,26,0,0,0,1
10111,14.875,1.000,-85.438,-0.530,-0.503,1.277,1.530,9.530,0.660,1.230,-0.230,-0.150,-33.500,-20.500,2.250,0.300,9.760,0.820,26,0,0,0,1
10120,14.500,1.750,-85.188,-0.543,-0.619,1.317,0.310,9.530,0.360,1.230,-0.230,-0.150,-33.500,-20.500,2.250,0.430,9.750,0.870,26,0,0,0,1
10128,14.125,2.500,-84.875,-0.577,-0.661,1.307,0.310,9.530,0.360,-0.110,-0.220,-0.500,-35.250,-19.750,2.188,0.430,9.750,0.870,26,0,0,0,1
10136,13.688,3.250,-84.562,-0.578,-0.611,1.305,0.090,9.810,0.650,-0.460,0.060,-0.260,-35.250,-19.750,2.188,0.550,9.740,0.920,26,0,0,0,1
10146,13.312,4.000,-84.188,-0.672,-0.629,1.296,-0.180,9.730,0.880,-0.860,0.000,-0.090,-35.250,-19.750,2.188,0.810,9.710,1.060,26,0,0,0,1
10157,13.000,4.750,-83.750,-0.867,-0.686,1.295,-0.420,9.270,1.410,-1.230,-0.430,0.350,-35.250,-19.750,2.188,0.940,9.690,1.150,26,0,0,0,1
10168,12.688,5.500,-83.188,-1.031,-0.724,1.299,-0.130,8.820,1.870,-1.070,-0.860,0.720,-35.250,-19.750,2.188,0.940,9.690,1.150,26,0,0,0,1
10175,12.375,6.250,-82.625,-1.091,-0.813,1.313,-0.270,9.370,1.600,-1.350,-0.290,0.360,-36.000,-16.750,3.062,1.070,9.660,1.240,26,0,0,0,1
10183,12.375,6.250,-82.625,-1.125,-0.874,1.369,-0.820,9.850,1.160,-2.040,0.220,-0.170,-36.000,-16.750,3.062,1.210,9.630,1.340,26,0,0,0,1
10191,12.125,7.125,-82.062,-1.125,-0.874,1.369,-2.000,9.690,0.390,-3.360,0.090,-1.030,-36.000,-16.750,3.062,1.360,9.600,1.430,26,0,0,0,1
10201,11.812,7.938,-81.500,-1.128,-0.869,1.416,-2.240,9.830,0.330,-3.740,0.260,-1.180,-36.000,-16.750,3.062,1.500,9.570,1.520,26,0,0,0,1
10211,11.500,8.812,-80.938,-1.068,-0.825,1.425,-2.640,10.300,0.160,-4.290,0.770,-1.440,-36.000,-16.750,3.062,1.650,9.530,1.600,26,0,0,0,1
10221,11.188,9.688,-80.375,-1.052,-0.842,1.468,-2.960,10.140,0.350,-4.290,0.770,-1.440,-36.000,-16.750,3.062,1.810,9.480,1.680,26,0,0,0,1
10228,10.750,10.625,-79.875,-1.002,-0.924,1.622,-2.960,10.140,0.350,-4.780,0.650,-1.320,-36.750,-14.375,3.750,1.810,9.480,1.680,26,0,0,0,1
10236,10.312,11.688,-79.438,-0.975,-0.901,1.731,-3.090,9.480,0.900,-5.080,0.040,-0.850,-36.750,-14.375,3.750,1.990,9.440,1.750,26,0,0,0,1
10246,9.812,12.688,-78.875,-1.038,-0.748,1.720,-2.730,9.320,0.930,-4.890,-0.060,-0.900,-36.750,-14.375,3.750,2.310,9.330,1.920,26,0,0,0,1
10257,9.250,13.625,-78.312,-1.148,-0.540,1.620,-0.820,9.750,1.650,-4.160,-0.120,-0.680,-36.750,-14.375,3.750,2.450,9.270,2.030,26,0,0,0,1
10268,8.688,14.500,-77.625,-1.250,-0.300,1.497,-0.820,9.750,1.650,-3.280,0.480,-0.380,-36.750,-14.375,3.750,2.450,9.270,2.030,26,0,0,0,1
10276,8.125,15.250,-76.875,-1.199,-0.139,1.426,1.530,10.510,2.180,-1.050,1.290,0.050,-37.875,-12.188,4.500,2.580,9.210,2.130,26,0,0,0,1
10283,8.125,15.250,-76.875,-1.004,-0.145,1.379,2.310,10.600,2.280,-0.390,1.440,0.060,-37.875,-12.188,4.500,2.710,9.150,2.220,26,0,0,0,1
10292,7.500,16.062,-76.312,-0.767,-0.205,1.333,2.560,10.600,2.300,-0.270,1.490,0.010,-37.875,-12.188,4.500,2.830,9.100,2.280,26,0,0,0,1
10302,7.000,16.750,-75.875,-0.583,-0.308,1.298,2.030,9.820,2.230,-0.920,0.770,-0.090,-37.875,-12.188,4.500,2.950,9.050,2.320,26,0,0,0,1
10312,6.438,17.500,-75.562,-0.454,-0.484,1.272,1.340,9.500,2.000,-1.730,0.500,-0.340,-37.875,-12.188,4.500,3.070,9.000,2.350,26,0,0,0,1
10321,6.000,18.250,-75.312,-0.454,-0.484,1.272,0.610,9.530,1.580,-1.730,0.500,-0.340,-37.875,-12.188,4.500,3.200,8.960,2.360,26,0,0,0,1
10329,5.688,19.062,-75.188,-0.410,-0.675,1.250,0.610,9.530,1.580,-2.580,0.570,-0.780,-37.875,-9.188,2.750,3.200,8.960,2.360,26,0,0,0,1
10337,5.375,19.812,-75.062,-0.377,-0.849,1.228,0.040,9.740,1.020,-3.280,0.830,-1.340,-37.875,-9.188,2.750,3.450,8.860,2.370,26,0,0,0,1
10347,5.125,20.625,-75.000,-0.343,-0.990,1.218,-0.420,10.210,0.850,-3.880,1.340,-1.510,-37.875,-9.188,2.750,3.580,8.810,2.360,26,0,0,0,1
10358,4.938,21.438,-74.938,-0.353,-1.060,1.245,-0.030,11.040,-0.180,-3.980,1.800,-1.810,-37.875,-9.188,2.750,3.710,8.760,2.350,26,0,0,0,1
10369,4.750,22.250,-74.938,-0.308,-1.082,1.250,-0.030,11.040,-0.180,-3.750,2.270,-2.530,-37.875,-9.188,2.750,3.710,8.760,2.350,26,0,0,0,1
10376,4.500,23.062,-75.000,-0.192,-1.095,1.234,0.710,10.600,0.220,-3.120,1.890,-2.100,-39.062,-7.062,5.500,3.840,8.710,2.330,26,0,0,0,1
10384,4.500,23.062,-75.000,-0.194,-1.094,1.233,0.890,10.860,0.800,-3.080,2.200,-1.500,-39.062,-7.062,5.500,3.970,8.660,2.300,26,0,0,0,1
10393,4.312,23.875,-75.062,-0.178,-1.194,1.247,0.750,11.290,1.080,-3.350,2.680,-1.190,-39.062,-7.062,5.500,4.100,8.610,2.270,26,0,0,0,1
10403,4.125,24.750,-75.188,-0.051,-1.306,1.265,0.220,11.420,1.970,-4.010,2.860,-0.240,-39.062,-7.062,5.500,4.240,8.550,2.220,26,0,0,0,1
10413,3.938,25.562,-75.375,0.028,-1.277,1.272,-1.150,11.970,2.710,-5.530,3.460,0.540,-39.062,-7.062,5.500,4.370,8.500,2.160,26,0,0,0,1
10422,3.750,26.438,-75.688,0.028,-1.277,1.272,-2.030,12.380,2.710,-5.530,3.460,0.540,-38.250,-5.562,5.375,4.490,8.450,2.100,26,0,0,0,1
10429,3.500,27.250,-76.000,0.106,-1.236,1.236,-2.030,12.380,2.710,-6.520,3.920,0.600,-38.250,-5.562,5.375,4.620,8.400,2.040,26,0,0,0,1
10437,3.312,28.062,-76.312,0.152,-1.203,1.189,-2.920,12.440,2.370,-7.540,4.030,0.330,-38.250,-5.562,5.375,4.730,8.350,1.970,26,0,0,0,1
10447,3.125,28.812,-76.688,0.178,-1.151,1.102,-3.840,12.520,2.280,-8.060,4.200,0.000,-38.250,-5.562,5.375,4.830,8.310,1.900,26,0,0,0,1
10458,2.938,29.562,-77.062,0.157,-1.160,1.041,-3.950,12.650,1.900,-8.680,4.210,0.370,-38.250,-5.562,5.375,4.930,8.270,1.840,26,0,0,0,1
10469,2.875,30.125,-77.438,0.143,-1.164,0.881,-3.950,12.650,1.900,-8.880,4.370,0.050,-38.250,-5.562,5.375,4.930,8.270,1.840,26,0,0,0,1
10477,2.938,30.625,-77.875,0.202,-1.201,0.639,-4.110,13.040,0.450,-9.120,4.800,-1.310,-38.688,-4.500,8.250,5.000,8.240,1.760,26,0,0,0,1
10484,3.062,31.062,-78.500,0.432,-1.240,0.547,-7.190,13.240,-0.310,-12.250,5.010,-1.980,-38.688,-4.500,8.250,5.060,8.220,1.670,26,0,0,0,1
10493,3.062,31.062,-78.500,0.723,-1.150,0.517,-9.060,12.800,0.190,-14.190,4.590,-1.360,-38.688,-4.500,8.250,5.120,8.210,1.550,26,0,0,0,1
10503,3.062,31.500,-79.250,1.109,-1.033,0.439,-10.350,13.570,-2.160,-15.520,5.360,-3.580,-38.688,-4.500,8.250,5.170,8.200,1.410,26,0,0,0,1
10514,2.938,31.812,-80.188,1.886,-1.120,0.416,-9.050,14.140,-4.690,-14.270,5.920,-5.900,-38.688,-4.500,8.250,5.220,8.210,1.210,26,0,0,0,1
10522,2.688,32.125,-81.562,1.886,-1.120,0.416,-6.070,12.590,-1.880,-14.270,5.920,-5.900,-38.562,-3.000,9.500,5.270,8.200,0.980,26,0,0,0,1
10530,2.312,32.500,-83.062,2.035,-1.210,0.516,-6.070,12.590,-1.880,-11.350,4.380,-2.870,-38.562,-3.000,9.500,5.270,8.200,0.980,26,0,0,0,1
10538,2.000,32.750,-84.312,1.727,-0.766,0.319,-4.710,13.180,-1.750,-10.020,4.970,-2.560,-38.562,-3.000,9.500,5.300,8.220,0.640,26,0,0,0,1
10548,1.875,32.688,-85.438,1.670,-0.598,-0.164,-2.230,12.860,-0.510,-8.590,4.360,-2.180,-38.562,-3.000,9.500,5.250,8.260,0.510,26,0,0,0,1
10559,1.938,32.375,-86.438,1.509,-0.315,-0.548,2.660,12.150,4.900,-7.490,4.600,-1.020,-38.562,-3.000,9.500,5.180,8.310,0.430,26,0,0,0,1
10570,2.062,31.875,-86.938,1.045,0.193,-0.954,2.660,12.150,4.900,-2.510,3.840,4.460,-38.562,-3.000,9.500,5.180,8.310,0.430,26,0,0,0,1
10577,2.312,31.188,-86.938,0.394,0.711,-1.168,3.510,11.740,2.810,-1.560,3.360,2.370,-38.062,-1.188,11.000,5.080,8.370,0.440,26,0,0,0,1
10585,2.562,30.375,-86.812,0.262,0.989,-1.402,4.720,12.080,1.870,-0.240,3.640,1.400,-38.062,-1.188,11.000,4.960,8.440,0.460,26,0,0,0,1
10594,2.562,30.375,-86.812,0.493,0.806,-1.743,5.900,13.940,3.330,1.090,5.410,2.860,-38.062,-1.188,11.000,4.810,8.520,0.460,26,0,0,0,1
10604,3.000,29.375,-86.812,0.605,0.666,-2.034,7.300,14.730,3.500,2.660,6.110,3.050,-38.062,-1.188,11.000,4.640,8.620,0.440,26,0,0,0,1
10614,4.312,27.000,-87.062,0.541,0.861,-2.164,9.410,14.960,2.130,4.950,6.240,1.690,-38.062,-1.188,11.000,4.460,8.720,0.430,26,0,0,0,1
10622,4.312,27.000,-87.062,0.541,0.861,-2.164,9.740,15.240,1.060,4.950,6.240,1.690,-37.875,-0.750,12.000,4.260,8.810,0.410,26,0,0,0,1
10630,5.000,25.750,-87.312,0.710,0.795,-2.223,9.740,15.240,1.060,5.480,6.420,0.650,-37.875,-0.750,12.000,4.060,8.910,0.340,26,0,0,0,1
10638,5.938,24.438,-87.750,0.928,0.391,-2.342,8.130,16.460,2.150,4.060,7.540,1.800,-37.875,-0.750,12.000,3.860,9.000,0.270,26,0,0,0,1
10648,6.938,23.188,-88.250,0.936,0.129,-2.296,9.240,14.720,0.200,5.020,7.080,1.580,-37.875,-0.750,12.000,3.680,9.080,0.190,26,0,0,0,1
10659,7.938,22.000,-88.750,0.902,-0.070,-2.101,9.370,10.660,1.010,5.550,5.640,0.000,-37.875,-0.750,12.000,3.510,9.150,0.110,26,0,0,0,1
10670,8.938,20.938,-89.250,0.834,-0.158,-1.910,9.370,10.660,1.010,5.860,1.510,0.890,-37.875,-0.750,12.000,3.350,9.210,0.050,26,0,0,0,1
10678,9.875,20.000,-89.625,0.553,-0.119,-1.761,8.910,9.500,0.710,5.550,0.290,0.650,-37.500,-7.750,10.500,3.350,9.210,0.050,26,0,0,0,1
10685,10.812,19.000,-89.812,0.327,-0.046,-1.841,8.040,8.980,0.670,4.850,-0.280,0.650,-37.500,-7.750,10.500,3.190,9.270,0.020,26,0,0,0,1
10694,10.812,19.000,-89.812,0.187,0.015,-2.170,7.710,8.540,0.690,4.720,-0.790,0.680,-37.500,-7.750,10.500,2.990,9.330,0.010,26,0,0,0,1
10704,13.312,16.375,-90.000,0.155,-0.002,-2.465,7.600,8.370,0.360,4.820,-1.030,0.370,-37.500,-7.750,10.500,2.770,9.400,0.000,26,0,0,0,1
10715,14.812,14.938,-90.062,0.113,-0.116,-2.610,7.580,8.170,0.270,5.040,-1.290,0.290,-37.500,-7.750,10.500,2.530,9.470,-0.010,26,0,0,0,1
10723,14.812,14.938,-90.062,0.113,-0.116,-2.610,7.520,8.690,-0.040,5.040,-1.290,0.290,-37.062,-8.750,11.750,2.270,9.530,-0.020,26,0,0,0,1
10730,16.500,13.438,-90.125,0.073,-0.268,-2.777,7.520,8.690,-0.040,5.240,-0.840,-0.010,-37.062,-8.750,11.750,2.010,9.590,-0.060,26,0,0,0,1
10738,18.125,11.875,-90.312,0.307,-0.147,-2.815,6.960,9.050,1.040,4.940,-0.540,1.100,-37.062,-8.750,11.750,1.760,9.640,-0.100,26,0,0,0,1
10749,19.500,10.375,-90.625,0.551,0.112,-2.683,6.520,6.920,0.110,4.880,-2.770,0.690,-37.062,-8.750,11.750,1.520,9.680,-0.150,26,0,0,0,1
10759,20.812,8.938,-90.875,0.547,0.149,-2.611,6.280,7.110,-0.070,4.990,-2.750,0.270,-37.062,-8.750,11.750,1.290,9.710,-0.210,26,0,0,0,1
10770,22.000,7.562,-91.188,0.583,0.221,-2.489,6.280,7.110,-0.070,4.990,-2.600,0.130,-37.062,-8.750,11.750,1.290,9.710,-0.210,26,0,0,0,1
10778,23.125,6.188,-91.562,0.712,0.308,-2.447,6.060,6.650,-0.330,5.000,-3.080,-0.060,-34.562,-14.562,11.250,1.060,9.740,-0.270,26,0,0,0,1
10786,24.188,4.812,-92.062,0.874,0.464,-2.440,6.670,6.340,0.440,5.840,-3.410,0.790,-34.562,-14.562,11.250,0.830,9.760,-0.350,26,0,0,0,1
10795,25.188,3.500,-92.562,0.944,0.528,-2.424,7.080,6.110,1.030,6.470,-3.660,1.470,-34.562,-14.562,11.250,0.600,9.770,-0.430,26,0,0,0,1
10805,26.125,2.250,-93.000,0.898,0.500,-2.306,6.920,5.590,1.020,6.530,-4.180,1.540,-34.562,-14.562,11.250,0.380,9.780,-0.520,26,0,0,0,1
10815,27.062,1.000,-93.438,0.806,0.537,-2.231,6.060,3.790,1.290,5.880,-5.990,1.890,-34.562,-14.562,11.250,0.180,9.780,-0.590,26,0,0,0,1
10823,27.062,1.000,-93.438,0.806,0.537,-2.231,6.250,3.680,1.830,5.880,-5.990,1.890,-31.688,-18.062,11.250,-0.030,9.780,-0.650,26,0,0,0,1
10831,27.938,-0.188,-93.812,0.614,0.656,-2.299,6.250,3.680,1.830,6.280,-6.090,2.490,-31.688,-18.062,11.250,-0.250,9.770,-0.690,26,0,0,0,1
10838,28.875,-1.438,-94.062,0.456,0.637,-2.394,6.840,4.160,2.140,7.100,-5.610,2.830,-31.688,-18.062,11.250,-0.470,9.760,-0.730,26,0,0,0,1
10849,29.875,-2.750,-94.250,0.392,0.517,-2.358,7.050,4.890,2.690,7.380,-4.960,3.240,-31.688,-18.062,11.250,-0.680,9.750,-0.770,26,0,0,0,1
10860,30.875,-4.000,-94.500,0.353,0.435,-2.259,7.260,4.850,2.650,7.740,-4.850,3.460,-31.688,-18.062,11.250,-0.880,9.730,-0.800,26,0,0,0,1
10870,31.875,-5.125,-94.688,0.320,0.393,-2.143,7.260,4.850,2.650,8.150,-4.870,3.450,-31.688,-18.062,11.250,-1.070,9.710,-0.830,26,0,0,0,1
10878,32.750,-6.250,-94.875,0.279,0.379,-2.027,7.660,4.450,2.560,8.730,-5.250,3.400,-30.688,-21.375,11.250,-1.070,9.710,-0.830,26,0,0,0,1
10886,33.625,-7.312,-95.062,0.226,0.360,-1.921,8.060,3.270,2.020,9.310,-6.410,2.880,-30.688,-21.375,11.250,-1.240,9.680,-0.860,26,0,0,0,1
10894,33.625,-7.312,-95.062,0.088,0.293,-1.852,7.930,2.970,1.760,9.350,-6.690,2.630,-30.688,-21.375,11.250,-1.420,9.660,-0.870,26,0,0,0,1
10905,34.500,-8.312,-95.125,-0.096,0.199,-1.845,7.600,3.050,1.300,9.190,-6.580,2.170,-30.688,-21.375,11.250,-1.590,9.630,-0.860,26,0,0,0,1
10915,36.375,-10.312,-95.000,-0.251,0.027,-1.786,7.060,3.450,1.360,8.820,-6.150,2.200,-30.688,-21.375,11.250,-1.750,9.610,-0.840,26,0,0,0,1
10923,36.375,-10.312,-95.000,-0.251,0.027,-1.786,4.450,4.700,0.640,8.820,-6.150,2.200,-28.062,-24.250,11.750,-1.910,9.580,-0.800,26,0,0,0,1
10931,37.375,-11.188,-94.750,-0.350,-0.266,-1.645,4.450,4.700,0.640,6.370,-4.870,1.450,-28.062,-24.250,11.750,-1.910,9.580,-0.800,26,0,0,0,1
10938,38.375,-12.000,-94.562,-0.336,-0.433,-1.369,1.760,5.180,0.200,3.800,-4.370,0.970,-28.062,-24.250,11.750,-2.150,9.530,-0.720,26,0,0,0,1
10949,39.125,-12.688,-94.312,-0.399,-0.235,-1.216,-4.160,11.200,-7.750,1.440,-2.970,-1.200,-28.062,-24.250,11.750,-2.270,9.510,-0.720,26,0,0,0,1
10959,39.562,-13.375,-94.312,-0.131,0.406,-1.300,-5.740,12.960,-10.870,-1.880,1.690,-7.030,-28.062,-24.250,11.750,-2.410,9.470,-0.780,26,0,0,0,1
10970,39.875,-14.188,-94.688,0.425,1.134,-1.599,-5.740,12.960,-10.870,-3.330,3.480,-10.080,-28.062,-24.250,11.750,-2.410,9.470,-0.780,26,0,0,0,1
10978,40.438,-15.188,-95.500,1.092,1.054,-1.841,-9.690,14.810,-8.620,-7.110,5.390,-7.710,-25.375,-28.500,12.500,-2.570,9.410,-0.910,26,0,0,0,1
10986,40.438,-15.188,-95.500,0.958,1.220,-1.912,-13.240,15.800,-5.010,-10.500,6.440,-3.980,-25.375,-28.500,12.500,-2.730,9.360,-1.030,26,0,0,0,1
10995,40.938,-16.188,-96.250,0.549,1.428,-1.602,-14.790,12.100,-4.620,-11.920,2.790,-3.500,-25.375,-28.500,12.500,-2.860,9.310,-1.110,26,0,0,0,1
11005,41.062,-16.938,-96.812,0.550,0.192,-1.035,-19.270,11.140,-6.140,-16.310,1.870,-4.970,-25.375,-28.500,12.500,-2.950,9.270,-1.170,26,0,0,0,1
11015,42.875,-17.812,-97.375,0.798,-1.427,-0.407,-25.190,10.600,-4.840,-22.180,1.350,-3.630,-25.375,-28.500,12.500,-3.000,9.250,-1.200,26,0,0,0,1
11023,42.875,-17.812,-97.375,0.798,-1.427,-0.407,-24.070,10.690,-3.860,-22.180,1.350,-3.630,-25.875,-28.875,12.250,-3.010,9.250,-1.200,26,0,0,0,1
11031,43.812,-17.875,-97.375,0.513,-1.486,0.120,-24.070,10.690,-3.860,-21.050,1.430,-2.650,-25.875,-28.875,12.250,-2.970,9.260,-1.180,26,0,0,0,1
11039,43.875,-17.625,-97.250,-0.012,-0.615,0.478,-8.630,10.390,-0.570,-5.650,1.120,0.600,-25.875,-28.875,12.250,-2.950,9.280,-1.140,26,0,0,0,1
11049,43.625,-17.500,-97.000,-0.516,0.043,0.260,0.450,8.530,0.980,-0.290,0.090,0.740,-25.875,-28.875,12.250,-2.940,9.280,-1.100,26,0,0,0,1
11059,43.250,-17.438,-96.750,-0.574,0.410,0.081,1.740,8.450,0.710,3.390,-0.750,2.080,-25.875,-28.875,12.250,-2.950,9.280,-1.060,26,0,0,0,1
11070,42.812,-17.500,-96.500,-0.641,0.674,-0.216,1.740,8.450,0.710,4.700,-0.830,1.780,-25.875,-28.875,12.250,-2.950,9.280,-1.060,26,0,0,0,1
11078,42.000,-17.625,-96.250,-0.936,1.404,-0.305,2.430,8.990,1.410,5.400,-0.290,2.430,-22.875,-29.688,15.062,-2.960,9.290,-1.020,26,0,0,0,1
11086,40.625,-17.438,-96.125,-0.877,2.026,0.085,4.070,7.290,3.780,7.010,-2.000,4.780,-22.875,-29.688,15.062,-2.940,9.300,-0.990,26,0,0,0,1
11094,40.625,-17.438,-96.125,-0.615,2.166,0.403,4.720,4.260,6.730,7.600,-5.050,7.730,-22.875,-29.688,15.062,-2.880,9.310,-1.000,26,0,0,0,1
11104,39.000,-17.062,-96.125,-0.556,1.650,0.607,15.380,3.030,1.480,18.190,-6.300,2.480,-22.875,-29.688,15.062,-2.810,9.340,-1.000,26,0,0,0,1
11115,37.562,-16.625,-96.062,0.014,0.673,1.175,20.200,4.920,-3.130,22.900,-4.440,-2.110,-22.875,-29.688,15.062,-2.700,9.370,-1.010,26,0,0,0,1
11123,36.562,-15.938,-96.188,0.014,0.673,1.175,16.930,8.820,-7.530,22.900,-4.440,-2.110,-25.562,-29.750,12.562,-2.520,9.410,-1.090,26,0,0,0,1
11131,35.500,-14.938,-96.625,0.784,0.193,1.864,16.930,8.820,-7.530,19.460,-0.590,-6.440,-25.562,-29.750,12.562,-2.520,9.410,-1.090,26,0,0,0,1
11139,34.625,-13.875,-97.125,0.974,0.021,1.886,-7.060,16.050,-11.020,-4.700,6.600,-9.840,-25.562,-29.750,12.562,-2.250,9.460,-1.230,26,0,0,0,1
11149,34.188,-13.250,-97.438,0.614,-0.228,1.161,-29.480,29.260,-4.410,-18.810,12.550,-6.810,-25.562,-29.750,12.562,-2.250,9.450,-1.260,26,0,0,0,1
11160,34.312,-13.250,-97.625,0.352,-0.059,-0.031,-23.280,31.330,-1.820,-27.230,19.800,-3.150,-25.562,-29.750,12.562,-2.280,9.450,-1.260,26,0,0,0,1
11171,33.938,-13.438,-97.625,-0.211,0.988,-0.461,-23.280,31.330,-1.820,-20.990,21.880,-0.550,-25.562,-29.750,12.562,-2.280,9.450,-1.260,26,0,0,0,1
11178,31.688,-12.875,-97.250,-1.314,2.640,0.738,1.690,8.750,-2.900,3.880,-0.720,-1.690,-27.375,-28.688,13.062,-2.180,9.480,-1.200,26,0,0,0,1
11186,29.625,-12.062,-96.500,-1.638,1.920,1.197,7.640,3.020,-1.900,9.690,-6.500,-0.810,-27.375,-28.688,13.062,-2.050,9.520,-1.090,26,0,0,0,1
11200,28.250,-11.312,-95.750,-1.510,0.773,1.341,8.380,1.760,5.850,12.650,-8.720,3.840,-27.375,-28.688,13.062,-1.800,9.600,-0.830,26,0,0,0,1
11210,27.250,-10.562,-94.938,-1.527,0.261,1.237,7.460,5.690,8.670,10.190,-7.830,6.680,-27.375,-28.688,13.062,-1.720,9.620,-0.700,26,0,0,0,1
11221,26.375,-10.125,-94.125,-1.474,0.420,0.803,7.460,5.690,8.670,9.180,-3.920,9.380,-27.375,-28.688,13.062,-1.660,9.640,-0.590,26,0,0,0,1
11229,25.750,-9.750,-93.500,-1.249,0.201,0.661,6.640,6.850,7.450,8.300,-2.780,8.040,-28.688,-27.875,11.000,-1.660,9.640,-0.590,26,0,0,0,1
11236,25.375,-9.375,-93.125,-0.590,-0.097,0.705,3.580,9.660,3.620,5.180,0.000,4.160,-28.688,-27.875,11.000,-1.600,9.660,-0.530,26,0,0,0,1
11246,24.938,-8.938,-93.125,-0.020,0.014,0.790,0.350,12.340,0.820,1.880,2.670,1.350,-28.688,-27.875,11.000,-1.520,9.670,-0.530,26,0,0,0,1
11256,24.125,-8.375,-93.062,-0.160,0.476,0.960,2.850,12.450,1.970,4.280,2.760,2.490,-28.688,-27.875,11.000,-1.430,9.680,-0.520,26,0,0,0,1
11267,22.875,-7.625,-92.750,-0.626,0.838,1.286,7.020,11.870,2.660,8.330,2.160,3.140,-28.688,-27.875,11.000,-1.300,9.700,-0.470,26,0,0,0,1
11275,22.875,-7.625,-92.750,-0.961,0.612,1.550,9.010,10.710,2.660,10.170,0.980,3.060,-30.750,-26.750,11.000,-1.160,9.720,-0.390,26,0,0,0,1
11283,21.562,-6.750,-92.250,-0.961,0.612,1.550,7.190,9.220,1.790,10.170,0.980,3.060,-30.750,-26.750,11.000,-1.020,9.740,-0.290,26,0,0,0,1
11290,20.688,-6.000,-91.688,-1.073,0.035,1.413,5.830,10.190,1.470,8.220,-0.520,2.080,-30.750,-26.750,11.000,-0.930,9.760,-0.180,26,0,0,0,1
11300,20.312,-5.438,-91.062,-1.054,-0.468,1.026,4.170,11.040,1.620,6.760,0.430,1.650,-30.750,-26.750,11.000,-0.850,9.760,-0.080,26,0,0,0,1
11311,20.250,-4.938,-90.438,-1.041,-0.757,0.832,1.010,10.870,1.400,5.030,1.270,1.700,-30.750,-26.750,11.000,-0.770,9.770,0.010,26,0,0,0,1
11322,20.188,-4.500,-89.875,-0.996,-0.800,0.812,1.010,10.870,1.400,1.780,1.100,1.380,-30.750,-26.750,11.000,-0.700,9.780,0.100,26,0,0,0,1
11329,20.062,-4.125,-89.312,-0.922,-0.577,0.759,0.750,10.110,1.330,1.450,0.330,1.220,-34.375,-24.188,9.688,-0.700,9.780,0.100,26,0,0,0,1
11337,19.750,-3.688,-88.875,-0.855,-0.305,0.786,0.420,9.510,1.190,1.050,-0.260,1.000,-34.375,-24.188,9.688,-0.630,9.780,0.190,26,0,0,0,1
11347,19.250,-3.125,-88.375,-0.814,-0.127,0.980,-0.200,9.290,0.980,0.330,-0.490,0.710,-34.375,-24.188,9.688,-0.530,9.780,0.260,26,0,0,0,1
11358,18.562,-2.500,-87.938,-0.844,0.062,1.149,0.650,9.760,1.280,1.080,-0.020,0.930,-34.375,-24.188,9.688,-0.300,9.790,0.420,26,0,0,0,1
11369,17.688,-1.750,-87.500,-0.770,0.212,1.300,2.200,9.790,1.470,2.510,0.000,1.050,-34.375,-24.188,9.688,-0.300,9.790,0.420,26,0,0,0,1
11377,16.812,-0.938,-87.125,-0.641,0.164,1.441,3.070,9.370,1.390,3.240,-0.410,0.910,-34.375,-24.875,9.000,-0.170,9.790,0.480,26,0,0,0,1
11384,16.812,-0.938,-87.125,-0.641,0.164,1.441,2.560,9.230,1.100,2.580,-0.550,0.560,-34.375,-24.875,9.000,-0.020,9.790,0.530,26,0,0,0,1
11392,15.938,-0.125,-86.812,-0.567,-0.015,1.549,1.830,9.490,0.060,1.700,-0.290,-0.510,-34.375,-24.875,9.000,0.120,9.780,0.580,26,0,0,0,1
11402,15.125,0.688,-86.562,-0.501,-0.116,1.558,1.690,9.530,-0.150,1.420,-0.240,-0.780,-34.375,-24.875,9.000,0.260,9.780,0.620,26,0,0,0,1
11413,14.438,1.562,-86.312,-0.464,-0.230,1.498,1.280,9.430,-0.170,0.870,-0.330,-0.850,-34.375,-24.875,9.000,0.400,9.770,0.670,26,0,0,0,1
11422,13.875,2.375,-86.000,-0.530,-0.409,1.438,0.260,9.660,0.050,0.870,-0.330,-0.850,-34.375,-24.875,9.000,0.540,9.760,0.730,26,0,0,0,1
11430,13.312,3.125,-85.688,-0.614,-0.483,1.429,0.260,9.660,0.050,-0.270,-0.100,-0.670,-36.188,-23.750,7.875,0.540,9.760,0.730,26,0,0,0,1
11438,12.875,3.938,-85.312,-0.729,-0.529,1.384,-0.290,9.660,0.300,-0.970,-0.080,-0.490,-36.188,-23.750,7.875,0.670,9.750,0.790,26,0,0,0,1
11448,12.438,4.688,-84.812,-0.872,-0.553,1.323,-0.650,9.360,0.790,-1.460,-0.360,-0.070,-36.188,-23.750,7.875,0.930,9.710,0.970,26,0,0,0,1
11459,12.062,5.438,-84.250,-1.079,-0.625,1.286,-0.260,9.130,1.100,-1.730,-0.660,0.020,-36.188,-23.750,7.875,1.060,9.680,1.080,26,0,0,0,1
11470,11.812,6.188,-83.562,-1.272,-0.726,1.306,-0.260,9.130,1.100,-1.320,-0.550,0.010,-36.188,-23.750,7.875,1.060,9.680,1.080,26,0,0,0,1
11478,11.500,7.062,-82.875,-1.354,-0.867,1.397,-0.770,9.590,0.860,-1.980,-0.060,-0.330,-37.875,-20.875,10.375,1.200,9.650,1.200,26,0,0,0,1
11486,11.500,7.062,-82.875,-1.329,-0.920,1.480,-0.790,9.990,0.490,-2.140,0.370,-0.820,-37.875,-20.875,10.375,1.350,9.620,1.310,26,0,0,0,1
11494,11.250,7.938,-82.188,-1.213,-0.981,1.525,-1.060,10.190,-0.050,-2.570,0.600,-1.460,-37.875,-20.875,10.375,1.510,9.580,1.410,26,0,0,0,1
11504,10.938,8.812,-81.562,-1.182,-1.033,1.682,-2.190,9.580,0.360,-3.870,0.040,-1.130,-37.875,-20.875,10.375,1.680,9.540,1.500,26,0,0,0,1
11514,10.562,9.812,-81.000,-1.132,-0.964,1.784,-2.870,9.540,0.750,-4.730,0.040,-0.840,-37.875,-20.875,10.375,1.850,9.490,1.590,26,0,0,0,1
11523,10.125,10.875,-80.438,-1.132,-0.964,1.784,-2.950,9.500,0.890,-4.730,0.040,-0.840,-37.875,-20.875,10.375,2.030,9.440,1.670,26,0,0,0,1
11531,9.625,11.938,-79.875,-1.045,-0.761,1.750,-2.950,9.500,0.890,-4.990,0.050,-0.780,-39.375,-19.000,10.000,2.030,9.440,1.670,26,0,0,0,1
11539,9.062,12.938,-79.375,-1.059,-0.577,1.710,-2.190,9.570,0.730,-4.390,0.170,-1.020,-39.375,-19.000,10.000,2.350,9.330,1.850,26,0,0,0,1
11549,8.438,13.875,-78.688,-1.165,-0.441,1.653,-1.330,9.930,1.040,-3.690,0.590,-0.800,-39.375,-19.000,10.000,2.490,9.270,1.950,26,0,0,0,1
11560,7.875,14.750,-78.062,-1.189,-0.321,1.508,0.600,10.550,2.300,-2.790,1.020,-0.200,-39.375,-19.000,10.000,2.610,9.220,2.040,26,0,0,0,1
11571,7.438,15.438,-77.438,-1.091,-0.283,1.304,0.600,10.550,2.300,-2.010,1.330,0.260,-39.375,-19.000,10.000,2.610,9.220,2.040,26,0,0,0,1
11579,7.000,16.125,-76.938,-0.926,-0.261,1.167,1.040,10.330,2.740,-1.670,1.150,0.620,-41.188,-15.375,10.750,2.720,9.170,2.120,26,0,0,0,1
11586,7.000,16.125,-76.938,-0.754,-0.241,1.150,1.040,9.980,2.890,-1.790,0.850,0.710,-41.188,-15.375,10.750,2.830,9.130,2.180,26,0,0,0,1
11595,6.562,16.750,-76.500,-0.644,-0.300,1.181,0.900,9.850,2.460,-2.040,0.770,0.230,-41.188,-15.375,10.750,2.940,9.080,2.230,26,0,0,0,2
11605,6.125,17.438,-76.188,-0.532,-0.446,1.256,0.010,9.900,1.410,-3.040,0.870,-0.850,-41.188,-15.375,10.750,3.060,9.030,2.260,26,0,0,0,2
11616,5.688,18.188,-75.875,-0.457,-0.597,1.332,-0.390,10.020,1.130,-3.580,1.040,-1.150,-41.188,-15.375,10.750,3.190,8.980,2.280,26,0,0,0,2
11624,5.250,19.000,-75.688,-0.457,-0.597,1.332,-0.520,10.310,0.670,-3.580,1.040,-1.150,-40.875,-13.250,10.375,3.330,8.930,2.300,26,0,0,0,2
11632,4.875,19.812,-75.500,-0.427,-0.733,1.376,-0.520,10.310,0.670,-3.850,1.380,-1.620,-40.875,-13.250,10.375,3.470,8.870,2.300,26,0,0,0,2
11640,4.500,20.688,-75.375,-0.419,-0.865,1.392,-0.470,10.580,0.330,-3.940,1.700,-1.970,-40.875,-13.250,10.375,3.610,8.810,2.310,26,0,0,0,2
11650,4.188,21.562,-75.250,-0.422,-0.951,1.405,0.070,11.740,-1.550,-3.690,2.630,-2.930,-40.875,-13.250,10.375,3.750,8.760,2.300,26,0,0,0,2
11661,3.875,22.500,-75.250,-0.358,-1.030,1.403,0.340,11.430,-1.510,-3.680,2.980,-3.850,-40.875,-13.250,10.375,3.890,8.700,2.280,26,0,0,0,2
11672,3.562,23.375,-75.250,-0.205,-1.104,1.376,0.340,11.430,-1.510,-3.540,2.730,-3.800,-40.875,-13.250,10.375,4.030,8.650,2.240,26,0,0,0,2
11679,3.375,24.250,-75.438,-0.136,-1.230,1.340,0.220,10.880,-0.320,-3.810,2.230,-2.560,-41.875,-10.750,12.250,4.030,8.650,2.240,26,0,0,0,2
11687,3.188,25.125,-75.562,-0.166,-1.325,1.293,-0.620,11.340,1.350,-4.790,2.750,-0.840,-41.875,-10.750,12.250,4.170,8.590,2.200,26,0,0,0,2
11696,3.188,25.125,-75.562,-0.136,-1.361,1.274,-1.120,11.670,1.690,-5.420,3.130,-0.470,-41.875,-10.750,12.250,4.300,8.540,2.160,26,0,0,0,2
11706,3.062,26.000,-75.750,-0.047,-1.305,1.278,-1.560,11.940,1.750,-5.990,3.450,-0.350,-41.875,-10.750,12.250,4.430,8.480,2.110,26,0,0,0,2
11716,2.625,27.750,-76.250,0.050,-1.158,1.284,-2.460,12.350,1.940,-7.030,3.920,-0.110,-41.875,-10.750,12.250,4.560,8.430,2.050,26,0,0,0,2
11724,2.625,27.750,-76.250,0.050,-1.158,1.284,-2.740,12.020,2.390,-7.030,3.920,-0.110,-41.875,-8.875,14.250,4.680,8.370,2.000,26,0,0,0,2
11732,2.312,28.562,-76.562,0.136,-1.028,1.268,-2.740,12.020,2.390,-7.430,3.640,0.390,-41.875,-8.875,14.250,4.680,8.370,2.000,26,0,0,0,2
11740,2.000,29.312,-76.812,0.161,-0.986,1.180,-3.300,11.670,2.960,-8.110,3.350,1.020,-41.875,-8.875,14.250,4.900,8.280,1.880,26,0,0,0,2
11750,1.812,29.938,-77.125,0.111,-1.038,0.952,-5.560,14.360,-0.180,-8.580,3.890,0.730,-41.875,-8.875,14.250,4.970,8.250,1.810,26,0,0,0,2
11761,1.812,30.500,-77.562,0.163,-1.131,0.730,-7.390,13.810,0.210,-10.540,6.100,-1.990,-41.875,-8.875,14.250,5.040,8.220,1.720,26,0,0,0,2
11772,1.875,30.938,-78.125,0.418,-1.196,0.597,-7.390,13.810,0.210,-12.440,5.580,-1.510,-41.875,-8.875,14.250,5.040,8.220,1.720,26,0,0,0,2
11779,93.438,31.312,-78.875,0.790,-1.132,0.485,-9.460,13.170,-0.220,-14.570,4.950,-1.820,-41.875,-5.500,17.250,5.100,8.210,1.600,26,0,0,0,2
11787,93.438,31.312,-78.875,1.358,-1.092,0.350,-7.800,13.280,-2.570,-12.940,5.060,-4.020,-41.875,-5.500,17.250,5.140,8.220,1.440,26,0,0,0,2
11795,93.312,31.625,-80.000,1.664,-1.293,0.436,-7.160,13.600,-2.110,-12.360,5.380,-3.360,-41.875,-5.500,17.250,5.190,8.220,1.240,26,0,0,0,2
11805,93.188,32.000,-81.312,1.597,-1.086,0.389,-6.320,13.410,-2.470,-11.560,5.190,-3.530,-41.875,-5.500,17.250,5.240,8.210,1.060,26,0,0,0,2
11815,93.000,32.312,-82.562,1.732,-1.014,-0.039,-5.250,12.450,-3.320,-10.500,4.210,-4.190,-41.875,-5.500,17.250,5.240,8.230,0.870,26,0,0,0,2
11824,93.000,32.312,-83.875,1.732,-1.014,-0.039,-1.010,12.400,-0.720,-10.500,4.210,-4.190,-43.062,-2.250,19.250,5.200,8.280,0.700,26,0,0,0,2
11831,93.062,32.000,-85.062,1.672,-0.663,-0.625,-1.010,12.400,-0.720,-6.220,4.120,-1.430,-43.062,-2.250,19.250,5.200,8.280,0.700,26,0,0,0,2
11839,93.312,31.500,-85.875,1.284,-0.153,-0.949,2.100,12.770,1.280,-3.020,4.430,0.680,-43.062,-2.250,19.250,5.120,8.330,0.590,26,0,0,0,2
11849,93.500,30.938,-86.250,0.850,0.292,-0.982,4.200,13.140,3.790,-0.830,4.750,3.240,-43.062,-2.250,19.250,5.040,8.390,0.540,26,0,0,0,2
11860,93.625,30.375,-86.250,0.381,0.723,-1.041,6.220,12.520,3.050,1.260,4.080,2.500,-43.062,-2.250,19.250,4.850,8.500,0.550,26,0,0,0,2
11870,93.875,29.625,-86.250,0.343,0.731,-1.266,7.320,12.350,1.790,2.470,3.840,1.240,-43.062,-2.250,19.250,4.850,8.500,0.550,26,0,0,0,2
11878,94.500,28.688,-86.438,0.519,0.446,-1.649,8.170,13.290,2.960,3.460,4.710,2.430,-43.062,0.062,19.750,4.710,8.580,0.530,26,0,0,0,2
11886,94.500,28.688,-86.438,0.519,0.446,-1.649,8.900,13.890,3.360,4.360,5.210,2.870,-43.062,0.062,19.750,4.540,8.670,0.480,26,0,0,0,2
11894,95.438,27.562,-86.750,0.559,0.076,-2.028,9.990,15.230,0.160,5.650,6.450,-0.270,-43.062,0.062,19.750,4.340,8.770,0.430,26,0,0,0,2
11904,96.562,26.312,-87.125,0.644,0.024,-2.315,8.520,16.400,0.900,4.370,7.520,0.560,-43.062,0.062,19.750,4.140,8.880,0.340,26,0,0,0,2
11914,97.750,25.000,-87.688,0.901,-0.232,-2.369,8.260,16.700,1.760,4.310,7.730,1.520,-43.062,0.062,19.750,3.940,8.970,0.240,26,0,0,0,2
11924,99.062,23.688,-88.375,0.961,-0.505,-2.315,8.390,15.590,0.300,4.310,7.730,1.520,-43.062,0.062,19.750,3.760,9.050,0.140,26,0,0,0,2
11931,100.375,22.562,-89.000,0.849,-0.626,-2.090,8.390,15.590,0.300,4.630,6.540,0.150,-45.688,-2.188,17.250,3.760,9.050,0.140,26,0,0,0,2
11939,101.500,21.500,-89.625,0.810,-0.543,-1.858,9.960,11.960,0.530,6.360,2.840,0.470,-45.688,-2.188,17.250,3.600,9.120,0.050,26,0,0,0,2
11950,102.562,20.562,-90.062,0.595,-0.449,-1.682,9.370,10.230,0.910,5.920,1.050,0.920,-45.688,-2.188,17.250,3.300,9.230,-0.040,26,0,0,0,2
11960,103.750,19.625,-90.250,0.217,-0.507,-1.709,7.630,8.270,-0.130,5.110,0.040,0.350,-45.688,-2.188,17.250,3.110,9.290,-0.060,26,0,0,0,2
11971,105.125,18.500,-90.375,0.019,-0.444,-2.042,7.630,8.270,-0.130,4.510,-1.020,-0.070,-45.688,-2.188,17.250,3.110,9.290,-0.060,26,0,0,0,2
11979,106.562,17.188,-90.438,0.021,-0.307,-2.385,7.400,7.920,0.010,4.500,-1.430,0.090,-45.562,-6.688,16.688,2.900,9.360,-0.070,26,0,0,0,2
11987,106.562,17.188,-90.438,0.016,-0.316,-2.568,7.140,7.800,0.050,4.470,-1.630,0.130,-45.562,-6.688,16.688,2.660,9.430,-0.080,26,0,0,0,2
11994,108.188,15.750,-90.500,0.016,-0.316,-2.568,6.760,8.380,-0.100,4.330,-1.110,0.000,-45.562,-6.688,16.688,2.420,9.500,-0.090,26,0,0,0,2
12005,109.812,14.312,-90.562,0.046,-0.346,-2.626,5.700,8.170,0.710,3.510,-1.380,0.830,-45.562,-6.688,16.688,2.180,9.550,-0.110,26,0,0,0,2
12015,111.375,12.812,-90.688,0.171,-0.289,-2.627,6.250,7.880,0.110,4.320,-1.720,0.250,-45.562,-6.688,16.688,1.930,9.610,-0.140,26,0,0,0,2
12024,112.938,11.312,-90.812,0.240,-0.136,-2.740,6.340,7.310,-0.440,4.320,-1.720,0.250,-45.562,-6.688,16.688,1.660,9.660,-0.180,26,0,0,0,2
12032,114.438,9.750,-91.062,0.418,0.055,-2.817,6.340,7.310,-0.440,4.670,-2.340,-0.250,-45.000,-10.562,16.250,1.660,9.660,-0.180,26,0,0,0,2
12039,115.688,8.312,-91.375,0.628,0.272,-2.632,5.970,6.630,-0.280,4.540,-3.060,-0.040,-45.000,-10.562,16.250,1.420,9.700,-0.230,26,0,0,0,2
12050,116.812,6.938,-91.688,0.705,0.425,-2.517,5.880,6.220,0.100,4.690,-3.510,0.390,-45.000,-10.562,16.250,0.950,9.750,-0.350,26,0,0,0,2
12060,117.875,5.562,-92.062,0.671,0.464,-2.485,5.600,6.370,0.520,4.950,-3.540,1.080,-45.000,-10.562,16.250,0.720,9.770,-0.400,26,0,0,0,2
12071,119.000,4.188,-92.375,0.601,0.418,-2.462,5.600,6.370,0.520,4.880,-3.390,0.930,-45.000,-10.562,16.250,0.720,9.770,-0.400,26,0,0,0,2
12079,120.062,2.875,-92.625,0.492,0.421,-2.433,5.630,5.850,0.970,5.130,-3.930,1.420,-43.375,-16.562,14.750,0.490,9.780,-0.450,26,0,0,0,2
12087,120.062,2.875,-92.625,0.458,0.441,-2.370,5.540,5.670,0.900,5.270,-4.110,1.400,-43.375,-16.562,14.750,0.270,9.790,-0.490,26,0,0,0,2
12094,121.125,1.562,-92.875,0.458,0.441,-2.370,5.480,5.550,0.710,5.430,-4.230,1.250,-43.375,-16.562,14.750,0.050,9.790,-0.540,26,0,0,0,2
12105,122.125,0.250,-93.125,0.521,0.425,-2.325,5.390,5.080,0.930,5.550,-4.700,1.530,-43.375,-16.562,14.750,-0.160,9.780,-0.600,26,0,0,0,2
12115,123.188,-0.938,-93.500,0.600,0.430,-2.314,5.980,4.750,1.800,6.360,-5.010,2.450,-43.375,-16.562,14.750,-0.370,9.770,-0.650,26,0,0,0,2
12124,124.188,-2.188,-93.812,0.575,0.476,-2.260,6.360,4.400,2.140,6.360,-5.010,2.450,-43.375,-16.562,14.750,-0.570,9.760,-0.700,26,0,0,0,2
12132,125.125,-3.375,-94.062,0.454,0.444,-2.171,6.360,4.400,2.140,6.940,-5.350,2.840,-42.062,-20.750,12.375,-0.570,9.760,-0.700,26,0,0,0,2
12140,126.125,-4.500,-94.312,0.352,0.315,-2.127,6.590,4.030,2.420,7.370,-5.710,3.160,-42.062,-20.750,12.375,-0.770,9.740,-0.730,26,0,0,0,2
12150,127.188,-5.688,-94.438,0.265,0.208,-2.142,6.850,3.810,2.240,7.820,-5.910,3.000,-42.062,-20.750,12.375,-1.170,9.700,-0.780,26,0,0,0,2
12161,128.312,-6.875,-94.562,0.187,0.133,-2.160,7.030,3.580,2.230,8.310,-6.140,3.120,-42.062,-20.750,12.375,-1.380,9.670,-0.790,26,0,0,0,2
12172,129.562,-8.062,-94.625,0.081,0.001,-2.169,7.030,3.580,2.230,8.410,-6.080,3.020,-42.062,-20.750,12.375,-1.380,9.670,-0.790,26,0,0,0,2
12179,130.875,-9.312,-94.625,-0.068,-0.175,-2.190,6.870,3.730,1.970,8.460,-5.910,2.750,-39.250,-24.875,12.062,-1.580,9.640,-0.780,26,0,0,0,2
12187,130.875,-9.312,-94.625,-0.206,-0.351,-2.161,5.620,4.420,0.950,7.410,-5.180,1.700,-39.250,-24.875,12.062,-1.790,9.610,-0.750,26,0,0,0,2
12195,132.250,-10.500,-94.438,-0.206,-0.351,-2.161,4.260,5.190,0.520,6.240,-4.380,1.240,-39.250,-24.875,12.062,-1.970,9.570,-0.710,26,0,0,0,2
12205,133.562,-11.625,-94.250,-0.446,-0.389,-1.448,2.540,5.260,0.260,4.660,-4.290,0.930,-39.250,-24.875,12.062,-2.110,9.550,-0.660,26,0,0,0,2
12215,134.500,-12.438,-94.000,-0.529,-0.206,-1.066,0.490,5.550,0.620,2.710,-3.970,1.230,-39.250,-24.875,12.062,-2.210,9.530,-0.610,26,0,0,0,2
12224,135.125,-13.000,-93.688,-0.529,-0.206,-1.066,-2.510,8.810,-1.530,2.710,-3.970,1.230,-39.250,-24.875,12.062,-2.310,9.510,-0.550,26,0,0,0,2
12232,135.688,-13.625,-93.312,-0.644,-0.051,-1.066,-2.510,8.810,-1.530,-0.200,-0.700,-0.980,-36.375,-27.875,11.062,-2.310,9.510,-0.550,26,0,0,0,2
12240,136.188,-14.312,-93.062,-0.481,0.260,-1.268,-2.660,10.390,-3.950,-0.230,0.900,-3.430,-36.375,-27.875,11.062,-2.420,9.480,-0.510,26,0,0,0,2
12250,136.438,-15.062,-93.188,-0.032,0.903,-1.436,-3.510,11.830,-6.330,-0.960,2.380,-5.800,-36.375,-27.875,11.062,-2.690,9.410,-0.610,26,0,0,0,2
12261,136.812,-15.875,-93.688,0.531,1.024,-1.538,-13.600,13.490,-3.520,-6.850,3.980,-5.920,-36.375,-27.875,11.062,-2.820,9.360,-0.710,26,0,0,0,2
12272,137.500,-16.750,-94.312,0.932,0.620,-1.573,-13.600,13.490,-3.520,-10.770,4.130,-2.810,-36.375,-27.875,11.062,-2.820,9.360,-0.710,26,0,0,0,2
12280,137.875,-17.500,-94.812,0.579,0.876,-1.417,-13.600,12.210,-2.400,-10.650,2.890,-1.620,-33.375,-30.250,10.688,-2.950,9.310,-0.780,26,0,0,0,2
12287,137.875,-17.500,-94.812,0.122,0.765,-1.117,-11.950,10.160,-3.400,-8.910,0.880,-2.580,-33.375,-30.250,10.688,-3.040,9.280,-0.820,26,0,0,0,2
12296,138.062,-18.062,-95.000,0.140,-0.183,-0.701,-16.660,9.490,-3.670,-13.550,0.220,-2.840,-33.375,-30.250,10.688,-3.100,9.260,-0.820,26,0,0,0,2
12306,138.625,-18.438,-95.062,0.230,-0.843,-0.470,-17.500,10.650,-2.950,-14.340,1.400,-2.130,-33.375,-30.250,10.688,-3.150,9.240,-0.820,26,0,0,0,2
12316,139.375,-18.750,-95.062,0.001,-0.687,-0.214,-14.110,12.410,-1.580,-10.930,3.170,-0.770,-33.375,-30.250,10.688,-3.180,9.240,-0.800,26,0,0,0,2
12325,139.875,-18.938,-94.938,0.001,-0.687,-0.214,-10.630,12.370,0.330,-10.930,3.170,-0.770,-33.375,-30.250,10.688,-3.160,9.250,-0.780,26,0,0,0,2
12333,139.812,-18.750,-94.812,-0.170,-0.227,0.281,-10.630,12.370,0.330,-7.470,3.120,1.120,-32.562,-33.188,9.250,-3.160,9.250,-0.780,26,0,0,0,2
12341,139.500,-18.500,-94.625,-0.313,0.115,0.434,-4.410,10.500,0.130,-1.290,1.230,0.890,-32.562,-33.188,9.250,-3.090,9.270,-0.730,26,0,0,0,2
12351,138.875,-18.375,-94.500,-0.399,0.666,0.244,0.440,8.340,0.970,1.270,0.110,1.580,-32.562,-33.188,9.250,-3.070,9.280,-0.730,26,0,0,0,2
12362,138.000,-18.250,-94.500,-0.549,1.344,0.049,5.110,5.980,2.610,3.520,-0.940,1.700,-32.562,-33.188,9.250,-3.050,9.290,-0.710,26,0,0,0,2
12373,136.625,-18.125,-94.375,-0.798,2.013,0.097,5.110,5.980,2.610,8.170,-3.300,3.330,-32.562,-33.188,9.250,-3.050,9.290,-0.710,26,0,0,0,2
12380,135.062,-17.875,-94.375,-0.815,2.299,0.232,7.210,4.630,3.660,10.230,-4.660,4.380,-32.562,-34.875,11.375,-3.010,9.300,-0.710,26,0,0,0,2
12388,135.062,-17.875,-94.375,-0.693,2.325,0.413,8.330,3.440,6.330,11.290,-5.870,7.050,-32.562,-34.875,11.375,-2.960,9.310,-0.710,26,0,0,0,2
12396,133.375,-17.562,-94.375,-0.644,1.998,0.649,11.960,4.490,3.790,14.850,-4.850,4.500,-32.562,-34.875,11.375,-2.890,9.340,-0.710,26,0,0,0,2
12407,131.750,-17.125,-94.375,0.044,0.939,1.182,16.430,12.590,-11.660,19.210,3.210,-10.920,-32.562,-34.875,11.375,-2.770,9.370,-0.740,26,0,0,0,2
12417,130.562,-16.438,-94.500,1.165,0.492,1.772,5.730,15.860,-16.470,8.350,6.450,-15.610,-32.562,-34.875,11.375,-2.610,9.410,-0.860,26,0,0,0,2
12425,129.500,-15.438,-95.188,1.165,0.492,1.772,-11.380,17.790,-13.250,8.350,6.450,-15.610,-33.500,-34.750,5.000,-2.450,9.440,-0.990,26,0,0,0,2
12433,128.625,-14.500,-96.000,1.417,0.232,1.718,-11.380,17.790,-13.250,-8.930,8.350,-12.250,-33.500,-34.750,5.000,-2.370,9.450,-1.070,26,0,0,0,2
12441,128.312,-14.000,-96.438,0.807,-0.076,0.897,-31.000,28.020,-4.200,-28.630,18.570,-3.130,-33.500,-34.750,5.000,-2.380,9.450,-1.060,26,0,0,0,2
12451,127.875,-14.000,-96.438,-0.251,0.798,-0.154,-3.860,15.940,-3.830,-12.630,17.460,-3.740,-33.500,-34.750,5.000,-2.300,9.470,-1.000,26,0,0,0,2
12462,125.938,-13.562,-96.062,-1.229,2.427,0.571,7.030,6.420,0.000,-1.560,6.460,-2.820,-33.500,-34.750,5.000,-2.170,9.510,-0.910,26,0,0,0,2
12473,123.812,-12.750,-95.500,-1.485,2.104,1.192,7.030,6.420,0.000,9.210,-3.090,0.900,-33.500,-34.750,5.000,-2.170,9.510,-0.910,26,0,0,0,2
12481,122.562,-12.062,-94.688,-1.488,0.549,1.292,11.380,1.890,4.560,13.430,-7.660,5.350,-36.250,-30.688,6.500,-2.050,9.550,-0.790,26,0,0,0,2
12488,121.938,-11.312,-93.750,-1.557,-0.602,1.397,8.420,3.030,6.100,10.340,-6.560,6.740,-36.250,-30.688,6.500,-1.920,9.590,-0.630,26,0,0,0,2
12496,121.938,-11.312,-93.750,-1.273,-0.656,1.046,7.190,4.060,8.950,9.020,-5.560,9.460,-36.250,-30.688,6.500,-1.830,9.620,-0.500,26,0,0,0,2
12507,121.625,-10.750,-93.000,-1.216,-0.612,0.813,4.750,5.050,9.380,6.510,-4.580,9.760,-36.250,-30.688,6.500,-1.750,9.640,-0.380,26,0,0,0,2
12517,121.375,-10.312,-92.250,-0.837,-0.898,0.509,1.330,10.640,3.940,3.040,0.990,4.220,-36.250,-30.688,6.500,-1.710,9.650,-0.280,26,0,0,0,2
12525,121.500,-10.062,-91.688,-0.837,-0.898,0.509,0.320,12.530,1.510,3.040,0.990,4.220,-37.688,-30.250,3.000,-1.670,9.650,-0.270,26,0,0,0,2
12533,121.500,-9.750,-91.562,-0.124,-0.422,0.480,0.320,12.530,1.510,1.990,2.870,1.780,-37.688,-30.250,3.000,-1.670,9.650,-0.270,26,0,0,0,2
12541,120.875,-9.312,-91.625,0.007,0.293,0.792,0.760,13.010,1.400,2.350,3.330,1.680,-37.688,-30.250,3.000,-1.470,9.690,-0.250,26,0,0,0,2
12551,119.750,-8.625,-91.438,-0.356,0.657,1.263,9.160,9.800,1.740,8.130,1.280,2.010,-37.688,-30.250,3.000,-1.320,9.710,-0.190,26,0,0,0,2
12562,118.375,-7.750,-91.125,-0.721,0.825,1.601,8.350,9.130,1.560,10.490,0.090,1.930,-37.688,-30.250,3.000,-1.170,9.730,-0.110,26,0,0,0,2
12573,117.250,-6.812,-90.625,-0.935,0.312,1.590,8.350,9.130,1.560,9.520,-0.590,1.670,-37.688,-30.250,3.000,-1.170,9.730,-0.110,26,0,0,0,2
12581,116.625,-6.062,-90.125,-0.878,-0.367,1.345,6.340,9.250,1.720,7.390,-0.490,1.750,-37.750,-28.062,2.688,-1.040,9.750,-0.020,26,0,0,0,2
12588,116.625,-6.062,-90.125,-0.830,-0.696,0.994,3.900,10.880,1.660,4.850,1.120,1.600,-37.750,-28.062,2.688,-0.950,9.760,0.060,26,0,0,0,2
12597,116.438,-5.562,-89.625,-0.922,-0.880,0.687,2.210,11.490,1.580,3.090,1.730,1.420,-37.750,-28.062,2.688,-0.880,9.760,0.150,26,0,0,0,2
12607,116.500,-5.125,-89.062,-0.901,-0.981,0.740,0.120,10.580,1.690,0.940,0.810,1.440,-37.750,-28.062,2.688,-0.810,9.760,0.240,26,0,0,0,2
12617,116.562,-4.750,-88.500,-0.938,-0.724,0.817,-0.380,8.940,1.120,0.340,-0.820,0.770,-37.750,-28.062,2.688,-0.730,9.770,0.340,26,0,0,0,2
12626,116.438,-4.250,-87.938,-0.938,-0.724,0.817,0.260,9.070,1.100,0.340,-0.820,0.770,-37.750,-28.062,2.688,-0.650,9.770,0.430,26,0,0,0,2
12633,116.125,-3.750,-87.438,-0.921,-0.314,0.876,0.260,9.070,1.100,0.910,-0.700,0.660,-39.562,-26.562,1.062,-0.650,9.770,0.430,26,0,0,0,2
12641,115.500,-3.188,-87.062,-0.702,0.014,1.036,0.800,9.240,1.300,1.360,-0.530,0.800,-39.562,-26.562,1.062,-0.430,9.780,0.550,26,0,0,0,2
12652,114.750,-2.562,-86.750,-0.575,0.155,1.214,2.840,9.290,1.560,2.220,-0.410,0.700,-39.562,-26.562,1.062,-0.300,9.780,0.600,26,0,0,0,2
12662,113.938,-1.750,-86.438,-0.572,0.067,1.366,2.440,9.260,1.350,3.150,-0.480,0.950,-39.562,-26.562,1.062,-0.170,9.780,0.650,26,0,0,0,2
12673,113.188,-0.938,-86.125,-0.492,-0.153,1.458,2.440,9.260,1.350,2.610,-0.520,0.700,-39.562,-26.562,1.062,-0.170,9.780,0.650,26,0,0,0,2
12681,112.562,-0.188,-85.938,-0.400,-0.389,1.424,1.970,9.040,1.080,2.010,-0.730,0.380,-42.875,-24.375,1.188,-0.030,9.780,0.690,26,0,0,0,2
12689,112.562,-0.188,-85.938,-0.416,-0.622,1.322,1.260,9.040,0.780,1.160,-0.730,0.040,-42.875,-24.375,1.188,0.090,9.770,0.730,26,0,0,0,2
12697,112.188,0.562,-85.688,-0.467,-0.766,1.244,-0.370,9.640,-0.310,-0.590,-0.120,-1.080,-42.875,-24.375,1.188,0.210,9.770,0.770,26,0,0,0,2
12708,111.875,1.250,-85.438,-0.483,-0.766,1.190,-0.560,9.630,-0.320,-0.900,-0.120,-1.130,-42.875,-24.375,1.188,0.330,9.760,0.810,26,0,0,0,2
12718,111.625,1.938,-85.188,-0.529,-0.696,1.177,-1.020,9.580,-0.060,-1.480,-0.170,-0.920,-42.875,-24.375,1.188,0.450,9.750,0.860,26,0,0,0,2
12726,111.312,2.625,-84.875,-0.529,-0.696,1.177,-1.350,9.520,0.700,-1.480,-0.170,-0.920,-43.000,-21.250,1.250,0.560,9.740,0.910,26,0,0,0,2
12734,111.000,3.312,-84.562,-0.585,-0.605,1.154,-1.350,9.520,0.700,-1.920,-0.210,-0.210,-43.000,-21.250,1.250,0.680,9.730,0.970,26,0,0,0,2
12742,110.688,4.000,-84.250,-0.692,-0.587,1.192,-1.440,9.410,1.040,-2.130,-0.310,0.060,-43.000,-21.250,1.250,0.810,9.710,1.050,26,0,0,0,2
12752,110.312,4.688,-83.812,-0.813,-0.608,1.249,-0.300,9.030,1.040,-1.490,-0.720,0.030,-43.000,-21.250,1.250,0.940,9.690,1.120,26,0,0,0,2
12763,109.938,5.500,-83.375,-0.840,-0.641,1.302,-3.230,10.520,0.600,-1.240,-0.660,-0.080,-43.000,-21.250,1.250,1.070,9.670,1.180,26,0,0,0,2
12773,109.562,6.250,-83.000,-0.716,-0.706,1.374,-3.230,10.520,0.600,-4.310,0.840,-0.570,-43.000,-21.250,1.250,1.070,9.670,1.180,26,0,0,0,2
12781,109.188,7.062,-82.625,-0.661,-0.587,1.319,-3.420,10.550,0.390,-4.630,0.900,-0.840,-44.062,-19.375,2.062,1.200,9.650,1.240,26,0,0,0,2
12789,108.750,7.750,-82.250,-0.708,-0.400,1.213,-2.750,10.420,-0.510,-4.070,0.800,-1.810,-44.062,-19.375,2.062,1.320,9.620,1.300,26,0,0,0,2
12797,108.750,7.750,-82.250,-0.757,-0.197,1.235,-2.160,9.470,-0.730,-3.600,-0.130,-2.100,-44.062,-19.375,2.062,1.440,9.600,1.370,26,0,0,0,2
12808,108.188,8.438,-81.875,-0.860,-0.021,1.324,-1.270,9.490,-0.060,-2.830,-0.070,-1.510,-44.062,-19.375,2.062,1.560,9.570,1.440,26,0,0,0,2
12818,107.500,9.188,-81.375,-1.010,-0.111,1.345,-0.950,9.720,-0.010,-2.640,0.180,-1.550,-44.062,-19.375,2.062,1.690,9.530,1.540,26,0,0,0,2
12826,106.938,9.875,-80.812,-1.010,-0.111,1.345,-0.920,9.370,0.630,-2.640,0.180,-1.550,-45.562,-17.250,3.688,1.820,9.490,1.630,26,0,0,0,2
12834,106.375,10.688,-80.188,-1.050,-0.288,1.368,-0.920,9.370,0.630,-2.740,-0.120,-0.990,-45.562,-17.250,3.688,1.820,9.490,1.630,26,0,0,0,2
12842,105.875,11.500,-79.562,-1.172,-0.385,1.397,-0.660,9.090,1.730,-2.620,-0.350,0.000,-45.562,-17.250,3.688,2.090,9.400,1.840,26,0,0,0,2
12852,105.375,12.312,-78.875,-1.282,-0.382,1.452,0.220,9.380,2.300,-2.350,-0.290,0.370,-45.562,-17.250,3.688,2.240,9.340,1.950,26,0,0,0,2
12863,104.812,13.188,-78.188,-1.292,-0.307,1.550,0.450,9.690,2.220,-2.010,0.040,0.340,-45.562,-17.250,3.688,2.390,9.280,2.050,26,0,0,0,2
12874,104.125,14.125,-77.500,-1.216,-0.260,1.628,0.450,9.690,2.220,-1.930,0.400,0.160,-45.562,-17.250,3.688,2.390,9.280,2.050,26,0,0,0,2
12882,103.438,15.000,-76.875,-1.089,-0.259,1.659,0.970,10.100,1.700,-1.570,0.880,-0.440,-46.250,-14.688,2.875,2.540,9.220,2.140,26,0,0,0,2
12889,103.438,15.000,-76.875,-0.852,-0.297,1.638,0.770,10.200,1.330,-1.920,1.040,-0.880,-46.250,-14.688,2.875,2.700,9.160,2.210,26,0,0,0,2
12898,102.750,15.938,-76.375,-0.596,-0.442,1.584,0.470,9.950,1.090,-2.370,0.840,-1.160,-46.250,-14.688,2.875,2.850,9.100,2.250,26,0,0,0,2
12908,102.125,16.875,-76.062,-0.469,-0.586,1.490,0.120,9.860,1.280,-2.860,0.810,-0.990,-46.250,-14.688,2.875,2.990,9.050,2.280,26,0,0,0,2
12918,101.625,17.750,-75.812,-0.406,-0.687,1.403,-0.150,10.000,1.110,-3.280,1.000,-1.180,-46.250,-14.688,2.875,3.130,9.000,2.290,26,0,0,0,2
12927,101.188,18.562,-75.625,-0.406,-0.687,1.403,-0.180,10.030,1.060,-3.280,1.000,-1.180,-47.250,-10.250,1.688,3.260,8.950,2.300,26,0,0,0,2
12934,100.812,19.438,-75.562,-0.315,-0.769,1.346,-0.180,10.030,1.060,-3.450,1.080,-1.230,-47.250,-10.250,1.688,3.390,8.900,2.290,26,0,0,0,2
12942,100.438,20.250,-75.500,-0.237,-0.756,1.332,0.160,10.060,0.970,-3.230,1.150,-1.320,-47.250,-10.250,1.688,3.530,8.850,2.290,26,0,0,0,2
12952,100.000,21.062,-75.500,-0.200,-0.752,1.388,1.320,10.790,0.470,-2.390,1.390,-1.560,-47.250,-10.250,1.688,3.670,8.800,2.270,26,0,0,0,2
12963,99.500,22.000,-75.438,-0.180,-0.768,1.475,0.940,11.420,0.450,-2.350,1.990,-1.790,-47.250,-10.250,1.688,3.820,8.740,2.260,26,0,0,0,2
12974,99.062,22.938,-75.438,-0.161,-0.838,1.524,0.940,11.420,0.450,-2.870,2.680,-1.810,-47.250,-10.250,1.688,3.970,8.680,2.230,26,0,0,0,2
12982,98.625,23.875,-75.500,-0.124,-0.950,1.476,0.360,11.970,0.480,-3.600,3.280,-1.740,-48.375,-7.750,3.688,3.970,8.680,2.230,26,0,0,0,2
12989,98.312,24.750,-75.688,-0.060,-1.049,1.377,-1.240,12.610,1.240,-5.350,3.980,-0.950,-48.375,-7.750,3.688,4.100,8.620,2.200,26,0,0,0,2
12998,98.312,24.750,-75.688,-0.001,-1.009,1.284,-1.630,13.010,1.210,-5.860,4.440,-0.940,-48.375,-7.750,3.688,4.230,8.570,2.150,26,0,0,0,2
13008,98.000,25.562,-75.812,0.067,-0.914,1.230,-1.630,13.030,1.130,-5.990,4.510,-0.980,-48.375,-7.750,3.688,4.350,8.520,2.110,26,0,0,0,2
13019,97.625,26.375,-76.000,0.176,-0.813,1.258,-2.030,12.360,1.390,-6.510,3.890,-0.660,-48.375,-7.750,3.688,4.470,8.470,2.060,26,0,0,0,2
13027,97.250,27.125,-76.250,0.176,-0.813,1.258,-2.710,12.140,1.920,-6.510,3.890,-0.660,-48.688,-5.688,6.500,4.590,8.420,2.010,26,0,0,0,2
13034,96.812,27.938,-76.500,0.200,-0.792,1.276,-2.710,12.140,1.920,-7.300,3.720,-0.090,-48.688,-5.688,6.500,4.590,8.420,2.010,26,0,0,0,2
13042,96.438,28.625,-76.750,0.181,-0.839,1.155,-3.790,12.180,2.110,-8.500,3.800,0.150,-48.688,-5.688,6.500,4.790,8.330,1.900,26,0,0,0,2
13052,96.250,29.250,-77.062,0.201,-0.886,0.915,-7.460,13.940,-0.450,-9.640,4.490,-0.480,-48.688,-5.688,6.500,4.860,8.310,1.830,26,0,0,0,2
13063,96.188,29.750,-77.500,0.311,-0.948,0.673,-8.880,13.590,-1.410,-12.330,5.630,-2.290,-48.688,-5.688,6.500,4.930,8.290,1.740,26,0,0,0,2
13074,96.062,30.188,-78.125,0.624,-0.946,0.638,-8.880,13.590,-1.410,-13.810,5.300,-3.150,-48.688,-5.688,6.500,4.930,8.290,1.740,26,0,0,0,2
13082,95.750,30.625,-79.000,1.187,-0.830,0.628,-8.670,13.640,-2.260,-13.670,5.360,-3.870,-48.375,-2.688,7.000,5.000,8.280,1.600,26,0,0,0,2
13089,95.750,30.625,-79.000,1.726,-1.005,0.573,-7.470,13.250,-1.620,-12.530,4.980,-3.040,-48.375,-2.688,7.000,5.060,8.270,1.410,26,0,0,0,2
13098,95.438,31.062,-80.250,1.704,-1.179,0.437,-7.000,13.490,-1.690,-12.110,5.210,-2.920,-48.375,-2.688,7.000,5.110,8.270,1.220,26,0,0,0,2
13108,95.250,31.375,-81.562,1.791,-1.263,0.194,-7.360,12.900,-2.340,-12.510,4.620,-3.360,-48.375,-2.688,7.000,5.140,8.280,1.010,26,0,0,0,2
13118,95.188,31.562,-82.938,1.935,-1.165,-0.252,-6.490,11.930,-2.160,-11.620,3.610,-2.960,-48.375,-2.688,7.000,5.130,8.310,0.800,26,0,0,0,2
13127,95.312,31.500,-84.438,1.935,-1.165,-0.252,-1.010,12.650,1.060,-11.620,3.610,-2.960,-47.188,-0.875,8.062,5.070,8.360,0.630,26,0,0,0,2
13135,95.500,31.125,-85.625,1.733,-0.571,-0.770,-1.010,12.650,1.060,-6.090,4.280,0.420,-47.188,-0.875,8.062,4.990,8.420,0.530,26,0,0,0,2
13142,95.688,30.562,-86.375,1.328,0.087,-0.983,2.260,12.910,3.470,-2.730,4.490,2.930,-47.188,-0.875,8.062,4.900,8.470,0.500,26,0,0,0,2
13153,95.688,30.000,-86.562,0.783,0.677,-1.014,4.710,11.540,2.900,-0.720,3.330,4.190,-47.188,-0.875,8.062,4.810,8.520,0.530,26,0,0,0,2
13163,95.625,29.375,-86.375,0.314,1.199,-0.994,6.930,13.060,3.060,-0.100,3.010,2.370,-47.188,-0.875,8.062,4.700,8.580,0.570,26,0,0,0,2
13174,95.500,28.688,-86.125,0.393,1.616,-1.223,6.930,13.060,3.060,2.220,4.480,2.490,-47.188,-0.875,8.062,4.550,8.660,0.580,26,0,0,0,2
13182,95.625,27.625,-86.125,0.598,1.377,-1.739,8.150,14.260,5.540,3.590,5.600,4.960,-45.250,-1.188,9.250,4.550,8.660,0.580,26,0,0,0,2
13190,96.125,26.438,-86.125,0.516,1.158,-2.089,10.750,15.330,3.880,6.380,6.570,3.290,-45.250,-1.188,9.250,4.370,8.750,0.590,26,0,0,0,2
13203,96.750,25.250,-86.250,0.637,0.910,-2.111,8.060,16.770,3.560,5.300,6.990,2.000,-45.250,-1.188,9.250,4.000,8.930,0.500,26,0,0,0,2
13213,97.500,24.062,-86.688,0.933,0.358,-2.069,7.500,17.640,3.370,4.050,7.840,3.050,-45.250,-1.188,9.250,3.820,9.020,0.410,26,0,0,0,2
13224,98.438,22.938,-87.312,1.070,0.004,-2.119,7.500,17.640,3.370,3.670,8.620,2.950,-45.250,-1.188,9.250,3.820,9.020,0.410,26,0,0,0,2
13232,99.500,21.750,-87.938,1.020,-0.057,-2.154,8.530,16.340,1.050,4.900,7.240,0.730,-45.875,-4.062,7.250,3.630,9.100,0.320,26,0,0,0,2
13240,99.500,21.750,-87.938,1.053,0.095,-2.058,10.180,12.200,2.050,6.730,3.020,1.820,-45.875,-4.062,7.250,3.450,9.170,0.230,26,0,0,0,2
13249,100.375,20.562,-88.500,0.800,0.193,-1.817,9.250,11.030,1.760,5.960,1.800,1.590,-45.875,-4.062,7.250,3.280,9.230,0.160,26,0,0,0,2
13259,101.875,18.562,-89.188,0.599,0.259,-1.787,8.590,10.170,1.080,5.460,0.870,0.960,-45.875,-4.062,7.250,3.120,9.290,0.120,26,0,0,0,2
13269,102.688,17.500,-89.438,0.544,0.325,-1.971,8.040,8.570,1.170,5.090,-0.780,1.080,-45.875,-4.062,7.250,2.950,9.350,0.080,26,0,0,0,2
13277,102.688,17.500,-89.438,0.544,0.325,-1.971,8.130,8.550,0.330,5.090,-0.780,1.080,-44.062,-9.500,6.688,2.730,9.410,0.050,26,0,0,0,2
13285,103.812,16.188,-89.625,0.383,0.223,-2.343,8.130,8.550,0.330,5.390,-0.860,0.280,-44.062,-9.500,6.688,2.480,9.480,0.020,26,0,0,0,2
13293,105.125,14.688,-89.812,0.447,0.254,-2.736,8.030,8.650,0.380,5.540,-0.820,0.360,-44.062,-9.500,6.688,2.210,9.550,-0.010,26,0,0,0,2
13303,106.688,13.000,-90.062,0.465,0.091,-2.946,6.830,8.280,0.170,5.660,-0.480,0.280,-44.062,-9.500,6.688,1.930,9.610,-0.070,26,0,0,0,2
13314,108.250,11.375,-90.438,0.640,0.004,-2.990,7.020,6.220,0.330,4.890,-1.320,0.250,-44.062,-9.500,6.688,1.670,9.660,-0.160,26,0,0,0,2
13325,109.625,9.812,-90.938,0.910,0.204,-2.855,7.020,6.220,0.330,5.350,-3.430,0.490,-44.062,-9.500,6.688,1.410,9.700,-0.250,26,0,0,0,2
13332,110.812,8.312,-91.438,1.043,0.413,-2.715,6.960,5.750,-0.660,5.540,-3.940,-0.400,-43.688,-14.875,5.375,1.410,9.700,-0.250,26,0,0,0,2
13340,111.938,6.875,-91.938,0.891,0.394,-2.568,6.840,6.270,-0.340,5.660,-3.450,-0.010,-43.688,-14.875,5.375,1.170,9.720,-0.330,26,0,0,0,2
13349,113.000,5.562,-92.375,0.862,0.418,-2.386,6.060,6.620,-0.220,5.100,-3.120,0.170,-43.688,-14.875,5.375,0.950,9.750,-0.400,26,0,0,0,2
13359,113.000,5.562,-92.375,0.814,0.423,-2.258,6.030,6.210,-0.170,5.290,-3.550,0.300,-43.688,-14.875,5.375,0.740,9.760,-0.480,26,0,0,0,2
13369,114.875,3.062,-93.250,0.908,0.540,-2.315,6.400,5.530,-0.150,5.870,-4.240,0.410,-43.688,-14.875,5.375,0.520,9.770,-0.560,26,0,0,0,2
13377,114.875,3.062,-93.250,0.908,0.540,-2.315,6.330,4.680,0.490,5.870,-4.240,0.410,-41.500,-19.688,6.188,0.300,9.770,-0.650,26,0,0,0,2
13385,115.812,1.750,-93.812,0.985,0.569,-2.374,6.330,4.680,0.490,6.020,-5.090,1.150,-41.500,-19.688,6.188,0.300,9.770,-0.650,26,0,0,0,2
13393,116.812,0.500,-94.312,0.995,0.496,-2.329,6.100,4.590,0.640,6.010,-5.180,1.380,-41.500,-19.688,6.188,-0.120,9.760,-0.830,26,0,0,0,2
13403,117.812,-0.688,-94.875,0.954,0.419,-2.277,5.760,4.190,1.110,5.920,-5.400,1.500,-41.500,-19.688,6.188,-0.320,9.750,-0.910,26,0,0,0,2
13414,118.750,-1.875,-95.312,0.820,0.448,-2.164,6.700,4.260,1.840,6.080,-5.550,2.030,-41.500,-19.688,6.188,-0.510,9.740,-0.980,26,0,0,0,2
13424,119.688,-3.000,-95.688,0.656,0.416,-2.055,6.700,4.260,1.840,7.220,-5.480,2.820,-41.500,-19.688,6.188,-0.510,9.740,-0.980,26,0,0,0,2
13432,120.625,-4.062,-96.062,0.569,0.269,-1.961,7.000,4.020,1.860,7.700,-5.690,2.890,-39.250,-24.750,5.750,-0.690,9.720,-1.030,26,0,0,0,2
13440,120.625,-4.062,-96.062,0.530,0.128,-1.906,7.110,3.960,1.610,7.980,-5.740,2.700,-39.250,-24.750,5.750,-0.870,9.700,-1.080,26,0,0,0,2
13449,121.625,-5.062,-96.375,0.515,-0.015,-1.951,7.160,3.800,1.030,8.220,-5.870,2.160,-39.250,-24.750,5.750,-1.050,9.680,-1.130,26,0,0,0,2
13459,122.750,-6.188,-96.625,0.482,-0.148,-2.035,7.270,3.290,0.410,8.520,-6.350,1.590,-39.250,-24.750,5.750,-1.240,9.650,-1.170,26,0,0,0,2
13469,124.000,-7.312,-96.938,0.289,-0.168,-2.095,7.280,3.320,0.460,8.730,-6.300,1.670,-39.250,-24.750,5.750,-1.440,9.620,-1.200,26,0,0,0,2
13477,125.312,-8.438,-97.125,0.289,-0.168,-2.095,6.780,3.380,0.550,8.730,-6.300,1.670,-35.375,-27.375,6.375,-1.640,9.590,-1.190,26,0,0,0,2
13485,126.688,-9.625,-97.125,0.026,-0.385,-2.078,6.780,3.380,0.550,8.430,-6.210,1.750,-35.375,-27.375,6.375,-1.830,9.560,-1.170,26,0,0,0,2
13493,128.188,-10.750,-96.938,-0.157,-0.758,-1.908,3.550,4.330,0.790,5.380,-5.220,1.970,-35.375,-27.375,6.375,-1.990,9.530,-1.120,26,0,0,0,2
13503,129.625,-11.688,-96.688,-0.347,-0.930,-1.635,1.940,5.220,0.830,3.930,-4.310,1.960,-35.375,-27.375,6.375,-2.120,9.510,-1.040,26,0,0,0,2
13514,130.938,-12.500,-96.250,-0.637,-1.037,-1.349,-2.100,6.070,0.900,1.960,-3.620,1.880,-35.375,-27.375,6.375,-2.230,9.500,-0.940,26,0,0,0,2
13524,131.938,-13.188,-95.625,-0.865,-0.902,-1.122,-2.100,6.070,0.900,0.130,-3.420,1.840,-35.375,-27.375,6.375,-2.230,9.500,-0.940,26,0,0,0,2
13532,132.875,-13.875,-95.062,-0.917,-0.518,-1.275,-3.410,10.180,-2.340,-1.050,0.700,-1.490,-32.062,-32.062,7.188,-2.360,9.480,-0.840,26,0,0,0,2
13540,133.500,-14.688,-94.750,-0.626,0.101,-1.486,-4.410,12.620,-4.590,-1.910,3.170,-3.790,-32.062,-32.062,7.188,-2.490,9.450,-0.790,26,0,0,0,2
13549,133.500,-14.688,-94.750,-0.104,0.518,-1.530,-6.560,14.320,-6.980,-3.920,4.910,-6.180,-32.062,-32.062,7.188,-2.630,9.410,-0.790,26,0,0,0,2
13559,134.062,-15.562,-94.812,0.579,0.155,-1.489,-15.140,14.210,-2.180,-12.370,4.840,-1.320,-32.062,-32.062,7.188,-2.760,9.360,-0.850,26,0,0,0,2
13569,134.875,-16.375,-95.188,0.678,0.295,-1.419,-13.510,12.350,-2.220,-10.620,3.030,-1.300,-32.062,-32.062,7.188,-2.890,9.320,-0.920,26,0,0,0,2
13578,135.625,-17.125,-95.625,0.678,0.295,-1.419,-11.400,10.330,-3.720,-10.620,3.030,-1.300,-29.250,-35.500,6.062,-3.000,9.280,-0.970,26,0,0,0,2
13585,136.000,-17.812,-96.000,0.385,0.632,-1.280,-11.400,10.330,-3.720,-8.390,1.050,-2.740,-29.250,-35.500,6.062,-3.060,9.250,-1.000,26,0,0,0,2
13593,136.500,-18.188,-96.188,0.360,0.029,-0.741,-14.160,8.940,-4.260,-11.090,-0.310,-3.250,-29.250,-35.500,6.062,-3.110,9.240,-1.030,26,0,0,0,2
13603,137.250,-18.500,-96.312,0.460,-0.644,-0.477,-16.980,9.760,-2.840,-13.860,0.520,-1.810,-29.250,-35.500,6.062,-3.150,9.220,-1.040,26,0,0,0,2
13614,137.875,-18.688,-96.438,0.423,-0.675,-0.304,-9.570,10.550,-1.090,-10.780,1.230,-0.760,-29.250,-35.500,6.062,-3.160,9.220,-1.050,26,0,0,0,2
13625,138.125,-18.812,-96.500,0.111,-0.230,-0.156,-9.570,10.550,-1.090,-6.400,1.330,-0.040,-29.250,-35.500,6.062,-3.160,9.220,-1.050,26,0,0,0,2
13632,137.938,-18.750,-96.438,-0.079,0.181,0.080,-5.840,9.880,-0.700,-2.680,0.650,0.340,-27.500,-36.250,6.500,-3.150,9.220,-1.050,26,0,0,0,2
13640,137.938,-18.750,-96.438,-0.163,0.524,0.228,-0.900,8.640,0.290,2.220,-0.580,1.340,-27.500,-36.250,6.500,-3.130,9.230,-1.050,26,0,0,0,2
13649,137.500,-18.625,-96.438,-0.302,0.995,0.226,1.090,8.330,0.340,4.190,-0.900,1.400,-27.500,-36.250,6.500,-3.100,9.240,-1.050,26,0,0,0,2
13659,136.688,-18.438,-96.500,-0.464,1.419,0.205,2.550,7.620,0.900,5.620,-1.630,1.950,-27.500,-36.250,6.500,-3.060,9.250,-1.050,26,0,0,0,2
13669,135.688,-18.188,-96.500,-0.554,1.680,0.337,5.770,6.320,2.580,8.800,-2.940,3.630,-27.500,-36.250,6.500,-3.020,9.260,-1.050,26,0,0,0,2
13678,134.375,-17.938,-96.438,-0.554,1.680,0.337,6.730,5.060,3.850,8.800,-2.940,3.630,-27.000,-36.688,7.250,-2.950,9.290,-1.060,26,0,0,0,2
13685,130.688,-17.500,-96.500,-0.452,1.818,0.547,6.730,5.060,3.850,9.680,-4.220,4.920,-27.000,-36.688,7.250,-2.870,9.310,-1.080,26,0,0,0,2
13693,129.188,-17.000,-96.625,-0.384,1.836,0.693,7.710,4.580,5.300,10.580,-4.730,6.380,-27.000,-36.688,7.250,-2.870,9.310,-1.080,26,0,0,0,2
13702,127.688,-16.438,-96.625,-0.449,1.587,0.849,11.070,5.940,2.070,13.850,-3.390,3.160,-27.000,-36.688,7.250,-2.770,9.340,-1.080,26,0,0,0,2
13713,126.688,-15.750,-96.625,-0.060,0.557,1.212,14.820,12.140,-9.320,17.480,2.770,-8.230,-27.000,-36.688,7.250,-2.500,9.400,-1.160,26,0,0,0,2
13724,125.875,-14.812,-97.000,0.746,-0.109,1.704,4.650,15.960,-14.720,7.160,6.560,-13.560,-27.000,-36.688,7.250,-2.500,9.400,-1.160,26,0,0,0,2
13732,123.188,-13.875,-97.562,1.072,-0.272,1.661,-11.190,20.230,-12.580,-8.820,10.790,-11.330,-27.688,-35.250,3.875,-2.360,9.430,-1.250,26,0,0,0,2
13739,123.188,-13.875,-97.562,1.072,-0.272,1.661,-28.450,25.000,-7.440,-26.170,15.560,-6.130,-27.688,-35.250,3.875,-2.280,9.440,-1.300,26,0,0,0,2
13747,123.062,-13.438,-97.875,0.680,-0.383,0.860,-19.160,24.780,-3.560,-16.860,15.340,-2.240,-27.688,-35.250,3.875,-2.300,9.440,-1.320,26,0,0,0,2
13757,122.875,-13.562,-97.938,0.077,0.451,-0.201,-6.160,13.930,-5.860,-3.890,4.480,-4.570,-27.688,-35.250,3.875,-2.260,9.450,-1.290,26,0,0,0,2
13767,121.500,-13.375,-97.750,-0.845,2.053,0.047,4.180,6.330,-2.420,6.360,-3.140,-1.230,-27.688,-35.250,3.875,-2.170,9.480,-1.190,26,0,0,0,2
13777,119.375,-12.750,-97.125,-1.623,2.306,0.779,10.960,1.500,2.440,6.360,-3.140,-1.230,-27.688,-35.250,3.875,-2.070,9.520,-1.050,26,0,0,0,2
13785,116.438,-12.188,-96.312,-1.670,0.910,0.939,10.960,1.500,2.440,13.030,-8.010,3.490,-30.688,-34.562,5.250,-2.070,9.520,-1.050,26,0,0,0,2
13793,115.500,-11.562,-95.500,-1.477,0.239,1.115,11.810,2.550,4.770,13.780,-7.000,5.700,-30.688,-34.562,5.250,-1.960,9.560,-0.920,26,0,0,0,2
13801,114.500,-10.812,-94.812,-1.225,0.255,1.260,9.100,3.630,6.700,10.950,-5.960,7.520,-30.688,-34.562,5.250,-1.840,9.590,-0.810,26,0,0,0,2
13812,113.750,-10.250,-94.250,-1.043,0.082,1.078,5.340,4.750,8.300,7.090,-4.870,9.020,-30.688,-34.562,5.250,-1.740,9.620,-0.720,26,0,0,0,2
13823,113.375,-9.812,-93.750,-0.890,-0.324,0.804,0.560,10.400,5.240,2.240,0.750,5.870,-30.688,-34.562,5.250,-1.670,9.640,-0.630,26,0,0,0,2
13831,113.375,-9.812,-93.750,-0.508,-0.323,0.554,0.330,12.530,1.110,1.950,2.870,1.690,-30.250,-35.000,1.000,-1.620,9.650,-0.580,26,0,0,0,2
13838,111.500,-9.500,-93.438,-0.508,-0.323,0.554,0.700,12.590,-0.470,1.950,2.870,1.690,-30.250,-35.000,1.000,-1.560,9.660,-0.570,26,0,0,0,2
13846,111.125,-9.188,-93.375,-0.122,0.096,0.602,4.950,11.080,1.960,2.270,2.930,0.090,-30.250,-35.000,1.000,-1.480,9.670,-0.560,26,0,0,0,2
13855,110.312,-8.688,-93.312,-0.095,0.552,0.841,7.680,10.650,2.760,6.440,1.410,2.530,-30.250,-35.000,1.000,-1.370,9.690,-0.520,26,0,0,0,2
13866,109.062,-8.000,-93.062,-0.627,0.869,1.199,9.480,10.010,2.590,9.050,0.960,3.280,-30.250,-35.000,1.000,-1.250,9.710,-0.430,26,0,0,0,2
13876,107.938,-7.312,-92.500,-1.045,0.644,1.234,9.480,10.010,2.590,10.730,0.300,3.020,-30.250,-35.000,1.000,-1.140,9.730,-0.320,26,0,0,0,2
13884,105.875,-6.688,-91.875,-1.161,-0.119,1.086,7.130,9.500,2.010,8.280,-0.220,2.330,-31.375,-33.500,0.000,-1.140,9.730,-0.320,26,0,0,0,2
13892,105.562,-6.125,-91.188,-1.110,-0.574,0.998,3.900,9.860,1.830,4.960,0.110,2.050,-31.375,-33.500,0.000,-1.050,9.740,-0.210,26,0,0,0,2
13900,105.562,-6.125,-91.188,-1.164,-0.725,0.779,3.250,10.640,1.690,4.240,0.880,1.780,-31.375,-33.500,0.000,-0.980,9.750,-0.090,26,0,0,0,2
13910,105.438,-5.312,-89.875,-1.100,-0.750,0.747,2.140,11.430,1.240,3.060,1.670,1.220,-31.375,-33.500,0.000,-0.910,9.760,0.010,26,0,0,0,2
13921,105.375,-4.875,-89.312,-0.940,-0.744,0.771,0.730,11.280,1.060,1.570,1.510,0.950,-31.375,-33.500,0.000,-0.840,9.760,0.110,26,0,0,0,2
13928,105.375,-4.875,-89.312,-0.940,-0.744,0.771,-0.290,9.590,0.940,0.460,-0.180,0.750,-34.250,-30.562,-0.375,-0.760,9.770,0.190,26,0,0,0,2
13936,104.062,-4.438,-88.875,-0.793,-0.523,0.790,-0.290,9.590,0.940,0.460,-0.180,0.750,-34.250,-30.562,-0.375,-0.670,9.780,0.250,26,0,0,0,2
13944,103.562,-3.938,-88.500,-0.635,-0.080,0.935,0.570,9.230,1.110,1.250,-0.540,0.850,-34.250,-30.562,-0.375,-0.560,9.780,0.300,26,0,0,0,2
13954,102.812,-3.312,-88.188,-0.563,0.199,1.153,1.100,9.480,1.230,1.670,-0.300,0.930,-34.250,-30.562,-0.375,-0.440,9.790,0.350,26,0,0,0,2
13964,101.875,-2.562,-87.875,-0.561,0.262,1.335,3.990,9.250,1.220,3.570,-0.420,1.140,-34.250,-30.562,-0.375,-0.300,9.790,0.400,26,0,0,0,2
13975,101.000,-1.750,-87.625,-0.527,0.199,1.405,3.990,9.250,1.220,4.300,-0.540,0.820,-34.250,-30.562,-0.375,-0.300,9.790,0.400,26,0,0,0,2
13983,99.062,-1.000,-87.312,-0.509,-0.148,1.405,3.760,9.160,0.990,3.930,-0.620,0.530,-34.188,-30.562,-2.062,-0.170,9.790,0.450,26,0,0,0,2
13991,99.062,-1.000,-87.312,-0.502,-0.526,1.390,2.730,9.410,0.800,2.780,-0.370,0.300,-34.188,-30.562,-2.062,-0.040,9.790,0.500,26,0,0,0,2
13998,98.625,-0.188,-87.062,-0.502,-0.526,1.390,1.290,9.630,0.320,1.200,-0.150,-0.220,-34.188,-30.562,-2.062,0.090,9.790,0.540,26,0,0,0,2
14008,98.188,0.500,-86.812,-0.398,-0.736,1.266,0.880,9.770,0.200,0.670,0.000,-0.370,-34.188,-30.562,-2.062,0.210,9.780,0.580,26,0,0,0,2
14018,97.875,1.250,-86.562,-0.512,-0.786,1.206,0.420,9.910,0.200,0.090,0.130,-0.420,-34.188,-30.562,-2.062,0.330,9.780,0.620,26,0,0,0,2
14028,97.625,1.938,-86.312,-0.512,-0.786,1.206,-0.350,9.380,0.460,0.090,0.130,-0.420,-34.188,-30.562,-2.062,0.450,9.770,0.680,26,0,0,0,2
14035,96.250,2.625,-85.938,-0.659,-0.793,1.208,-0.350,9.380,0.460,-0.810,-0.380,-0.210,-36.750,-26.875,-3.250,0.450,9.770,0.680,26,0,0,0,2
14043,96.000,3.312,-85.500,-0.813,-0.781,1.230,-0.750,9.100,0.670,-1.320,-0.650,-0.070,-36.750,-26.875,-3.250,0.570,9.760,0.750,26,0,0,0,2
14053,95.688,4.062,-85.000,-0.944,-0.741,1.256,-0.710,9.110,1.030,-1.410,-0.620,0.190,-36.750,-26.875,-3.250,0.690,9.740,0.840,26,0,0,0,2
14063,95.438,4.812,-84.500,-1.036,-0.720,1.254,-0.680,9.060,1.180,-1.510,-0.660,0.240,-36.750,-26.875,-3.250,0.950,9.700,1.020,26,0,0,0,2
14074,95.188,5.562,-83.938,-1.070,-0.846,1.304,-1.240,9.640,1.280,-2.190,-0.060,0.250,-36.750,-26.875,-3.250,0.950,9.700,1.020,26,0,0,0,2
14082,94.125,6.312,-83.375,-1.029,-0.917,1.286,-1.700,9.730,0.980,-2.790,0.050,-0.130,-39.250,-24.688,-1.688,1.080,9.680,1.110,26,0,0,0,2
14090,94.125,6.312,-83.375,-1.018,-0.897,1.266,-2.550,9.750,0.490,-3.760,0.090,-0.700,-39.250,-24.688,-1.688,1.210,9.650,1.200,26,0,0,0,2
14097,93.875,7.062,-82.875,-1.018,-0.897,1.266,-3.290,9.890,-0.050,-4.640,0.260,-1.340,-39.250,-24.688,-1.688,1.340,9.620,1.280,26,0,0,0,2
14107,93.625,7.875,-82.375,-1.004,-0.838,1.312,-3.020,9.980,-0.260,-4.500,0.390,-1.630,-39.250,-24.688,-1.688,1.480,9.590,1.370,26,0,0,0,2
14117,93.312,8.688,-81.812,-1.029,-0.758,1.379,-3.190,9.830,-0.150,-4.820,0.270,-1.610,-39.250,-24.688,-1.688,1.630,9.550,1.450,26,0,0,0,2
14414,77.812,30.812,-81.250,1.874,-0.795,0.520,-7.580,13.330,-3.370,-12.610,5.000,-4.640,-44.750,-7.875,2.750,5.080,8.310,1.050,26,1,0,0,2
14425,77.375,31.250,-82.688,2.066,-0.987,0.577,-6.050,12.860,-2.050,-11.140,4.550,-3.110,-44.750,-7.875,2.750,5.080,8.310,1.050,26,1,0,0,2
14433,76.375,31.438,-83.938,1.835,-0.608,0.317,-3.290,11.800,-1.370,-8.410,3.480,-2.260,-45.188,-5.688,3.562,5.110,8.310,0.880,26,1,0,0,2
14440,76.375,31.438,-83.938,1.835,-0.608,0.317,-1.560,12.170,-0.750,-6.680,3.830,-1.460,-45.188,-5.688,3.562,5.110,8.330,0.710,26,1,0,0,2
14448,76.125,31.438,-85.062,1.754,-0.499,-0.063,-0.630,12.670,0.560,-5.710,4.310,0.000,-45.188,-5.688,3.562,5.080,8.360,0.560,26,1,0,0,2
14458,76.188,31.188,-86.125,1.565,-0.460,-0.469,0.800,12.720,3.030,-4.200,4.310,2.570,-45.188,-5.688,3.562,5.010,8.410,0.460,26,1,0,0,2
14469,76.375,30.750,-86.812,1.180,-0.163,-0.813,4.970,10.910,2.120,0.040,2.440,1.680,-45.188,-5.688,3.562,4.920,8.460,0.430,26,1,0,0,2
14478,76.625,30.125,-87.000,0.628,0.505,-1.095,4.970,10.910,2.120,0.040,2.440,1.680,-45.188,-5.688,3.562,4.830,8.520,0.450,26,2,0,0,2
14486,76.125,29.500,-86.938,0.253,0.877,-1.094,5.560,11.270,2.270,0.730,2.750,1.820,-44.500,-4.500,4.750,4.830,8.520,0.450,26,2,0,0,2
14494,76.312,28.750,-86.875,0.344,0.872,-1.302,5.770,12.430,2.260,1.050,3.840,1.800,-44.500,-4.500,4.750,4.720,8.580,0.460,26,2,0,0,2
14503,76.812,27.812,-87.000,0.545,0.647,-1.684,8.920,14.220,3.490,4.340,5.560,3.040,-44.500,-4.500,4.750,4.570,8.660,0.450,26,2,0,0,2
14513,77.500,26.625,-87.125,0.495,0.666,-2.023,10.410,14.850,2.230,6.010,6.100,1.790,-44.500,-4.500,4.750,4.400,8.750,0.430,26,2,0,0,2
14524,78.188,25.500,-87.312,0.676,0.622,-2.078,9.380,15.140,1.220,5.160,6.300,0.810,-44.500,-4.500,4.750,4.220,8.840,0.400,26,2,0,0,2
14532,78.188,25.500,-87.312,0.940,0.264,-2.167,7.970,15.480,1.740,3.930,6.540,1.400,-42.562,-7.500,5.062,4.030,8.930,0.330,26,2,0,0,2
14539,78.750,24.250,-87.812,0.940,0.264,-2.167,8.560,15.860,1.060,3.930,6.540,1.400,-42.562,-7.500,5.062,3.840,9.010,0.250,26,2,0,0,2
14547,79.688,23.062,-88.375,1.036,0.104,-2.222,9.080,13.860,0.470,4.720,6.850,0.810,-42.562,-7.500,5.062,3.650,9.090,0.170,26,2,0,0,2
14557,80.750,21.875,-88.875,0.875,-0.011,-2.133,9.400,12.020,1.090,5.430,4.760,0.300,-42.562,-7.500,5.062,3.490,9.160,0.100,26,2,0,0,2
14567,81.562,20.812,-89.312,0.812,0.014,-1.871,9.220,11.410,0.890,5.910,2.860,0.990,-42.562,-7.500,5.062,3.340,9.210,0.050,26,2,0,0,2
14577,82.375,19.875,-89.625,0.581,0.089,-1.676,9.220,11.410,0.890,5.880,2.190,0.830,-42.562,-7.500,5.062,3.190,9.270,0.020,26,2,0,0,2
14585,83.125,19.000,-89.812,0.369,0.095,-1.594,7.960,9.380,0.140,4.760,0.110,0.120,-41.188,-10.562,4.000,3.190,9.270,0.020,26,2,0,0,2
14593,84.188,17.938,-89.875,0.110,-0.068,-1.875,7.710,9.210,-0.180,4.680,-0.110,-0.190,-41.188,-10.562,4.000,3.030,9.320,0.010,26,2,0,0,2
14603,85.438,16.688,-90.000,0.208,0.007,-2.323,7.260,9.130,-0.140,4.440,-0.260,-0.140,-41.188,-10.562,4.000,2.810,9.390,0.000,26,2,0,0,2
14613,86.812,15.250,-90.188,0.284,0.046,-2.595,8.080,8.330,-0.030,5.500,-1.120,0.000,-41.188,-10.562,4.000,2.580,9.460,-0.030,26,2,0,0,2
14624,88.375,13.750,-90.312,0.200,-0.108,-2.726,7.280,8.910,-0.590,4.950,-0.610,-0.540,-41.188,-10.562,4.000,2.330,9.520,-0.050,26,2,0,0,2
14632,89.812,12.250,-90.562,0.460,-0.022,-2.690,6.900,7.030,0.680,4.820,-2.540,0.780,-40.062,-13.875,4.500,2.080,9.580,-0.090,26,2,0,0,2
14639,89.812,12.250,-90.562,0.460,-0.022,-2.690,6.670,6.520,0.400,4.820,-2.540,0.780,-40.062,-13.875,4.500,1.830,9.630,-0.160,26,2,0,0,2
14647,91.062,10.750,-90.938,0.761,0.209,-2.680,6.310,7.250,-0.280,4.840,-3.110,0.560,-40.062,-13.875,4.500,1.580,9.670,-0.220,26,2,0,0,2
14658,92.438,9.250,-91.250,0.638,0.179,-2.710,6.120,7.110,-0.290,4.780,-2.600,-0.010,-40.062,-13.875,4.500,1.330,9.710,-0.280,26,2,0,0,2
14668,93.625,7.812,-91.688,0.756,0.343,-2.617,6.410,6.670,0.240,5.300,-3.060,0.600,-40.062,-13.875,4.500,1.100,9.730,-0.350,26,2,0,0,2
14678,94.688,6.438,-92.062,0.809,0.430,-2.437,6.410,6.670,0.240,5.300,-3.060,0.600,-40.062,-13.875,4.500,0.890,9.750,-0.420,26,2,0,0,2
14686,95.625,5.188,-92.500,0.785,0.441,-2.262,6.170,5.510,0.290,5.270,-4.230,0.720,-37.062,-19.375,3.750,0.890,9.750,-0.420,26,2,0,0,2
14693,96.500,4.062,-92.875,0.766,0.440,-2.163,6.230,5.220,0.330,5.540,-4.540,0.820,-37.062,-19.375,3.750,0.690,9.760,-0.490,26,2,0,0,2
14703,97.438,2.812,-93.250,0.740,0.469,-2.190,6.320,5.000,0.680,5.830,-4.760,1.240,-37.062,-19.375,3.750,0.480,9.770,-0.560,26,2,0,0,2
14714,98.375,1.625,-93.625,0.719,0.457,-2.239,6.310,4.830,0.900,6.030,-4.940,1.530,-37.062,-19.375,3.750,0.280,9.780,-0.630,26,2,0,0,2
14725,99.438,0.375,-94.062,0.713,0.395,-2.257,6.340,4.650,1.070,6.270,-5.120,1.770,-37.062,-19.375,3.750,0.060,9.780,-0.690,26,2,0,0,2
14732,99.438,0.375,-94.062,0.712,0.424,-2.234,6.560,4.690,1.460,6.700,-5.070,2.230,-36.062,-23.062,4.562,-0.130,9.770,-0.760,26,2,0,0,2
14740,100.375,-0.812,-94.438,0.712,0.424,-2.234,6.700,4.470,1.830,6.700,-5.070,2.230,-36.062,-23.062,4.562,-0.330,9.760,-0.820,26,2,0,0,2
14748,101.312,-1.938,-94.812,0.641,0.434,-2.143,6.820,4.030,2.030,7.040,-5.290,2.660,-36.062,-23.062,4.562,-0.520,9.750,-0.880,26,2,0,0,2
14758,102.250,-3.062,-95.125,0.554,0.311,-2.018,7.400,3.590,2.200,8.110,-6.140,3.120,-36.062,-23.062,4.562,-0.700,9.730,-0.920,26,2,0,0,2
14768,103.250,-4.125,-95.375,0.436,0.197,-1.923,7.530,3.430,2.240,8.410,-6.280,3.190,-36.062,-23.062,4.562,-0.880,9.720,-0.950,26,2,0,0,2
14778,104.250,-5.125,-95.562,0.299,0.092,-1.873,7.650,3.180,2.330,8.410,-6.280,3.190,-36.062,-23.062,4.562,-1.050,9.700,-0.970,26,2,0,0,2
14786,105.312,-6.125,-95.688,0.197,-0.004,-1.860,7.650,3.180,2.330,8.700,-6.510,3.300,-33.500,-27.750,5.000,-1.050,9.700,-0.970,26,2,0,0,2
14794,106.438,-7.188,-95.688,0.034,-0.173,-1.880,7.190,3.370,2.090,8.420,-6.300,3.060,-33.500,-27.750,5.000,-1.230,9.670,-0.970,26,2,0,0,2
14804,107.688,-8.250,-95.562,-0.203,-0.358,-1.890,6.900,3.760,1.710,8.310,-5.890,2.660,-33.500,-27.750,5.000,-1.410,9.650,-0.940,26,2,0,0,2
14814,109.000,-9.375,-95.312,-0.409,-0.528,-1.905,6.510,4.290,1.650,8.110,-5.330,2.550,-33.500,-27.750,5.000,-1.590,9.630,-0.900,26,2,0,0,2
14825,110.375,-10.375,-95.000,-0.512,-0.726,-1.803,5.240,4.920,1.420,7.010,-4.680,2.260,-33.500,-27.750,5.000,-1.770,9.600,-0.840,26,2,0,0,2
14833,111.750,-11.312,-94.562,-0.549,-0.933,-1.585,0.840,6.110,0.780,2.760,-3.460,1.550,-30.688,-30.500,4.188,-1.920,9.580,-0.770,26,2,0,0,2
14840,111.750,-11.312,-94.562,-0.549,-0.933,-1.585,-1.430,6.950,0.480,0.620,-2.610,1.180,-30.688,-30.500,4.188,-2.050,9.560,-0.690,26,2,0,0,2
14848,113.000,-12.062,-94.125,-0.645,-0.970,-1.342,-3.690,8.470,-1.260,-1.520,-1.060,-0.640,-30.688,-30.500,4.188,-2.160,9.540,-0.620,26,2,0,0,2
14858,113.938,-12.750,-93.688,-0.678,-0.592,-1.172,-5.270,11.900,-4.010,-2.970,2.380,-3.440,-30.688,-30.500,4.188,-2.290,9.510,-0.570,26,2,0,0,2
14868,114.625,-13.500,-93.375,-0.539,-0.026,-1.366,-9.380,16.360,-7.120,-6.920,6.890,-6.540,-30.688,-30.500,4.188,-2.450,9.470,-0.580,26,2,0,0,2
14878,115.375,-14.438,-93.500,0.097,0.370,-1.749,-9.380,16.360,-7.120,-6.920,6.890,-6.540,-30.688,-30.500,4.188,-2.610,9.420,-0.690,26,2,0,0,2
14886,116.312,-15.438,-94.188,1.026,0.453,-1.816,-14.080,15.630,-4.860,-11.460,6.210,-4.170,-28.500,-33.062,4.188,-2.610,9.420,-0.690,26,2,0,0,2
14894,117.062,-16.438,-94.938,1.146,0.731,-1.823,-15.910,13.230,-2.380,-13.130,3.860,-1.570,-28.500,-33.062,4.188,-2.770,9.360,-0.810,26,2,0,0,2
14904,117.438,-17.250,-95.375,0.415,1.014,-1.612,-16.360,9.820,-4.310,-13.440,0.500,-3.430,-28.500,-33.062,4.188,-2.910,9.320,-0.880,26,2,0,0,2
14915,118.000,-17.875,-95.438,0.055,0.217,-1.160,-21.530,8.710,-5.000,-18.510,-0.570,-4.110,-28.500,-33.062,4.188,-3.100,9.250,-0.900,26,2,0,0,2
14926,119.188,-18.438,-95.562,0.473,-1.130,-0.888,-23.930,9.900,-4.670,-20.820,0.650,-3.770,-28.500,-33.062,4.188,-3.100,9.250,-0.900,26,2,0,0,2
14933,119.625,-18.750,-95.562,0.368,-1.035,-0.479,-20.540,10.910,-2.260,-17.380,1.670,-1.360,-26.250,-34.000,5.000,-3.160,9.230,-0.900,26,2,0,0,2
14941,119.625,-18.750,-95.562,0.368,-1.035,-0.479,-7.300,10.540,0.550,-17.380,1.670,-1.360,-26.250,-34.000,5.000,-3.150,9.240,-0.890,26,2,0,0,2
14948,119.562,-18.750,-95.500,-0.065,0.039,0.077,-2.600,10.760,0.430,-4.150,1.300,1.450,-26.250,-34.000,5.000,-3.140,9.240,-0.870,26,2,0,0,2
14958,119.062,-18.625,-95.375,-0.519,0.591,0.081,0.960,10.020,0.900,4.100,0.770,1.750,-26.250,-34.000,5.000,-3.130,9.250,-0.840,26,2,0,0,2
14968,118.438,-18.625,-95.188,-0.662,0.939,-0.080,2.550,8.500,1.730,5.690,-0.740,2.560,-26.250,-34.000,5.000,-3.130,9.250,-0.830,26,2,0,0,2
14978,117.625,-18.625,-95.125,-0.524,1.294,-0.109,3.750,7.720,2.470,5.690,-0.740,2.560,-26.250,-34.000,5.000,-3.130,9.250,-0.830,26,2,0,0,2
14986,115.875,-18.625,-95.125,-0.626,1.873,-0.108,3.750,7.720,2.470,6.880,-1.530,3.300,-24.375,-37.000,5.000,-3.130,9.250,-0.830,26,2,0,0,2
14994,114.375,-18.500,-95.062,-0.874,2.375,-0.052,5.720,6.150,3.390,8.840,-3.100,4.220,-24.375,-37.000,5.000,-3.110,9.260,-0.820,26,2,0,0,2
15002,114.375,-18.500,-95.062,-0.843,2.532,0.257,7.780,4.330,4.780,10.860,-4.940,5.610,-24.375,-37.000,5.000,-3.070,9.270,-0.820,26,2,0,0,2
15012,112.625,-18.250,-95.062,-0.596,2.462,0.465,12.210,3.460,4.580,15.220,-5.820,5.420,-24.375,-37.000,5.000,-3.010,9.290,-0.840,26,2,0,0,2
15022,109.188,-17.375,-95.250,-0.484,2.069,0.717,16.220,4.720,1.630,19.160,-4.590,2.490,-24.375,-37.000,5.000,-2.930,9.310,-0.860,26,2,0,0,2
15030,109.188,-17.375,-95.250,-0.484,2.069,0.717,18.950,7.250,-2.630,19.160,-4.590,2.490,-25.875,-35.875,1.750,-2.800,9.350,-0.880,26,2,0,0,2
15038,106.938,-16.625,-95.375,-0.155,1.176,1.290,18.950,7.250,-2.630,21.750,-2.100,-1.750,-25.875,-35.875,1.750,-2.620,9.400,-0.950,26,2,0,0,2
15046,105.562,-15.500,-95.750,0.591,0.693,1.949,14.400,12.300,-9.130,17.020,2.900,-8.180,-25.875,-35.875,1.750,-2.620,9.400,-0.950,26,2,0,0,2
15055,104.438,-14.375,-96.500,1.290,0.490,1.958,-9.840,18.330,-16.090,-7.400,8.900,-15.010,-25.875,-35.875,1.750,-2.310,9.450,-1.190,26,2,0,0,2
15066,103.812,-13.625,-97.188,1.270,0.050,1.397,-33.580,27.880,-4.100,-24.270,12.980,-7.680,-25.875,-35.875,1.750,-2.280,9.450,-1.230,26,2,0,0,2
15077,103.625,-13.438,-97.438,0.424,0.029,0.331,-33.580,27.880,-4.100,-31.300,18.430,-2.860,-25.875,-35.875,1.750,-2.280,9.450,-1.230,26,2,0,0,2
15085,102.688,-13.562,-97.250,-0.683,1.394,-0.407,-5.300,15.800,-5.930,-2.990,6.350,-4.720,-29.562,-33.000,0.188,-2.300,9.450,-1.200,26,2,0,0,2
15093,100.250,-12.938,-96.625,-1.863,3.022,0.707,5.140,7.890,-2.240,7.340,-1.590,-1.130,-29.562,-33.000,0.188,-2.200,9.490,-1.100,26,2,0,0,2
15100,100.250,-12.938,-96.625,-1.863,3.022,0.707,10.840,3.080,-1.450,12.890,-6.450,-0.460,-29.562,-33.000,0.188,-2.050,9.530,-0.980,26,2,0,0,2
15110,97.812,-12.062,-95.812,-1.829,2.279,1.377,11.900,1.420,2.710,13.840,-8.140,3.560,-29.562,-33.000,0.188,-1.930,9.570,-0.850,26,2,0,0,2
15120,96.625,-11.375,-95.062,-1.477,0.631,1.186,5.920,3.800,6.330,7.750,-5.800,7.030,-29.562,-33.000,0.188,-1.820,9.600,-0.690,26,2,0,0,2
15129,95.750,-10.750,-94.125,-1.703,0.014,1.163,3.240,5.130,6.930,7.750,-5.800,7.030,-29.562,-33.000,0.188,-1.730,9.630,-0.560,26,2,0,0,2
15137,95.000,-10.188,-93.312,-1.488,0.049,1.000,3.240,5.130,6.930,4.980,-4.500,7.490,-29.500,-31.750,-3.188,-1.730,9.630,-0.560,26,2,0,0,2
15145,94.688,-9.750,-92.625,-1.173,-0.266,0.720,0.890,6.780,7.560,2.560,-2.860,8.010,-29.500,-31.750,-3.188,-1.660,9.650,-0.440,26,2,0,0,2
15155,94.625,-9.562,-92.125,-0.756,-0.532,0.449,-1.040,11.790,1.510,0.580,2.130,1.880,-29.500,-31.750,-3.188,-1.580,9.670,-0.320,26,2,0,0,2
15166,94.438,-9.250,-91.875,-0.405,-0.181,0.473,2.670,13.030,0.880,2.050,3.180,0.670,-29.500,-31.750,-3.188,-1.500,9.680,-0.300,26,2,0,0,2
15177,93.688,-8.812,-91.750,-0.336,0.452,0.818,2.670,13.030,0.880,4.180,3.340,1.180,-29.500,-31.750,-3.188,-1.500,9.680,-0.300,26,2,0,0,2
15185,92.562,-8.188,-91.500,-0.545,0.825,1.133,6.600,11.360,1.990,8.000,1.660,2.250,-30.250,-30.375,-4.688,-1.390,9.700,-0.260,26,2,0,0,2
15192,92.562,-8.188,-91.500,-0.922,0.746,1.137,9.560,9.820,1.890,10.850,0.100,2.080,-30.250,-30.375,-4.688,-1.290,9.710,-0.180,26,2,0,0,2
15205,90.750,-6.938,-90.438,-1.116,-0.010,1.101,7.310,9.130,1.660,8.500,-0.600,1.740,-30.250,-30.375,-4.688,-1.180,9.730,-0.080,26,2,0,0,2
15215,90.500,-6.375,-89.812,-1.035,-0.661,1.013,5.090,9.330,1.790,6.180,-0.410,1.760,-30.250,-30.375,-4.688,-1.010,9.750,0.120,26,2,0,0,2
15226,90.562,-5.938,-89.250,-0.960,-1.066,0.808,2.900,10.060,2.070,3.910,0.310,1.950,-30.250,-30.375,-4.688,-1.010,9.750,0.120,26,2,0,0,2
15234,90.750,-5.500,-88.688,-0.876,-1.176,0.749,1.090,11.080,1.690,2.030,1.320,1.470,-33.562,-28.562,-5.875,-0.940,9.750,0.210,26,2,0,0,2
15241,90.750,-5.500,-88.688,-0.876,-1.176,0.749,-0.110,10.550,1.520,0.740,0.780,1.220,-33.562,-28.562,-5.875,-0.860,9.760,0.290,26,2,0,0,2
15249,90.875,-5.000,-88.250,-0.721,-1.091,0.793,-1.210,9.810,1.330,-0.430,0.040,0.960,-33.562,-28.562,-5.875,-0.770,9.760,0.360,26,2,0,0,2
15260,90.812,-4.500,-87.812,-0.625,-0.878,0.864,-1.290,8.970,1.130,-0.600,-0.790,0.710,-33.562,-28.562,-5.875,-0.690,9.770,0.420,26,2,0,0,2
15270,90.562,-4.062,-87.438,-0.646,-0.538,0.876,-0.320,9.080,1.300,0.280,-0.680,0.810,-33.562,-28.562,-5.875,-0.600,9.770,0.490,26,2,0,0,2
15280,90.125,-3.500,-87.062,-0.652,-0.203,0.936,-0.320,9.080,1.300,0.280,-0.680,0.810,-33.562,-28.562,-5.875,-0.490,9.770,0.540,26,2,0,0,2
15287,89.438,-2.875,-86.750,-0.621,0.130,1.131,1.020,9.450,1.500,1.520,-0.320,0.950,-36.188,-25.562,-3.750,-0.490,9.770,0.540,26,2,0,0,2
15295,88.562,-2.188,-86.438,-0.597,0.271,1.258,1.960,9.300,1.670,2.340,-0.470,1.070,-36.188,-25.562,-3.750,-0.380,9.780,0.600,26,2,0,0,2
15305,87.750,-1.500,-86.125,-0.555,0.167,1.309,2.590,9.470,1.040,2.840,-0.300,0.380,-36.188,-25.562,-3.750,-0.250,9.780,0.650,26,2,0,0,2
15316,87.062,-0.750,-85.875,-0.499,-0.023,1.317,2.100,9.720,0.720,2.240,-0.050,0.020,-36.188,-25.562,-3.750,0.000,9.770,0.740,26,2,0,0,2
15327,86.438,0.000,-85.625,-0.432,-0.239,1.300,1.330,9.720,0.550,1.340,-0.050,-0.190,-36.188,-25.562,-3.750,0.000,9.770,0.740,26,2,0,0,2
15334,85.938,0.625,-85.375,-0.415,-0.398,1.223,1.040,9.680,0.280,0.930,-0.090,-0.500,-37.188,-24.188,-5.750,0.100,9.770,0.780,26,2,0,0,2
15342,85.938,0.625,-85.375,-0.415,-0.398,1.223,0.480,9.630,-0.090,0.260,-0.130,-0.910,-37.188,-24.188,-5.750,0.210,9.760,0.820,26,2,0,0,2
15350,85.625,1.250,-85.125,-0.472,-0.528,1.112,0.000,9.630,-0.190,-0.320,-0.120,-1.070,-37.188,-24.188,-5.750,0.320,9.760,0.880,26,2,0,0,2
15360,85.312,1.875,-84.812,-0.589,-0.611,1.105,0.030,9.390,0.160,-0.410,-0.350,-0.780,-37.188,-24.188,-5.750,0.440,9.750,0.940,26,2,0,0,2
15371,85.000,2.562,-84.438,-0.713,-0.588,1.163,-0.310,8.930,1.120,-0.870,-0.800,0.090,-37.188,-24.188,-5.750,0.560,9.730,1.020,26,2,0,0,2
15380,84.625,3.250,-83.938,-0.840,-0.614,1.201,-0.290,8.880,1.550,-0.870,-0.800,0.090,-37.188,-24.188,-5.750,0.680,9.710,1.110,26,2,0,0,2
15388,84.312,4.000,-83.438,-0.997,-0.642,1.247,-0.290,8.880,1.550,-0.970,-0.830,0.440,-39.375,-22.688,-5.375,0.680,9.710,1.110,26,2,0,0,2
15395,84.000,4.750,-82.812,-1.128,-0.701,1.280,-0.130,8.950,1.730,-0.950,-0.740,0.510,-39.375,-22.688,-5.375,0.810,9.690,1.210,26,2,0,0,2
15405,83.688,5.500,-82.188,-1.157,-0.766,1.298,-0.820,9.380,1.700,-1.760,-0.290,0.380,-39.375,-22.688,-5.375,1.080,9.640,1.410,26,2,0,0,2
15416,83.438,6.312,-81.625,-1.146,-0.849,1.314,-2.530,10.400,1.080,-3.610,0.760,-0.330,-39.375,-22.688,-5.375,1.200,9.610,1.510,26,2,0,0,2
15427,83.188,7.062,-81.062,-1.126,-0.843,1.234,-2.490,9.900,0.570,-3.700,0.280,-0.930,-39.375,-22.688,-5.375,1.200,9.610,1.510,26,2,0,0,2
15435,83.000,7.750,-80.438,-1.097,-0.793,1.181,-2.130,9.420,0.140,-3.450,-0.150,-1.450,-39.750,-19.875,-3.688,1.320,9.580,1.600,26,2,0,0,2
15443,83.000,7.750,-80.438,-1.086,-0.760,1.306,-2.480,9.640,0.150,-3.940,0.100,-1.540,-39.750,-19.875,-3.688,1.460,9.540,1.690,26,2,0,0,2
15451,82.688,8.562,-79.875,-1.092,-0.702,1.496,-2.640,9.930,0.480,-4.250,0.420,-1.300,-39.750,-19.875,-3.688,1.610,9.500,1.780,26,2,0,0,2
15462,82.250,9.438,-79.312,-1.121,-0.576,1.588,-2.460,9.840,1.120,-4.220,0.380,-0.750,-39.750,-19.875,-3.688,1.760,9.460,1.870,26,2,0,0,2
15472,81.750,10.375,-78.750,-1.101,-0.367,1.592,-1.590,9.650,1.180,-3.510,0.240,-0.780,-39.750,-19.875,-3.688,1.920,9.410,1.970,26,2,0,0,2
15481,81.125,11.250,-78.125,-1.101,-0.367,1.592,0.400,9.430,1.900,-3.510,0.240,-0.780,-40.875,-17.375,-5.375,2.060,9.360,2.060,26,2,0,0,2
15488,80.438,12.125,-77.562,-1.044,-0.187,1.503,0.400,9.430,1.900,-1.650,0.070,-0.150,-40.875,-17.375,-5.375,2.060,9.360,2.060,26,2,0,0,2
15496,79.812,12.875,-76.938,-1.055,-0.120,1.409,1.070,9.840,2.210,-1.110,0.520,0.060,-40.875,-17.375,-5.375,2.190,9.310,2.150,26,2,0,0,2
15506,79.250,13.625,-76.312,-1.031,-0.092,1.344,1.400,10.010,2.390,-0.910,0.750,0.150,-40.875,-17.375,-5.375,2.430,9.210,2.320,26,2,0,0,2
15517,78.688,14.312,-75.812,-0.892,-0.118,1.295,2.580,9.970,2.320,-0.680,0.730,0.220,-40.875,-17.375,-5.375,2.540,9.160,2.380,26,2,0,0,2
15528,78.125,15.000,-75.375,-0.724,-0.132,1.257,2.580,9.970,2.320,0.030,0.810,-0.060,-40.875,-17.375,-5.375,2.540,9.160,2.380,26,2,0,0,2
15535,77.562,15.688,-75.062,-0.569,-0.212,1.246,2.230,10.110,1.880,-0.430,0.990,-0.540,-43.500,-14.750,-4.188,2.660,9.120,2.430,26,2,0,0,2
15543,77.562,15.688,-75.062,-0.569,-0.212,1.246,1.470,10.060,1.570,-1.300,0.980,-0.880,-43.500,-14.750,-4.188,2.780,9.070,2.450,26,2,0,0,2
15552,77.062,16.438,-74.812,-0.360,-0.599,1.239,0.220,9.950,0.570,-2.680,0.910,-1.890,-43.500,-14.750,-4.188,2.900,9.030,2.470,26,2,0,0,2
15562,76.688,17.188,-74.625,-0.299,-0.792,1.208,0.000,9.830,0.720,-3.020,0.830,-1.750,-43.500,-14.750,-4.188,3.020,8.990,2.470,26,2,0,0,2
15572,76.375,17.938,-74.562,-0.259,-0.920,1.189,0.120,9.900,0.770,-3.020,0.950,-1.690,-43.500,-14.750,-4.188,3.150,8.950,2.470,26,2,0,0,2
15581,76.125,18.750,-74.500,-0.259,-0.920,1.189,0.430,10.190,0.670,-3.020,0.950,-1.690,-44.188,-11.500,-4.188,3.270,8.900,2.460,26,2,0,0,2
15589,75.938,19.500,-74.500,-0.272,-1.017,1.174,0.430,10.190,0.670,-2.840,1.280,-1.790,-44.188,-11.500,-4.188,3.270,8.900,2.460,26,2,0,0,2
15596,75.750,20.312,-74.500,-0.266,-1.128,1.182,0.900,10.600,-0.040,-2.490,1.740,-2.490,-44.188,-11.500,-4.188,3.400,8.860,2.450,26,2,0,0,2
15606,75.625,21.125,-74.562,-0.247,-1.173,1.216,0.550,10.580,0.480,-2.980,1.760,-1.940,-44.188,-11.500,-4.188,3.670,8.760,2.410,26,2,0,0,2
15617,75.438,22.000,-74.562,-0.268,-1.166,1.250,-0.860,11.190,2.400,-3.640,1.830,-1.220,-44.188,-11.500,-4.188,3.800,8.710,2.390,26,2,0,0,2
15628,75.250,22.812,-74.562,-0.287,-1.142,1.226,-0.860,11.190,2.400,-4.660,2.480,0.000,-44.188,-11.500,-4.188,3.800,8.710,2.390,26,2,0,0,2
15636,75.062,23.625,-74.625,-0.266,-1.084,1.197,-1.020,11.810,2.430,-4.950,3.150,0.050,-44.562,-8.500,-0.562,3.930,8.660,2.370,26,2,0,0,2
15643,75.062,23.625,-74.625,-0.209,-1.004,1.177,-1.160,12.350,2.370,-5.210,3.740,0.010,-44.562,-8.500,-0.562,4.050,8.610,2.350,26,2,0,0,2
15652,74.812,24.375,-74.688,-0.117,-0.956,1.191,-1.340,12.460,2.260,-5.510,3.900,-0.060,-44.562,-8.500,-0.562,4.170,8.560,2.320,26,2,0,0,2
15663,74.562,25.125,-74.750,-0.015,-0.899,1.268,-1.700,11.990,1.730,-6.000,3.480,-0.560,-44.562,-8.500,-0.562,4.290,8.510,2.290,26,2,0,0,2
15673,74.250,25.938,-74.875,0.122,-0.855,1.312,-1.880,11.650,1.700,-6.300,3.190,-0.540,-44.562,-8.500,-0.562,4.420,8.450,2.240,26,2,0,0,2
15681,73.812,26.812,-75.062,0.122,-0.855,1.312,-2.480,11.680,1.710,-6.300,3.190,-0.540,-44.562,-8.500,-0.562,4.540,8.400,2.190,26,3,0,0,2
15689,73.312,27.562,-75.375,0.214,-0.866,1.271,-2.480,11.680,1.710,-7.030,3.270,-0.470,-44.562,-5.688,-0.562,4.650,8.360,2.130,26,3,0,0,2
15697,73.000,28.312,-75.688,0.260,-0.904,1.156,-3.470,12.150,1.160,-8.130,3.790,-0.960,-44.562,-5.688,-0.562,4.650,8.360,2.130,26,3,0,0,2
15706,72.750,29.000,-76.062,0.322,-0.921,0.970,-5.500,13.230,-0.980,-10.260,4.910,-3.050,-44.562,-5.688,-0.562,4.830,8.300,1.980,26,3,0,0,2
15717,72.562,29.500,-76.562,0.479,-0.937,0.708,-6.230,13.040,-1.240,-11.060,4.740,-3.230,-44.562,-5.688,-0.562,4.890,8.280,1.870,26,3,0,0,2
15728,72.500,29.875,-77.250,0.766,-0.977,0.529,-7.100,12.880,-2.360,-11.990,4.590,-4.230,-44.562,-5.688,-0.562,4.890,8.280,1.870,26,3,0,0,2
15736,72.312,30.312,-78.250,1.258,-1.169,0.466,-5.620,13.000,-3.540,-10.570,4.710,-5.260,-46.062,-2.000,1.375,4.950,8.280,1.710,26,3,0,0,2
15743,72.312,30.312,-78.250,1.626,-1.466,0.430,-5.330,13.520,-3.160,-10.340,5.220,-4.680,-46.062,-2.000,1.375,5.000,8.290,1.510,26,3,0,0,2
15751,72.250,30.688,-79.625,1.626,-1.466,0.430,-5.610,13.210,-3.380,-10.670,4.910,-4.690,-46.062,-2.000,1.375,5.060,8.290,1.300,26,3,0,0,2
15761,72.312,31.062,-81.000,1.585,-1.670,0.381,-5.540,12.080,-3.280,-10.640,3.770,-4.370,-46.062,-2.000,1.375,5.090,8.310,1.080,26,3,0,0,2
15771,72.562,31.250,-82.500,1.722,-1.701,0.131,-1.710,11.050,-0.710,-6.790,2.700,-1.580,-46.062,-2.000,1.375,5.070,8.340,0.870,26,3,0,0,2
15781,72.875,31.125,-84.000,1.781,-1.455,-0.350,0.600,12.140,1.370,-6.790,2.700,-1.580,-46.062,-2.000,1.375,5.020,8.390,0.700,26,3,0,0,2
15788,73.312,30.812,-85.188,1.525,-0.915,-0.746,0.600,12.140,1.370,-4.410,3.750,0.670,-45.688,-1.562,4.062,5.020,8.390,0.700,26,3,0,0,2
15796,73.688,30.250,-86.000,1.116,-0.449,-0.942,2.260,12.100,2.980,-2.680,3.660,2.390,-45.688,-1.562,4.062,4.940,8.440,0.580,26,3,0,0,2
15805,74.188,29.688,-86.438,0.718,-0.129,-1.038,3.160,11.230,4.180,-1.700,2.730,3.660,-45.688,-1.562,4.062,4.860,8.490,0.520,26,3,0,0,2
15816,74.500,29.125,-86.562,0.368,0.336,-1.037,4.290,12.310,2.190,-0.480,3.760,1.680,-45.688,-1.562,4.062,4.670,8.600,0.510,26,3,0,0,2
15827,74.688,28.438,-86.500,0.333,0.815,-1.226,6.350,13.790,2.220,1.680,5.180,1.700,-45.688,-1.562,4.062,4.670,8.600,0.510,26,3,0,0,2
15835,74.938,27.500,-86.562,0.497,0.779,-1.662,7.440,15.010,3.210,2.910,6.320,2.700,-46.375,-2.500,5.500,4.520,8.680,0.510,26,3,0,0,2
15842,74.938,27.500,-86.562,0.497,0.779,-1.662,10.650,15.120,1.880,2.910,6.320,2.700,-46.375,-2.500,5.500,4.340,8.770,0.490,26,3,0,0,2
15850,75.625,26.250,-86.750,0.562,0.665,-2.123,8.980,15.830,2.140,4.830,6.950,1.670,-46.375,-2.500,5.500,4.150,8.870,0.470,26,3,0,0,2
15860,76.375,25.000,-86.938,0.613,0.728,-2.231,8.130,16.790,2.530,4.160,7.830,2.110,-46.375,-2.500,5.500,3.960,8.960,0.410,26,3,0,0,2
15870,77.312,23.812,-87.312,0.766,0.293,-2.166,8.430,17.180,2.220,4.640,8.140,1.870,-46.375,-2.500,5.500,3.780,9.030,0.340,26,3,0,0,2
15880,78.188,22.688,-87.750,0.793,0.074,-2.041,8.430,17.180,2.220,4.640,8.140,1.870,-46.375,-2.500,5.500,3.620,9.100,0.270,26,3,0,0,2
15888,78.938,21.688,-88.250,0.782,-0.081,-1.827,8.920,12.910,0.610,5.300,3.800,0.330,-45.188,-5.750,4.688,3.620,9.100,0.270,26,3,0,0,2
15896,79.688,20.750,-88.688,0.819,-0.035,-1.637,9.310,10.990,1.280,5.830,1.820,1.070,-45.188,-5.750,4.688,3.480,9.160,0.200,26,3,0,0,2
15904,80.438,19.875,-89.062,0.648,-0.009,-1.562,9.410,10.060,1.190,6.070,0.840,1.040,-45.188,-5.750,4.688,3.340,9.210,0.140,26,3,0,0,2
15915,81.312,19.000,-89.312,0.392,-0.045,-1.652,8.120,8.230,0.570,4.920,-1.030,0.460,-45.188,-5.750,4.688,3.190,9.270,0.110,26,3,0,0,2
15926,82.312,17.938,-89.500,0.309,-0.095,-1.866,7.540,7.850,0.450,4.510,-1.470,0.380,-45.188,-5.750,4.688,3.020,9.320,0.070,26,3,0,0,2
15933,82.312,17.938,-89.500,0.312,-0.161,-2.162,6.840,7.930,0.190,4.010,-1.450,0.140,-45.562,-9.688,5.000,2.820,9.380,0.040,26,3,0,0,2
15941,83.438,16.750,-89.688,0.312,-0.161,-2.162,6.900,8.050,0.370,4.010,-1.450,0.140,-45.562,-9.688,5.000,2.600,9.450,0.010,26,3,0,0,2
15949,84.875,15.375,-89.875,0.278,-0.250,-2.434,5.950,7.790,0.010,4.300,-1.390,0.350,-45.562,-9.688,5.000,2.370,9.510,-0.010,26,3,0,0,2
15959,86.438,13.938,-90.062,0.266,-0.278,-2.589,5.390,7.830,0.020,3.580,-1.720,0.030,-45.562,-9.688,5.000,2.120,9.570,-0.040,26,3,0,0,2
15969,88.062,12.500,-90.250,0.247,-0.339,-2.644,5.720,6.510,0.830,3.270,-1.730,0.070,-45.562,-9.688,5.000,1.880,9.620,-0.090,26,3,0,0,2
15980,89.500,11.062,-90.562,0.550,-0.039,-2.606,5.720,6.510,0.830,3.830,-3.100,0.930,-45.562,-9.688,5.000,1.880,9.620,-0.090,26,3,0,0,2
15988,90.562,9.625,-90.938,0.712,0.212,-2.549,5.830,6.490,0.210,4.190,-3.160,0.370,-43.000,-14.375,4.500,1.640,9.660,-0.160,26,3,0,0,2
15995,91.750,8.250,-91.250,0.593,0.285,-2.447,5.530,6.320,0.100,4.110,-3.380,0.310,-43.000,-14.375,4.500,1.410,9.700,-0.210,26,3,0,0,2
16003,91.750,8.250,-91.250,0.632,0.400,-2.291,5.530,6.370,0.000,4.330,-3.350,0.270,-43.000,-14.375,4.500,1.200,9.720,-0.260,26,3,0,0,2
16013,92.750,7.000,-91.562,0.677,0.512,-2.265,5.980,6.450,0.720,4.990,-3.290,1.050,-43.000,-14.375,4.500,0.990,9.750,-0.320,26,3,0,0,2
16023,93.625,5.750,-91.875,0.670,0.559,-2.266,5.990,5.980,1.020,5.210,-3.780,1.410,-43.000,-14.375,4.500,0.770,9.760,-0.380,26,3,0,0,2
16032,94.562,4.500,-92.250,0.670,0.559,-2.266,5.700,5.630,0.980,5.210,-3.780,1.410,-41.500,-19.875,5.188,0.570,9.780,-0.430,26,3,0,0,2
16039,95.438,3.312,-92.562,0.620,0.523,-2.222,5.700,5.630,0.980,5.130,-4.140,1.420,-41.500,-19.875,5.188,0.570,9.780,-0.430,26,3,0,0,2
16047,96.375,2.062,-92.875,0.631,0.469,-2.220,5.310,5.460,0.940,4.940,-4.320,1.440,-41.500,-19.875,5.188,0.360,9.780,-0.490,26,3,0,0,2
16057,97.375,0.812,-93.250,0.678,0.492,-2.301,4.840,5.260,0.910,4.690,-4.520,1.470,-41.500,-19.875,5.188,-0.070,9.780,-0.620,26,3,0,0,2
16068,98.312,-0.438,-93.625,0.660,0.609,-2.375,5.000,5.600,2.020,4.900,-4.260,2.270,-41.500,-19.875,5.188,-0.290,9.770,-0.680,26,3,0,0,2
16079,99.250,-1.688,-93.938,0.596,0.638,-2.367,5.000,5.600,2.020,5.300,-4.170,2.700,-41.500,-19.875,5.188,-0.290,9.770,-0.680,26,3,0,0,2
16335,111.562,-17.750,-93.812,-0.508,1.857,0.340,7.490,5.960,3.410,10.490,-3.340,4.040,-28.500,-37.688,5.688,-2.990,9.310,-0.620,26,3,0,0,2
16343,111.562,-17.750,-93.812,-0.508,1.857,0.340,9.940,4.570,4.520,12.900,-4.750,5.150,-28.500,-37.688,5.688,-2.950,9.320,-0.630,26,3,0,0,2
16351,110.250,-17.500,-93.875,-0.508,1.857,0.340,11.210,3.660,3.740,14.100,-5.680,4.370,-28.500,-37.688,5.688,-2.890,9.340,-0.630,26,3,0,0,2
16361,108.812,-17.125,-93.875,-0.571,1.829,0.586,13.420,7.010,-3.310,16.210,-2.360,-2.660,-28.500,-37.688,5.688,-2.790,9.370,-0.640,26,3,0,0,2
16371,107.812,-16.500,-93.938,-0.051,0.672,1.037,10.760,11.430,-12.360,13.420,2.020,-11.620,-28.500,-37.688,5.688,-2.650,9.410,-0.730,26,3,0,0,2
16381,106.938,-15.688,-94.438,0.884,0.377,1.434,10.760,11.430,-12.360,13.420,2.020,-11.620,-28.500,-37.688,5.688,-2.530,9.430,-0.880,26,3,0,0,2
16389,106.062,-14.938,-95.312,1.520,0.139,1.393,-13.290,18.840,-14.560,-10.760,9.400,-13.680,-29.562,-37.250,1.688,-2.530,9.430,-0.880,26,3,0,0,2
16397,106.062,-14.688,-96.062,1.393,-0.091,0.467,-31.680,27.710,-6.760,-29.190,18.270,-5.750,-29.562,-37.250,1.688,-2.480,9.430,-1.000,26,3,0,0,2
16405,105.750,-14.812,-96.312,0.200,1.050,-0.401,-35.390,33.320,-0.950,-32.880,23.900,0.090,-29.562,-37.250,1.688,-2.510,9.420,-1.040,26,3,0,0,2
16416,103.000,-14.312,-96.125,-1.342,3.739,0.532,-17.430,25.140,-5.600,-15.000,15.690,-4.580,-29.562,-37.250,1.688,-2.420,9.440,-1.010,26,3,0,0,2
16427,100.375,-13.438,-95.562,-1.655,2.811,1.304,8.470,6.060,-0.670,10.750,-3.420,0.250,-29.562,-37.250,1.688,-2.280,9.490,-0.920,26,3,0,0,2
16434,100.375,-13.438,-95.562,-1.264,0.657,1.266,9.650,0.910,-0.220,11.810,-8.610,0.600,-31.188,-35.875,0.562,-2.160,9.520,-0.820,26,3,0,0,2
16442,98.812,-12.688,-94.938,-1.264,0.657,1.266,8.620,1.200,5.560,11.810,-8.610,0.600,-31.188,-35.875,0.562,-2.060,9.560,-0.690,26,3,0,0,2
16450,98.125,-12.125,-94.125,-1.438,-0.119,1.053,5.800,3.400,6.950,10.690,-8.350,6.260,-31.188,-35.875,0.562,-1.970,9.580,-0.560,26,3,0,0,2
16459,97.438,-11.625,-93.312,-1.354,-0.083,0.947,4.380,5.640,7.500,7.780,-6.180,7.510,-31.188,-35.875,0.562,-1.890,9.610,-0.450,26,3,0,0,2
16470,96.750,-11.125,-92.688,-1.254,0.184,0.868,3.790,7.720,6.070,6.270,-3.960,7.950,-31.188,-35.875,0.562,-1.830,9.620,-0.360,26,3,0,0,2
16481,96.250,-10.750,-92.125,-0.905,-0.036,0.693,3.790,7.720,6.070,5.620,-1.890,6.440,-31.188,-35.875,0.562,-1.770,9.630,-0.320,26,3,0,0,2
16489,95.688,-10.375,-91.938,-0.429,0.073,0.597,3.270,10.240,3.280,5.040,0.600,3.600,-34.062,-32.562,-2.562,-1.770,9.630,-0.320,26,3,0,0,2
16496,94.875,-9.875,-91.750,-0.320,0.471,0.930,5.730,12.000,2.230,7.420,2.340,2.530,-34.062,-32.562,-2.562,-1.680,9.650,-0.300,26,3,0,0,2
16504,94.875,-9.875,-91.750,-0.539,0.685,1.356,7.700,10.830,3.550,9.260,1.150,3.810,-34.062,-32.562,-2.562,-1.550,9.670,-0.260,26,3,0,0,2
16514,93.688,-9.125,-91.562,-0.884,0.473,1.523,8.860,10.200,3.350,10.270,0.500,3.540,-34.062,-32.562,-2.562,-1.410,9.700,-0.180,26,3,0,0,2
16525,92.500,-8.250,-91.062,-1.049,-0.051,1.309,9.050,9.910,2.420,10.340,0.190,2.510,-34.062,-32.562,-2.562,-1.290,9.720,-0.090,26,3,0,0,2
16533,91.688,-7.562,-90.500,-1.049,-0.051,1.309,6.330,9.830,1.210,10.340,0.190,2.510,-34.062,-31.500,-3.688,-1.210,9.730,0.020,26,3,0,0,2
16541,91.438,-7.062,-89.875,-1.092,-0.696,0.864,6.330,9.830,1.210,7.540,0.090,1.190,-34.062,-31.500,-3.688,-1.150,9.730,0.130,26,3,0,0,2
16548,91.625,-6.750,-89.125,-1.121,-1.079,0.565,4.740,10.550,0.800,5.890,0.820,0.670,-34.062,-31.500,-3.688,-1.090,9.740,0.250,26,3,0,0,2
16558,91.875,-6.375,-88.500,-1.094,-1.122,0.601,3.240,11.130,0.850,4.330,1.390,0.590,-34.062,-31.500,-3.688,-1.030,9.740,0.360,26,3,0,0,2
16569,91.938,-6.000,-87.875,-1.022,-0.977,0.681,0.730,10.030,0.890,1.320,1.210,0.610,-34.062,-31.500,-3.688,-0.960,9.740,0.450,26,3,0,0,2
16580,91.812,-5.625,-87.312,-0.942,-0.571,0.669,0.730,10.030,0.890,1.690,0.280,0.430,-34.062,-31.500,-3.688,-0.960,9.740,0.450,26,3,0,0,2
16588,91.500,-5.188,-86.812,-0.867,-0.277,0.781,0.970,9.350,0.780,1.860,-0.390,0.240,-35.500,-29.250,-3.688,-0.880,9.750,0.530,26,3,0,0,2
16595,91.500,-5.188,-86.812,-0.774,-0.008,1.020,0.580,9.230,0.960,1.380,-0.520,0.340,-35.500,-29.250,-3.688,-0.790,9.750,0.610,26,3,0,0,2
16603,90.875,-4.625,-86.375,-0.774,-0.008,1.020,1.080,9.590,1.870,1.760,-0.160,1.200,-35.500,-29.250,-3.688,-0.680,9.750,0.670,26,3,0,0,2
16613,90.125,-4.000,-86.000,-0.650,0.304,1.199,2.230,9.480,2.290,2.810,-0.280,1.550,-35.500,-29.250,-3.688,-0.570,9.760,0.730,26,3,0,0,2
16623,89.250,-3.312,-85.688,-0.664,0.065,1.216,3.280,9.250,2.430,3.740,-0.510,1.630,-35.500,-29.250,-3.688,-0.450,9.760,0.790,26,3,0,0,2
16632,88.500,-2.688,-85.312,-0.664,0.065,1.216,3.770,9.540,1.860,3.740,-0.510,1.630,-35.500,-29.250,-3.688,-0.340,9.760,0.860,26,3,0,0,2
16640,88.062,-2.000,-84.875,-0.721,-0.387,1.188,3.770,9.540,1.860,4.120,-0.210,0.990,-37.688,-27.062,-4.188,-0.340,9.760,0.860,26,3,0,0,2
16648,87.750,-1.312,-84.500,-0.708,-0.714,1.121,2.460,9.930,0.890,2.690,0.170,-0.040,-37.688,-27.062,-4.188,-0.230,9.750,0.930,26,3,0,0,2
16657,87.625,-0.688,-84.125,-0.614,-0.885,1.067,1.020,9.790,0.260,1.140,0.030,-0.730,-37.688,-27.062,-4.188,-0.120,9.750,0.990,26,3,0,0,2
16668,87.500,-0.062,-83.812,-0.539,-0.894,1.017,-0.190,9.670,0.200,-0.170,-0.070,-0.840,-37.688,-27.062,-4.188,0.080,9.740,1.100,26,3,0,0,2
16679,87.375,0.438,-83.500,-0.611,-0.819,1.001,-0.550,9.570,0.390,-0.640,-0.160,-0.700,-37.688,-27.062,-4.188,0.080,9.740,1.100,26,3,0,0,2
16687,87.188,1.062,-83.062,-0.760,-0.798,1.014,0.560,9.430,0.590,0.370,-0.290,-0.580,-39.188,-25.562,-5.062,0.180,9.730,1.170,26,3,0,0,2
16695,87.188,1.062,-83.062,-0.760,-0.798,1.014,0.730,9.450,0.880,0.430,-0.260,-0.380,-39.188,-25.562,-5.062,0.300,9.710,1.260,26,3,0,0,2
16702,87.062,1.750,-82.562,-0.997,-0.941,1.065,0.390,9.430,1.130,-0.010,-0.260,-0.240,-39.188,-25.562,-5.062,0.410,9.700,1.370,26,3,0,0,2
16712,87.000,2.438,-81.938,-1.138,-1.044,1.101,0.300,9.230,2.200,-0.230,-0.440,0.720,-39.188,-25.562,-5.062,0.530,9.670,1.470,26,3,0,0,2
16723,86.938,3.062,-81.312,-1.212,-1.115,1.073,0.160,9.380,2.600,-0.490,-0.270,1.000,-39.188,-25.562,-5.062,0.650,9.650,1.590,26,3,0,0,2
16732,86.938,3.812,-80.562,-1.316,-1.211,1.082,0.200,8.850,2.340,-0.490,-0.270,1.000,-39.188,-25.562,-5.062,0.780,9.620,1.710,26,3,0,0,2
16740,87.000,4.562,-79.875,-1.357,-1.349,1.139,0.200,8.850,2.340,-0.570,-0.760,0.620,-39.875,-23.750,-5.062,0.780,9.620,1.710,26,3,0,0,2
16748,87.000,5.312,-79.188,-1.345,-1.385,1.160,-1.340,9.940,1.550,-2.250,0.350,-0.270,-39.875,-23.750,-5.062,0.910,9.590,1.820,26,3,0,0,2
16757,87.000,6.062,-78.562,-1.200,-1.261,1.136,-2.240,10.670,0.830,-3.280,1.110,-1.090,-39.875,-23.750,-5.062,1.040,9.550,1.920,26,3,0,0,2
16768,86.938,6.812,-78.125,-0.966,-1.106,1.121,-2.740,10.980,0.920,-3.900,1.450,-1.070,-39.875,-23.750,-5.062,1.290,9.490,2.060,26,3,0,0,2
16779,86.688,7.562,-77.688,-0.805,-0.876,1.211,-3.030,10.430,1.020,-4.320,0.930,-1.030,-39.875,-23.750,-5.062,1.290,9.490,2.060,26,3,0,0,2
16786,86.250,8.375,-77.312,-0.759,-0.602,1.344,-2.590,9.300,1.340,-4.020,-0.160,-0.780,-42.750,-21.562,-3.750,1.420,9.460,2.120,26,3,0,0,2
16794,86.250,8.375,-77.312,-0.759,-0.602,1.344,-2.180,9.210,1.220,-4.020,-0.160,-0.780,-42.750,-21.562,-3.750,1.560,9.420,2.200,26,3,0,0,2
16802,85.750,9.188,-76.812,-0.867,-0.491,1.409,-2.320,9.490,1.050,-3.750,-0.210,-0.970,-42.750,-21.562,-3.750,1.700,9.380,2.280,26,3,0,0,2
16811,85.312,9.938,-76.312,-0.992,-0.505,1.349,-2.600,9.970,1.350,-4.020,0.110,-1.220,-42.750,-21.562,-3.750,1.820,9.340,2.360,26,3,0,0,2
16821,84.875,10.688,-75.812,-0.933,-0.412,1.232,-2.270,10.110,1.330,-4.430,0.630,-1.000,-42.750,-21.562,-3.750,1.920,9.300,2.420,26,3,0,0,2
16832,84.438,11.312,-75.375,-0.720,-0.213,1.103,-2.270,10.110,1.330,-4.200,0.810,-1.080,-42.750,-21.562,-3.750,2.010,9.270,2.470,26,3,0,0,2
16839,83.812,11.812,-75.062,-0.565,0.045,1.000,-0.790,9.770,1.420,-2.800,0.500,-1.050,-43.500,-18.250,-3.375,2.010,9.270,2.470,26,3,0,0,2
16847,83.250,12.312,-74.688,-0.512,0.157,0.962,0.820,9.620,1.780,-1.270,0.380,-0.740,-43.500,-18.250,-3.375,2.090,9.240,2.520,26,3,0,0,2
16856,82.688,12.875,-74.375,-0.500,0.067,1.011,2.330,9.640,2.040,0.140,0.440,-0.520,-43.500,-18.250,-3.375,2.180,9.200,2.560,26,3,0,0,2
16866,82.188,13.500,-74.125,-0.481,-0.172,1.104,2.110,9.770,2.010,-0.170,0.600,-0.590,-43.500,-18.250,-3.375,2.290,9.170,2.600,26,3,0,0,2
16877,81.812,14.188,-73.875,-0.447,-0.483,1.158,1.270,9.780,2.030,-1.130,0.650,-0.600,-43.500,-18.250,-3.375,2.400,9.130,2.630,26,3,0,0,2
16884,81.812,14.188,-73.875,-0.447,-0.483,1.158,0.190,9.580,1.800,-1.130,0.650,-0.600,-44.562,-16.500,-3.875,2.520,9.090,2.650,26,3,0,0,2
16892,81.375,14.875,-73.688,-0.411,-0.754,1.149,-1.200,9.140,1.200,-2.320,0.490,-0.840,-44.562,-16.500,-3.875,2.640,9.050,2.660,26,3,0,0,2
16900,81.188,15.625,-73.562,-0.405,-0.906,1.108,-1.200,9.140,1.200,-3.840,0.080,-1.460,-44.562,-16.500,-3.875,2.760,9.010,2.670,26,3,0,0,2
16909,81.000,16.375,-73.438,-0.416,-0.962,1.086,-0.520,9.340,1.160,-3.730,0.160,-1.480,-44.562,-16.500,-3.875,2.880,8.970,2.690,26,3,0,0,2
16920,80.812,17.125,-73.250,-0.460,-0.956,1.126,0.700,10.410,0.950,-3.410,0.370,-1.520,-44.562,-16.500,-3.875,3.010,8.920,2.700,26,3,0,0,2
16931,80.625,17.875,-73.062,-0.492,-0.918,1.174,0.700,10.410,0.950,-2.300,1.480,-1.750,-44.562,-16.500,-3.875,3.010,8.920,2.700,26,3,0,0,2
16939,80.438,18.688,-72.938,-0.460,-0.921,1.200,1.160,10.710,1.060,-1.970,1.820,-1.650,-46.062,-13.688,-0.562,3.140,8.880,2.720,26,3,0,0,2
16946,80.438,18.688,-72.938,-0.418,-0.970,1.198,0.980,10.760,1.510,-2.290,1.930,-1.200,-46.062,-13.688,-0.562,3.270,8.830,2.720,26,3,0,0,2
16954,80.250,19.438,-72.812,-0.376,-0.997,1.164,0.280,10.600,2.090,-3.100,1.820,-0.630,-46.062,-13.688,-0.562,3.390,8.780,2.720,26,3,0,0,2
16964,80.062,20.250,-72.750,-0.295,-0.930,1.093,-0.910,10.760,2.620,-4.420,2.020,-0.090,-46.062,-13.688,-0.562,3.510,8.740,2.720,26,3,0,0,2
16975,79.812,21.000,-72.688,-0.188,-0.815,0.999,-1.220,10.760,2.760,-4.840,2.060,0.050,-46.062,-13.688,-0.562,3.620,8.700,2.700,26,3,0,0,2
16983,79.625,21.625,-72.688,-0.188,-0.815,0.999,-1.160,10.750,2.490,-4.840,2.060,0.050,-46.375,-10.250,-1.062,3.710,8.660,2.690,26,3,0,0,2
16991,79.312,22.250,-72.750,-0.085,-0.686,0.901,-1.160,10.750,2.490,-4.880,2.090,-0.190,-46.375,-10.250,-1.062,3.800,8.630,2.670,26,3,0,0,2
16999,79.125,22.812,-72.750,-0.062,-0.640,0.863,-0.640,10.970,2.260,-4.440,2.330,-0.400,-46.375,-10.250,-1.062,3.800,8.630,2.670,26,3,0,0,2
17008,78.938,23.312,-72.812,-0.072,-0.631,0.821,-0.240,11.040,2.050,-4.130,2.430,-0.590,-46.375,-10.250,-1.062,3.960,8.570,2.620,26,3,0,0,2
17019,78.812,23.812,-72.938,-0.004,-0.726,0.656,-0.290,10.700,1.790,-4.250,2.120,-0.830,-46.375,-10.250,-1.062,4.020,8.560,2.580,26,3,0,0,2
17030,78.812,24.188,-73.188,0.178,-0.850,0.507,0.000,10.340,1.410,-4.020,1.780,-1.160,-46.375,-10.250,-1.062,4.020,8.560,2.580,26,3,0,0,2
17038,78.750,24.625,-73.625,0.339,-1.013,0.476,-1.270,9.390,0.940,-5.360,0.840,-1.560,-46.375,-8.500,-0.250,4.080,8.550,2.510,26,3,0,0,2
17045,78.750,24.625,-73.625,0.339,-1.013,0.476,-1.460,9.610,0.540,-5.610,1.070,-1.890,-46.375,-8.500,-0.250,4.150,8.540,2.440,26,3,0,0,2
17053,78.750,25.062,-74.000,0.370,-1.030,0.504,-0.400,9.600,0.770,-4.620,1.070,-1.580,-46.375,-8.500,-0.250,4.220,8.530,2.360,26,3,0,0,2
17063,78.812,25.438,-74.500,0.457,-0.993,0.523,1.350,10.280,0.030,-2.930,1.760,-2.240,-46.375,-8.500,-0.250,4.280,8.510,2.280,26,3,0,0,2
17073,78.750,25.875,-74.938,0.526,-0.881,0.538,6.940,10.400,-2.310,2.580,1.900,-4.510,-46.375,-8.500,-0.250,4.350,8.500,2.190,26,3,0,0,2
17083,78.562,26.312,-75.500,0.652,-0.782,0.621,9.120,8.730,-0.810,2.580,1.900,-4.510,-46.375,-8.500,-0.250,4.420,8.490,2.090,26,3,0,0,2
17091,78.312,26.812,-76.062,0.685,-0.964,0.666,9.120,8.730,-0.810,4.690,0.240,-2.910,-45.688,-7.875,1.250,4.420,8.490,2.090,26,3,0,0,2
17098,78.438,27.312,-76.688,0.490,-1.378,0.568,10.750,6.560,3.200,6.250,-1.900,1.200,-45.688,-7.875,1.250,4.500,8.470,1.990,26,3,0,0,2
17107,78.875,27.750,-77.250,0.196,-1.745,0.455,11.510,5.650,6.810,6.940,-2.810,4.910,-45.688,-7.875,1.250,4.570,8.460,1.900,26,3,0,0,2
17118,79.250,28.188,-77.875,0.238,-1.660,0.394,11.310,9.710,4.520,6.680,1.260,2.700,-45.688,-7.875,1.250,4.630,8.440,1.810,26,3,0,0,2
17129,79.500,28.438,-78.562,0.631,-1.281,0.212,12.160,12.000,1.970,7.490,3.550,0.270,-45.688,-7.875,1.250,4.670,8.450,1.700,26,3,0,0,2
17136,79.500,28.438,-78.562,0.777,-1.103,-0.045,13.300,12.360,1.130,8.610,3.890,-0.450,-45.688,-6.000,5.250,4.680,8.460,1.580,26,3,0,0,2
17144,79.812,28.500,-79.312,0.777,-1.103,-0.045,15.690,8.930,1.540,8.610,3.890,-0.450,-45.688,-6.000,5.250,4.690,8.470,1.500,26,3,0,0,2
17152,80.250,28.562,-79.938,0.469,-1.076,-0.140,16.340,6.620,2.300,10.990,0.460,0.040,-45.688,-6.000,5.250,4.710,8.470,1.440,26,3,0,0,2
17161,80.625,28.750,-80.312,0.075,-1.220,0.111,16.630,3.970,2.760,11.620,-1.840,0.860,-45.688,-6.000,5.250,4.760,8.450,1.370,26,3,0,0,2
17172,81.250,29.062,-80.688,-0.233,-1.741,0.302,16.590,4.350,2.290,11.870,-4.480,1.380,-45.688,-6.000,5.250,4.830,8.430,1.290,26,3,0,0,2
17182,82.188,29.500,-81.250,-0.370,-2.415,0.387,16.590,4.350,2.290,11.760,-4.080,0.990,-45.688,-6.000,5.250,4.900,8.400,1.190,26,3,0,0,2
17190,83.062,30.000,-81.875,-0.346,-2.759,0.476,13.810,3.730,2.720,8.910,-4.670,1.530,-45.688,-5.188,6.188,4.900,8.400,1.190,26,3,0,0,2
17198,84.125,30.438,-82.625,-0.323,-2.931,0.470,11.580,5.850,2.500,6.600,-2.530,1.420,-45.688,-5.188,6.188,4.970,8.380,1.080,26,3,0,0,2
17211,85.188,30.875,-83.375,-0.281,-2.858,0.374,7.360,6.050,1.860,6.000,-1.470,1.290,-45.688,-5.188,6.188,5.090,8.330,0.840,26,3,0,0,2
17221,86.312,31.250,-84.188,-0.281,-2.941,0.411,6.330,5.830,2.040,2.270,-2.280,1.010,-45.688,-5.188,6.188,5.140,8.310,0.720,26,3,0,0,2
17232,87.438,31.625,-85.000,-0.346,-2.947,0.412,6.330,5.830,2.040,1.180,-2.470,1.310,-45.688,-5.188,6.188,5.200,8.290,0.620,26,3,0,0,2
17240,88.562,32.000,-85.688,-0.411,-2.795,0.431,6.250,5.870,2.150,1.050,-2.420,1.530,-44.562,-5.188,11.250,5.200,8.290,0.620,26,3,0,0,2
17247,89.625,32.312,-86.375,-0.423,-2.670,0.377,6.900,6.250,2.130,1.650,-2.010,1.610,-44.562,-5.188,11.250,5.240,8.260,0.510,26,3,0,0,2
17256,89.625,32.312,-86.375,-0.380,-2.601,0.269,7.030,7.090,1.650,1.760,-1.150,1.230,-44.562,-5.188,11.250,5.270,8.250,0.410,26,3,0,0,2
17266,91.938,32.688,-87.812,-0.329,-2.573,0.161,6.790,7.050,1.440,1.490,-1.190,1.130,-44.562,-5.188,11.250,5.300,8.240,0.310,26,3,0,0,2
17277,93.125,32.812,-88.562,-0.301,-2.535,0.096,6.510,6.840,1.440,1.190,-1.390,1.230,-44.562,-5.188,11.250,5.310,8.230,0.200,26,3,0,0,2
17285,93.125,32.812,-88.562,-0.301,-2.535,0.096,5.930,6.670,1.540,1.190,-1.390,1.230,-41.188,-5.562,16.875,5.320,8.230,0.100,26,3,0,0,2
17292,94.250,32.875,-89.188,-0.363,-2.422,0.130,5.930,6.670,1.540,0.600,-1.550,1.430,-41.188,-5.562,16.875,5.340,8.220,0.020,26,3,0,0,2
17300,95.312,33.000,-89.812,-0.429,-2.284,0.157,5.510,7.540,0.980,0.160,-0.680,0.950,-41.188,-5.562,16.875,5.340,8.220,0.020,26,3,0,0,2
17310,96.375,33.062,-90.375,-0.377,-2.172,0.140,5.860,7.800,0.870,0.510,-0.400,0.920,-41.188,-5.562,16.875,5.360,8.200,-0.130,26,3,0,0,2
17320,97.375,33.125,-90.938,-0.370,-2.079,0.148,7.410,7.860,-1.450,0.920,-0.140,0.450,-41.188,-5.562,16.875,5.360,8.200,-0.200,26,3,0,0,2
17331,98.438,33.188,-91.438,-0.422,-2.089,0.115,7.410,7.860,-1.450,2.040,-0.340,-1.240,-41.188,-5.562,16.875,5.360,8.200,-0.200,26,3,0,0,2
17339,99.625,33.188,-92.000,-0.452,-2.222,0.070,7.680,7.540,-1.330,2.310,-0.650,-1.040,-39.000,-4.375,21.000,5.360,8.200,-0.280,26,3,0,0,2
17346,99.625,33.188,-92.000,-0.473,-2.501,0.059,7.500,7.050,-1.240,2.130,-1.140,-0.860,-39.000,-4.375,21.000,5.360,8.190,-0.380,26,3,0,0,2
17355,100.938,33.125,-92.625,-0.543,-2.751,0.091,7.480,6.890,-1.470,2.120,-1.300,-0.980,-39.000,-4.375,21.000,5.360,8.190,-0.480,26,3,0,0,2
17365,102.375,33.125,-93.312,-0.611,-3.003,0.149,7.430,7.620,-0.760,2.070,-0.560,-0.170,-39.000,-4.375,21.000,5.350,8.190,-0.580,26,3,0,0,2
17375,103.938,33.062,-94.062,-0.662,-3.239,0.182,7.340,7.560,-0.450,1.990,-0.620,0.240,-39.000,-4.375,21.000,5.350,8.180,-0.700,26,3,0,0,2
17384,105.688,33.062,-94.875,-0.662,-3.239,0.182,7.010,7.170,-0.510,1.990,-0.620,0.240,-39.000,-4.375,21.000,5.340,8.180,-0.820,26,3,0,0,2
17392,107.562,32.938,-95.750,-0.684,-3.442,0.172,7.010,7.170,-0.510,1.660,-1.010,0.310,-35.000,-6.250,24.250,5.340,8.180,-0.820,26,3,0,0,2
17400,109.500,32.812,-96.688,-0.690,-3.636,0.165,6.370,6.960,-0.870,1.050,-1.210,0.080,-35.000,-6.250,24.250,5.320,8.180,-0.960,26,3,0,0,2
17410,111.625,32.625,-97.625,-0.694,-3.737,0.118,5.140,6.220,-1.240,-0.150,-1.950,-0.140,-35.000,-6.250,24.250,5.250,8.180,-1.240,26,3,0,0,2
17420,113.875,32.375,-98.562,-0.686,-3.877,0.011,4.390,6.250,-1.830,-0.430,-1.900,-0.580,-35.000,-6.250,24.250,5.190,8.190,-1.380,26,3,0,0,2
17431,116.250,32.000,-99.562,-0.663,-3.977,-0.024,4.390,6.250,-1.830,-0.800,-1.930,-0.440,-35.000,-6.250,24.250,5.190,8.190,-1.380,26,3,0,0,2
17439,118.688,31.562,-100.562,-0.683,-4.025,-0.012,4.830,5.910,-0.740,-0.300,-2.290,0.790,-29.062,-7.500,29.062,5.140,8.200,-1.530,26,3,0,0,2
17447,118.688,31.562,-100.562,-0.699,-4.054,-0.014,5.600,5.720,-0.550,0.520,-2.490,1.120,-29.062,-7.500,29.062,5.070,8.220,-1.680,26,3,0,0,2
17455,121.188,31.125,-101.562,-0.661,-4.128,-0.092,5.390,5.650,-0.760,0.390,-2.580,1.060,-29.062,-7.500,29.062,4.990,8.230,-1.830,26,3,0,0,2
17465,123.812,30.625,-102.500,-0.619,-4.229,-0.269,4.410,5.430,-0.790,-0.480,-2.820,1.180,-29.062,-7.500,29.062,4.890,8.260,-1.980,26,3,0,0,2
17476,126.625,29.938,-103.500,-0.628,-4.390,-0.507,1.050,6.150,-1.580,-3.710,-2.140,0.550,-29.062,-7.500,29.062,4.770,8.290,-2.130,26,3,0,0,2
17484,129.750,29.062,-104.438,-0.628,-4.390,-0.507,0.210,6.720,-1.950,-3.710,-2.140,0.550,-22.250,-7.500,35.188,4.610,8.340,-2.280,26,3,0,0,2
17492,133.000,28.062,-105.250,-0.646,-4.313,-0.792,0.210,6.720,-1.950,-4.400,-1.620,0.320,-22.250,-7.500,35.188,4.430,8.400,-2.400,26,3,0,0,2
17500,136.375,26.875,-105.938,-0.657,-4.046,-1.107,-0.280,6.780,-1.980,-4.720,-1.620,0.420,-22.250,-7.500,35.188,4.430,8.400,-2.400,26,3,0,0,2
17510,139.688,25.562,-106.438,-0.669,-3.679,-1.344,0.940,7.560,-2.620,-3.280,-0.910,-0.110,-22.250,-7.500,35.188,4.030,8.550,-2.590,26,3,0,0,3
17520,142.938,24.250,-106.812,-0.623,-3.449,-1.455,1.290,8.850,-2.740,-2.760,-0.310,-0.090,-22.250,-7.500,35.188,3.810,8.620,-2.670,26,3,0,0,3
17531,146.188,22.875,-107.188,-0.538,-3.383,-1.532,1.290,8.850,-2.740,-2.520,0.220,-0.060,-22.250,-7.500,35.188,3.810,8.620,-2.670,26,3,0,0,3
17539,149.500,21.438,-107.562,-0.481,-3.355,-1.616,1.540,9.080,-2.410,-2.050,0.390,0.330,-13.250,-11.188,38.875,3.590,8.690,-2.750,26,3,0,0,3
17547,149.500,21.438,-107.562,-0.476,-3.331,-1.671,1.030,9.090,-2.680,-2.320,0.320,0.140,-13.250,-11.188,38.875,3.360,8.760,-2.820,26,3,0,0,3
17555,152.875,20.000,-107.875,-0.431,-3.269,-1.705,0.800,8.740,-3.090,-2.310,-0.080,-0.200,-13.250,-11.188,38.875,3.120,8.830,-2.890,26,3,0,0,3
17566,156.188,18.562,-108.125,-0.363,-3.221,-1.718,0.490,8.390,-3.270,-2.390,-0.490,-0.310,-13.250,-11.188,38.875,2.880,8.890,-2.950,26,3,0,0,3
17576,159.562,17.062,-108.375,-0.322,-3.164,-1.695,-0.170,8.070,-3.560,-2.820,-0.870,-0.550,-13.250,-11.188,38.875,2.640,8.940,-3.010,26,3,0,0,3
17585,162.875,15.625,-108.562,-0.322,-3.164,-1.695,-0.560,7.410,-2.780,-2.820,-0.870,-0.550,-3.500,-12.750,40.688,2.410,8.990,-3.060,26,3,0,0,3
17592,166.125,14.250,-108.750,-0.321,-3.130,-1.643,-0.560,7.410,-2.780,-2.970,-1.580,0.280,-3.500,-12.750,40.688,2.410,8.990,-3.060,26,3,0,0,3
17600,169.312,12.875,-108.875,-0.364,-3.054,-1.546,-0.950,7.160,-2.030,-3.140,-1.870,1.050,-3.500,-12.750,40.688,2.180,9.040,-3.090,26,3,0,0,3
17610,172.438,11.562,-108.938,-0.381,-2.931,-1.476,-1.130,8.100,-1.770,-3.100,-0.970,1.350,-3.500,-12.750,40.688,1.750,9.120,-3.140,26,3,0,0,3
17621,175.500,10.250,-109.000,-0.380,-2.861,-1.482,-2.430,13.010,-2.800,-3.620,2.210,1.540,-3.500,-12.750,40.688,1.530,9.150,-3.150,26,3,0,0,3
17631,178.438,9.000,-109.000,-0.333,-2.730,-1.539,-2.430,13.010,-2.800,-3.960,3.850,0.350,-3.500,-12.750,40.688,1.530,9.150,-3.150,26,2,0,0,3
17639,181.250,7.688,-109.000,-0.225,-2.467,-1.587,-2.720,14.080,-3.580,-4.040,4.890,-0.410,4.375,-12.500,40.188,1.310,9.180,-3.170,26,2,0,0,3
17647,181.250,7.688,-109.000,-0.183,-2.170,-1.527,-2.960,13.450,-3.680,-4.080,4.240,-0.500,4.375,-12.500,40.188,1.110,9.200,-3.170,26,2,0,0,3
17655,183.812,6.500,-109.000,-0.269,-1.813,-1.414,-1.930,10.230,-3.950,-2.860,1.000,-0.770,4.375,-12.500,40.188,0.930,9.230,-3.170,26,2,0,0,3
17665,186.000,5.438,-108.938,-0.337,-1.547,-1.319,-1.040,9.260,-4.300,-1.810,0.010,-1.140,4.375,-12.500,40.188,0.760,9.250,-3.150,26,2,0,0,3
17676,187.938,4.438,-108.812,-0.332,-1.473,-1.194,-0.290,7.940,-3.860,-0.900,-1.320,-0.720,4.375,-12.500,40.188,0.610,9.270,-3.130,26,2,0,0,3
17684,189.750,3.562,-108.688,-0.332,-1.473,-1.194,-0.990,8.930,-4.330,-0.900,-1.320,-0.720,12.000,-14.375,39.188,0.460,9.280,-3.100,26,2,0,0,3
17692,191.625,2.688,-108.438,-0.418,-1.600,-1.162,-0.990,8.930,-4.330,-1.450,-0.350,-1.230,12.000,-14.375,39.188,0.460,9.280,-3.100,26,2,0,0,3
17700,193.438,1.812,-108.312,-0.321,-1.542,-1.077,-0.610,8.790,-4.070,-0.930,-0.500,-0.990,12.000,-14.375,39.188,0.310,9.300,-3.080,26,2,0,0,3
17710,195.250,1.062,-108.188,-0.244,-1.652,-0.971,-0.450,8.590,-4.570,-0.630,-0.720,-1.510,12.000,-14.375,39.188,0.040,9.310,-3.050,26,2,0,0,3
17721,197.125,0.250,-108.125,-0.123,-1.737,-0.923,-0.430,7.430,-3.620,-0.440,-0.980,-2.300,12.000,-14.375,39.188,-0.080,9.320,-3.040,26,2,0,0,3
17732,198.938,-0.438,-108.062,-0.110,-1.728,-0.911,-0.430,7.430,-3.620,-0.350,-1.880,-0.570,12.000,-14.375,39.188,-0.080,9.320,-3.040,26,2,0,0,3
17739,200.750,-1.250,-107.938,-0.205,-1.719,-0.914,-0.670,7.340,-3.270,-0.450,-1.980,-0.240,15.500,-14.250,39.750,-0.210,9.320,-3.020,26,2,0,0,3
17747,200.750,-1.250,-107.938,-0.288,-1.762,-0.911,-0.820,7.270,-2.670,-0.470,-2.050,0.320,15.500,-14.250,39.750,-0.350,9.330,-2.990,26,2,0,0,3
17755,202.562,-2.000,-107.750,-0.316,-1.881,-0.882,-0.810,7.320,-2.390,-0.330,-2.010,0.550,15.500,-14.250,39.750,-0.480,9.330,-2.950,26,2,0,0,3
17765,204.500,-2.812,-107.562,-0.312,-2.049,-0.801,-0.560,7.200,-2.500,0.040,-2.130,0.410,15.500,-14.250,39.750,-0.610,9.340,-2.910,26,2,0,0,3
17775,206.438,-3.562,-107.312,-0.339,-2.196,-0.687,-0.330,7.080,-2.270,0.400,-2.260,0.590,15.500,-14.250,39.750,-0.740,9.340,-2.870,26,2,0,0,3
17784,208.500,-4.312,-107.062,-0.339,-2.196,-0.687,-0.210,6.880,-2.070,0.400,-2.260,0.590,15.500,-14.250,39.750,-0.850,9.350,-2.810,26,2,0,0,3
17792,210.562,-5.000,-106.750,-0.395,-2.359,-0.588,-0.210,6.880,-2.070,0.640,-2.460,0.740,20.062,-14.000,37.688,-0.850,9.350,-2.810,26,2,0,0,3
17800,212.625,-5.688,-106.375,-0.442,-2.532,-0.505,-0.480,6.810,-2.260,0.480,-2.540,0.490,20.062,-14.000,37.688,-0.970,9.360,-2.750,26,2,0,0,3
17810,214.812,-6.312,-106.000,-0.458,-2.644,-0.440,-0.860,6.730,-1.820,0.210,-2.630,0.860,20.062,-14.000,37.688,-1.180,9.370,-2.610,26,2,0,0,3
17821,216.875,-6.875,-105.500,-0.541,-2.641,-0.364,-1.090,6.840,-1.410,0.090,-2.530,1.190,20.062,-14.000,37.688,-1.270,9.390,-2.520,26,2,0,0,3
17831,218.812,-7.438,-105.000,-0.633,-2.557,-0.277,-1.130,7.080,-1.020,0.140,-2.300,1.490,20.062,-14.000,37.688,-1.270,9.390,-2.520,26,1,0,0,3
17839,220.625,-7.875,-104.438,-0.664,-2.460,-0.192,-1.210,7.660,-0.650,0.130,-1.730,1.780,24.500,-14.062,35.562,-1.340,9.400,-2.430,26,1,0,0,3
17847,220.625,-7.875,-104.438,-0.660,-2.359,-0.108,-1.300,7.770,-0.760,0.100,-1.640,1.570,24.500,-14.062,35.562,-1.410,9.410,-2.340,26,1,0,0,3
17855,222.250,-8.250,-103.938,-0.660,-2.359,-0.108,-1.420,7.770,-0.970,0.030,-1.650,1.270,24.500,-14.062,35.562,-1.460,9.430,-2.240,26,1,0,0,3
17865,223.750,-8.562,-103.375,-0.663,-2.261,-0.031,-1.350,7.500,-1.060,0.140,-1.930,1.080,24.500,-14.062,35.562,-1.500,9.440,-2.150,26,1,0,0,3
17875,225.125,-8.812,-102.812,-0.697,-2.152,0.049,-0.960,7.460,-0.890,0.560,-1.990,1.160,24.500,-14.062,35.562,-1.530,9.460,-2.050,26,1,0,0,3
17884,226.375,-9.000,-102.188,-0.749,-2.033,0.130,-0.530,7.510,-0.630,0.560,-1.990,1.160,24.500,-14.062,35.562,-1.550,9.480,-1.950,26,1,0,0,3
17892,227.500,-9.062,-101.625,-0.809,-1.938,0.227,-0.530,7.510,-0.630,1.020,-1.970,1.310,30.250,-14.062,33.250,-1.550,9.480,-1.950,26,1,0,0,3
17900,228.438,-9.125,-100.938,-0.865,-1.836,0.340,-0.440,7.660,-0.420,1.110,-1.830,1.410,30.250,-14.062,33.250,-1.550,9.500,-1.840,26,1,0,0,3
17910,229.188,-9.000,-100.312,-0.911,-1.698,0.455,-0.690,8.000,-0.040,0.840,-1.520,1.680,30.250,-14.062,33.250,-1.540,9.520,-1.730,26,1,0,0,3
17921,229.812,-8.875,-99.625,-0.928,-1.564,0.563,-0.880,8.150,0.010,0.630,-1.390,1.640,30.250,-14.062,33.250,-1.470,9.570,-1.510,26,1,0,0,3
17931,230.250,-8.625,-99.000,-0.923,-1.426,0.670,-1.060,8.280,0.040,0.400,-1.280,1.560,30.250,-14.062,33.250,-1.470,9.570,-1.510,26,1,0,0,3
17939,230.500,-8.312,-98.375,-0.924,-1.228,0.768,-1.360,8.370,0.140,0.050,-1.220,1.560,33.375,-15.250,30.375,-1.420,9.590,-1.410,26,1,0,0,3
17947,230.500,-8.312,-98.375,-0.924,-1.228,0.768,-1.790,8.670,0.000,-0.430,-0.950,1.300,33.375,-15.250,30.375,-1.350,9.620,-1.310,26,1,0,0,3
17955,230.562,-7.938,-97.750,-0.911,-0.981,0.845,-2.130,8.680,-0.170,-0.850,-0.960,1.050,33.375,-15.250,30.375,-1.280,9.640,-1.220,26,1,0,0,3
17965,230.438,-7.500,-97.250,-0.868,-0.722,0.908,-2.300,8.540,-0.030,-1.100,-1.120,1.100,33.375,-15.250,30.375,-1.190,9.660,-1.140,26,1,0,0,3
17975,230.125,-7.000,-96.750,-0.831,-0.429,0.961,-2.020,8.520,0.240,-0.910,-1.160,1.310,33.375,-15.250,30.375,-1.100,9.680,-1.060,26,1,0,0,3
17984,229.562,-6.438,-96.250,-0.809,-0.104,1.013,-2.110,8.370,0.190,-0.910,-1.160,1.310,33.375,-15.250,30.375,-0.990,9.700,-0.990,26,1,0,0,3
17992,228.750,-5.812,-95.812,-0.774,0.240,1.066,-2.110,8.370,0.190,-1.110,-1.320,1.180,35.188,-17.875,28.562,-0.990,9.700,-0.990,26,1,0,0,3
18000,227.688,-5.188,-95.438,-0.801,0.722,1.097,-2.030,8.540,0.350,-1.140,-1.170,1.280,35.188,-17.875,28.562,-0.880,9.720,-0.920,26,1,0,0,3
18010,226.375,-4.500,-95.000,-0.818,0.997,1.134,-0.970,9.620,-0.070,-0.190,-0.110,0.780,35.188,-17.875,28.562,-0.770,9.730,-0.860,26,1,0,0,3
18021,225.438,-3.812,-94.875,-0.250,0.517,1.181,-2.780,18.110,-11.180,-2.120,8.370,-10.340,35.188,-17.875,28.562,-0.560,9.730,-0.990,26,1,0,0,3
18032,224.938,-3.312,-95.812,1.660,0.055,0.935,-8.570,24.080,-18.550,-8.000,14.340,-17.550,35.188,-17.875,28.562,-0.560,9.730,-0.990,26,1,0,0,3
18039,224.125,-3.062,-97.375,2.746,1.174,0.262,-17.370,27.130,-18.290,-16.840,17.420,-17.020,34.062,-19.250,28.188,-0.530,9.710,-1.260,26,1,0,0,3
18047,224.125,-3.062,-97.375,1.117,1.986,-0.348,-25.880,24.260,-14.570,-25.340,14.560,-13.190,34.062,-19.250,28.188,-0.530,9.690,-1.370,26,1,0,0,3
18055,223.125,-3.125,-98.062,1.117,1.986,-0.348,-14.490,4.770,-5.080,-13.990,-4.920,-3.790,34.062,-19.250,28.188,-0.500,9.700,-1.280,26,1,0,0,3
18065,221.000,-2.938,-97.562,-1.118,3.387,-0.125,0.500,2.240,0.000,0.920,-7.490,1.100,34.062,-19.250,28.188,-0.420,9.730,-1.100,26,1,0,0,3
18075,218.062,-2.438,-96.500,-2.122,4.282,0.388,6.600,3.160,-1.030,6.950,-6.590,-0.090,34.062,-19.250,28.188,-0.350,9.750,-0.940,26,1,0,0,3
18085,216.250,-2.000,-95.500,-1.837,2.431,0.470,13.380,9.690,1.600,6.950,-6.590,-0.090,34.062,-19.250,28.188,-0.310,9.760,-0.820,26,1,0,0,3
18093,215.312,-1.812,-94.812,-1.336,1.254,0.257,13.380,9.690,1.600,13.700,-0.070,2.420,32.500,-19.688,29.875,-0.310,9.760,-0.820,26,1,0,0,3
18100,214.812,-1.625,-94.188,-1.132,0.565,0.292,11.040,9.960,2.270,11.330,0.180,2.990,32.500,-19.688,29.875,-0.280,9.770,-0.710,26,1,0,0,3
18110,214.188,-1.438,-93.688,-0.829,0.609,0.369,10.230,7.830,4.980,10.480,-1.940,5.630,32.500,-19.688,29.875,-0.240,9.780,-0.640,26,1,0,0,3
18121,214.062,-1.312,-93.312,-0.689,0.099,0.167,8.860,7.260,5.740,9.090,-2.520,6.310,32.500,-19.688,29.875,-0.210,9.790,-0.510,26,1,0,0,3
18132,214.125,-1.250,-93.000,-0.600,-0.260,0.144,7.190,8.790,3.550,7.410,-0.990,4.070,32.500,-19.688,29.875,-0.210,9.790,-0.510,26,1,0,0,3
18140,214.188,-1.062,-92.625,-0.621,-0.447,0.313,4.920,9.710,2.310,5.110,-0.080,2.770,29.188,-22.562,32.688,-0.190,9.790,-0.450,26,1,0,0,3
18147,214.188,-1.062,-92.625,-0.621,-0.447,0.313,2.890,10.790,2.370,3.040,1.000,2.760,29.188,-22.562,32.688,-0.140,9.790,-0.380,26,1,0,0,3
18155,214.188,-0.812,-92.250,-0.724,-0.457,0.464,0.430,11.130,1.230,0.540,1.330,1.550,29.188,-22.562,32.688,-0.110,9.800,-0.320,26,1,0,0,3
18166,214.188,-0.625,-91.812,-0.712,-0.411,0.380,0.140,10.770,1.000,0.230,0.970,1.260,29.188,-22.562,32.688,-0.080,9.800,-0.260,26,1,0,0,3
18176,214.250,-0.500,-91.500,-0.567,-0.377,0.277,-0.360,10.830,0.870,-0.320,1.020,1.090,29.188,-22.562,32.688,-0.040,9.800,-0.210,26,1,0,0,3
18185,214.250,-0.188,-91.250,-0.538,-0.464,0.495,0.270,10.730,0.610,-0.320,1.020,1.090,29.188,-22.562,32.688,0.020,9.800,-0.170,26,1,0,0,3
18193,214.062,0.125,-91.000,-0.437,-0.382,0.704,0.270,10.730,0.610,0.250,0.930,0.790,28.000,-24.750,30.688,0.020,9.800,-0.170,26,1,0,0,3
18201,213.875,0.500,-90.750,-0.457,-0.343,0.687,1.440,10.390,0.660,1.350,0.590,0.790,28.000,-24.750,30.688,0.080,9.800,-0.120,26,1,0,0,3
18211,213.812,0.812,-90.375,-0.595,-0.408,0.600,1.300,9.870,0.780,1.150,0.070,0.850,28.000,-24.750,30.688,0.190,9.800,-0.010,26,1,0,0,3
18221,213.750,1.062,-90.062,-0.621,-0.370,0.491,1.530,9.480,1.160,1.340,-0.320,1.180,28.000,-24.750,30.688,0.220,9.800,0.040,26,1,0,0,3
18232,213.750,1.312,-89.688,-0.656,-0.427,0.382,2.140,9.710,1.860,1.920,-0.090,1.820,28.000,-24.750,30.688,0.220,9.800,0.040,26,1,0,0,3
18240,213.938,1.438,-89.312,-0.683,-0.572,0.299,2.570,9.740,3.210,2.310,-0.050,3.100,27.250,-25.875,30.688,0.250,9.800,0.100,26,1,0,0,3
18248,213.938,1.438,-89.312,-0.683,-0.572,0.299,3.140,9.580,3.460,2.860,-0.210,3.290,27.250,-25.875,30.688,0.280,9.800,0.170,26,1,0,0,3
18257,214.125,1.625,-88.938,-0.676,-0.767,0.263,3.320,9.550,3.240,3.010,-0.240,3.010,27.250,-25.875,30.688,0.300,9.790,0.230,26,1,0,0,3
18267,214.438,1.750,-88.562,-0.636,-0.862,0.307,2.340,10.420,2.020,2.000,0.630,1.720,27.250,-25.875,30.688,0.330,9.790,0.290,26,1,0,0,3
18277,214.750,1.938,-88.250,-0.543,-0.840,0.344,1.790,10.440,1.350,1.420,0.640,1.000,27.250,-25.875,30.688,0.370,9.790,0.340,26,1,0,0,3
18286,215.000,2.125,-87.938,-0.543,-0.840,0.344,1.350,10.220,0.930,1.420,0.640,1.000,27.250,-25.875,30.688,0.410,9.790,0.380,26,1,0,0,3
18293,215.188,2.375,-87.688,-0.490,-0.803,0.421,1.350,10.220,0.930,0.940,0.430,0.540,27.688,-26.875,28.750,0.410,9.790,0.380,26,1,0,0,3
18301,215.375,2.688,-87.438,-0.489,-0.764,0.501,0.900,10.080,0.770,0.430,0.290,0.340,27.688,-26.875,28.750,0.460,9.780,0.420,26,1,0,0,3
18311,215.438,3.000,-87.188,-0.520,-0.714,0.506,0.650,9.870,0.670,0.130,0.090,0.190,27.688,-26.875,28.750,0.560,9.770,0.520,26,1,0,0,3
18322,215.562,3.312,-86.875,-0.554,-0.688,0.491,0.090,9.300,0.920,-0.280,-0.170,0.370,27.688,-26.875,28.750,0.610,9.770,0.570,26,1,0,0,3
18333,215.625,3.562,-86.625,-0.535,-0.612,0.470,0.090,9.300,0.920,-0.520,-0.460,0.350,27.688,-26.875,28.750,0.610,9.770,0.570,26,1,0,0,3
18341,215.688,3.875,-86.375,-0.523,-0.572,0.469,-0.140,8.990,1.290,-0.800,-0.760,0.680,28.750,-28.688,27.562,0.660,9.760,0.610,26,1,0,0,3
18348,215.688,3.875,-86.375,-0.532,-0.586,0.465,-0.080,9.130,1.310,-0.790,-0.620,0.640,28.750,-28.688,27.562,0.710,9.750,0.660,26,1,0,0,3
18357,215.750,4.125,-86.062,-0.544,-0.648,0.475,0.000,9.320,1.160,-0.760,-0.420,0.450,28.750,-28.688,27.562,0.760,9.750,0.700,26,1,0,0,3
18367,215.875,4.438,-85.812,-0.562,-0.713,0.491,0.080,9.510,1.120,-0.730,-0.220,0.360,28.750,-28.688,27.562,0.810,9.740,0.750,26,1,0,0,3
18377,216.000,4.688,-85.500,-0.586,-0.774,0.503,0.130,9.600,0.990,-0.730,-0.130,0.180,28.750,-28.688,27.562,0.860,9.730,0.800,26,1,0,0,3
18386,216.125,5.000,-85.250,-0.586,-0.774,0.503,0.090,9.580,0.870,-0.730,-0.130,0.180,28.750,-28.375,25.500,0.910,9.720,0.850,26,1,0,0,3
18394,217.188,5.375,-84.938,-0.596,-0.807,0.513,0.090,9.580,0.870,-0.820,-0.140,0.020,28.750,-28.375,25.500,0.910,9.720,0.850,26,1,0,0,3
18401,217.312,5.688,-84.625,-0.609,-0.825,0.525,0.250,9.520,0.630,-0.710,-0.190,-0.260,28.750,-28.375,25.500,0.970,9.710,0.900,26,1,0,0,3
18411,217.500,6.000,-84.375,-0.633,-0.892,0.541,0.570,9.440,0.510,-0.460,-0.260,-0.440,28.750,-28.375,25.500,1.030,9.700,0.950,26,1,0,0,3
18421,217.688,6.375,-84.062,-0.607,-0.965,0.564,0.780,9.520,0.850,-0.310,-0.160,-0.140,28.750,-28.375,25.500,1.160,9.680,1.040,26,1,0,0,3
18432,217.938,6.750,-83.812,-0.621,-1.103,0.578,0.520,9.540,1.240,-0.640,-0.130,0.200,28.750,-28.375,25.500,1.160,9.680,1.040,26,1,0,0,3
18440,219.188,7.188,-83.438,-0.724,-1.310,0.574,-0.030,9.380,1.640,-1.260,-0.280,0.540,29.500,-30.500,23.875,1.220,9.660,1.100,26,1,0,0,3
18448,219.188,7.188,-83.438,-0.724,-1.310,0.574,-0.950,9.110,1.850,-2.250,-0.530,0.690,29.500,-30.500,23.875,1.300,9.640,1.160,26,1,0,0,3
18455,219.625,7.625,-83.062,-0.864,-1.469,0.605,-0.880,9.220,1.840,-2.260,-0.400,0.610,29.500,-30.500,23.875,1.380,9.620,1.230,26,1,0,0,3
18466,220.000,8.125,-82.688,-0.946,-1.493,0.710,-1.190,9.730,1.560,-2.670,0.120,0.250,29.500,-30.500,23.875,1.480,9.600,1.300,26,1,0,0,3
18476,220.312,8.688,-82.250,-0.985,-1.451,0.843,-1.930,10.210,1.340,-3.520,0.630,-0.020,29.500,-30.500,23.875,1.580,9.580,1.370,26,1,0,0,3
18485,220.438,9.250,-81.812,-0.914,-1.270,0.929,-1.960,10.050,0.980,-3.520,0.630,-0.020,29.500,-30.500,23.875,1.680,9.550,1.420,26,1,0,0,3
18493,221.125,9.875,-81.500,-0.711,-1.022,0.890,-1.960,10.050,0.980,-3.640,0.490,-0.430,29.500,-32.688,22.250,1.680,9.550,1.420,26,1,0,0,3
18501,221.125,10.375,-81.312,-0.512,-0.828,0.790,-1.550,10.010,0.910,-3.310,0.470,-0.530,29.500,-32.688,22.250,1.760,9.530,1.450,26,1,0,0,3
18510,221.125,10.750,-81.125,-0.406,-0.702,0.629,-0.630,10.030,0.940,-2.470,0.510,-0.530,29.500,-32.688,22.250,1.830,9.510,1.470,26,1,0,0,3
18521,221.188,11.125,-81.000,-0.406,-0.648,0.552,-1.030,10.450,1.040,-2.920,0.940,-0.460,29.500,-32.688,22.250,1.890,9.500,1.500,26,1,0,0,3
18532,221.250,11.438,-80.750,-0.452,-0.563,0.460,-1.030,9.980,1.020,-2.970,0.490,-0.500,29.500,-32.688,22.250,1.940,9.480,1.530,26,1,0,0,3
18539,221.875,11.688,-80.562,-0.489,-0.532,0.388,-0.790,9.390,1.290,-2.780,-0.080,-0.270,29.500,-34.875,18.688,1.980,9.470,1.570,26,1,0,0,3
18547,221.875,11.688,-80.562,-0.489,-0.532,0.388,-0.040,9.090,1.710,-2.070,-0.360,0.100,29.500,-34.875,18.688,2.020,9.450,1.610,26,1,0,0,3
18555,222.000,11.938,-80.312,-0.550,-0.496,0.358,0.450,9.330,1.710,-2.070,-0.360,0.100,29.500,-34.875,18.688,2.070,9.440,1.650,26,1,0,0,3
18564,222.062,12.188,-80.062,-0.561,-0.520,0.382,0.260,9.370,1.910,-1.610,-0.100,0.060,29.500,-34.875,18.688,2.110,9.420,1.680,26,1,0,0,3
18575,222.125,12.438,-79.812,-0.492,-0.552,0.416,0.020,9.410,1.960,-2.140,0.000,0.240,29.500,-34.875,18.688,2.170,9.400,1.710,26,1,0,0,3
18585,222.188,12.750,-79.625,-0.429,-0.547,0.453,0.020,9.410,1.960,-2.140,0.000,0.240,29.500,-34.875,18.688,2.220,9.390,1.730,26,1,0,0,3
18593,222.688,13.062,-79.500,-0.392,-0.550,0.514,-0.270,9.520,1.930,-2.500,0.130,0.200,29.500,-34.500,17.562,2.220,9.390,1.730,26,1,0,0,3
18601,222.625,13.500,-79.312,-0.410,-0.555,0.616,-0.830,9.770,1.640,-3.120,0.400,-0.110,29.500,-34.500,17.562,2.290,9.370,1.760,26,1,0,0,3
18609,222.500,13.938,-79.062,-0.490,-0.528,0.718,-0.820,9.760,1.500,-3.190,0.410,-0.290,29.500,-34.500,17.562,2.360,9.340,1.790,26,1,0,0,3
18619,222.375,14.375,-78.812,-0.573,-0.480,0.778,-0.620,9.620,1.520,-3.070,0.300,-0.310,29.500,-34.500,17.562,2.440,9.310,1.830,26,1,0,0,3
18629,222.188,14.875,-78.500,-0.619,-0.453,0.830,-0.110,9.530,1.650,-2.640,0.250,-0.220,29.500,-34.500,17.562,2.520,9.280,1.880,26,1,0,0,3
18637,222.188,14.875,-78.500,-0.619,-0.453,0.830,0.020,9.610,1.590,-2.640,0.250,-0.220,28.000,-35.562,17.062,2.610,9.250,1.920,26,1,0,0,3
18645,222.125,15.438,-78.188,-0.631,-0.467,0.882,0.020,9.610,1.590,-2.580,0.360,-0.330,28.000,-35.562,17.062,2.610,9.250,1.920,26,1,0,0,3
18653,221.875,16.000,-77.938,-0.592,-0.504,0.940,0.150,9.890,1.510,-2.550,0.670,-0.440,28.000,-35.562,17.062,2.800,9.180,2.000,26,1,0,0,3
18662,221.688,16.562,-77.625,-0.615,-0.554,0.962,1.090,10.250,1.280,-2.210,0.290,-0.370,28.000,-35.562,17.062,2.890,9.140,2.040,26,1,0,0,3
18673,221.562,17.188,-77.375,-0.651,-0.672,0.916,1.260,10.140,1.220,-1.800,1.110,-0.750,28.000,-35.562,17.062,2.990,9.100,2.060,26,1,0,0,3
18684,221.438,17.750,-77.188,-0.467,-0.774,0.904,1.260,10.140,1.220,-1.730,1.030,-0.830,28.000,-35.562,17.062,2.990,9.100,2.060,26,2,0,0,3
18692,221.375,18.375,-77.125,-0.338,-0.878,0.920,1.350,10.150,1.490,-1.740,1.080,-0.570,25.688,-37.375,15.562,3.090,9.070,2.060,26,2,0,0,3
18700,221.375,18.375,-77.125,-0.280,-1.050,0.893,1.320,10.470,1.540,-1.870,1.430,-0.510,25.688,-37.375,15.562,3.190,9.040,2.060,26,2,0,0,3
18707,221.375,19.000,-77.125,-0.199,-1.266,0.814,1.060,11.380,0.610,-2.220,2.370,-1.420,25.688,-37.375,15.562,3.280,9.010,2.030,26,2,0,0,3
18717,221.500,19.562,-77.250,-0.084,-1.509,0.716,0.660,11.920,-0.020,-2.710,2.940,-2.020,25.688,-37.375,15.562,3.380,8.980,1.990,26,2,0,0,3
18727,221.750,20.125,-77.438,0.019,-1.712,0.645,-0.020,12.150,-0.210,-3.490,3.190,-2.150,25.688,-37.375,15.562,3.460,8.960,1.930,26,2,0,0,3
18736,222.125,20.688,-77.750,0.019,-1.712,0.645,-1.520,12.150,-0.390,-3.490,3.190,-2.150,25.250,-37.375,13.562,3.550,8.940,1.860,26,2,0,0,3
18744,222.625,21.250,-78.188,0.072,-1.847,0.585,-1.520,12.150,-0.390,-5.070,3.200,-2.260,25.250,-37.375,13.562,3.550,8.940,1.860,26,2,0,0,3
18752,223.125,21.750,-78.625,0.093,-1.967,0.518,-2.510,12.030,-0.490,-6.150,3.100,-2.280,25.250,-37.375,13.562,3.630,8.930,1.790,26,2,0,0,3
18761,223.750,22.188,-79.125,0.120,-2.008,0.430,-3.320,12.090,-0.610,-7.030,3.170,-2.320,25.250,-37.375,13.562,3.700,8.910,1.710,26,2,0,0,3
18772,224.375,22.562,-79.625,0.187,-1.971,0.297,-4.050,12.010,-0.250,-7.810,3.100,-1.880,25.250,-37.375,13.562,3.800,8.900,1.530,26,2,0,0,3
18783,225.062,22.812,-80.188,0.252,-1.841,0.187,-5.580,13.410,-1.340,-9.390,4.510,-2.870,25.250,-37.375,13.562,3.800,8.900,1.530,26,2,0,0,3
18791,225.812,23.062,-80.812,0.437,-1.669,0.139,-5.840,14.680,-3.100,-9.680,5.770,-4.540,26.062,-38.062,11.500,3.840,8.900,1.430,26,2,0,0,3
18799,225.812,23.062,-80.812,0.437,-1.669,0.139,-5.500,15.340,-5.450,-9.380,6.430,-6.760,26.062,-38.062,11.500,3.880,8.910,1.310,26,2,0,0,3
18807,226.188,23.250,-81.562,0.781,-1.504,0.205,-4.220,14.740,-8.030,-8.150,5.830,-9.170,26.062,-38.062,11.500,3.920,8.910,1.130,26,2,0,0,3
18817,226.500,23.562,-82.688,1.328,-1.607,0.324,-2.580,15.110,-8.370,-6.550,6.190,-9.300,26.062,-38.062,11.500,3.970,8.910,0.920,26,2,0,0,3
18827,226.812,23.875,-84.062,1.655,-1.820,0.303,-1.870,14.680,-7.790,-5.880,5.760,-8.470,26.062,-38.062,11.500,4.010,8.920,0.680,26,2,0,0,3
18836,227.250,24.125,-85.562,1.804,-2.090,0.311,-1.460,13.280,-5.930,-5.880,5.760,-8.470,26.062,-38.062,11.500,4.050,8.910,0.450,26,2,0,0,3
18844,227.750,24.375,-87.062,1.717,-2.191,0.283,-1.460,13.280,-5.930,-5.510,4.360,-6.390,26.750,-39.562,11.750,4.050,8.910,0.450,26,2,0,0,3
18852,228.125,24.562,-88.375,1.532,-1.756,0.240,1.390,11.030,-3.290,-2.680,2.110,-3.550,26.750,-39.562,11.750,4.070,8.910,0.250,26,2,0,0,3
18862,228.625,24.500,-89.562,1.414,-1.599,-0.088,2.810,10.730,-1.890,-1.250,1.810,-1.960,26.750,-39.562,11.750,4.070,8.920,0.060,26,2,0,0,3
18872,229.625,24.188,-90.688,1.235,-1.868,-0.572,3.420,10.670,-1.120,-0.590,1.730,-1.010,26.750,-39.562,11.750,3.950,8.960,-0.260,26,2,0,0,3
18883,230.750,23.750,-91.688,0.975,-1.769,-0.743,5.650,10.630,0.180,1.690,1.660,0.440,26.750,-39.562,11.750,3.950,8.960,-0.260,26,2,0,0,3
18891,231.875,23.312,-92.438,0.653,-1.668,-0.721,9.490,11.150,0.770,5.600,2.150,1.150,26.688,-38.062,11.062,3.880,8.990,-0.380,26,2,0,0,3
18898,231.875,23.312,-92.438,0.653,-1.668,-0.721,10.130,11.570,1.030,6.330,2.550,1.510,26.688,-38.062,11.062,3.800,9.020,-0.480,26,2,0,0,3
18906,233.188,22.750,-93.062,0.381,-1.743,-0.900,9.890,11.890,0.170,6.330,2.550,1.510,26.688,-38.062,11.062,3.670,9.070,-0.570,26,2,0,0,3
18915,234.938,22.000,-93.625,0.249,-1.985,-1.298,11.690,11.740,-0.560,6.210,2.820,0.750,26.688,-38.062,11.062,3.500,9.130,-0.680,26,2,0,0,3
18925,237.062,20.938,-94.250,0.320,-2.167,-1.820,12.460,11.920,-0.040,8.190,2.600,0.110,26.688,-38.062,11.062,3.290,9.200,-0.800,26,2,0,0,3
18936,239.438,19.625,-94.938,0.499,-2.313,-2.127,12.460,11.920,-0.040,9.160,2.720,0.750,26.688,-38.062,11.062,3.080,9.250,-0.940,26,2,0,0,3
18944,242.000,18.312,-95.750,0.663,-2.594,-2.105,10.360,11.640,0.310,7.270,2.380,1.250,29.250,-37.750,11.188,3.080,9.250,-0.940,26,2,0,0,3
18951,244.750,17.000,-96.625,0.683,-2.878,-2.143,7.410,11.720,-0.840,4.540,2.410,0.230,29.250,-37.750,11.188,2.860,9.310,-1.080,26,2,0,0,3
18960,247.688,15.562,-97.375,0.580,-3.033,-2.200,3.650,11.380,0.420,1.020,2.010,1.640,29.250,-37.750,11.188,2.630,9.360,-1.210,26,2,0,0,3
18970,250.438,14.188,-97.875,0.195,-2.699,-2.134,4.720,11.180,-2.310,2.310,1.760,-1.010,29.250,-37.750,11.188,2.400,9.410,-1.300,26,2,0,0,3
18981,252.688,12.938,-98.188,0.172,-1.919,-1.956,7.690,10.480,-2.220,5.480,1.020,-0.860,29.250,-37.750,11.188,2.200,9.450,-1.360,26,2,0,0,3
18988,252.688,12.938,-98.188,0.172,-1.919,-1.956,8.150,8.080,-0.870,6.110,-1.390,0.540,34.250,-33.000,7.562,2.040,9.480,-1.410,26,2,0,0,3
18996,254.500,12.000,-98.438,0.232,-1.486,-1.581,7.450,6.770,-1.760,6.110,-1.390,0.540,34.250,-33.000,7.562,1.890,9.510,-1.450,26,2,0,0,3
19004,256.125,11.125,-98.688,0.191,-1.412,-1.384,7.130,6.340,-1.710,5.550,-2.730,-0.300,34.250,-33.000,7.562,1.730,9.530,-1.490,26,2,0,0,3
19014,257.812,10.188,-98.875,0.115,-1.381,-1.481,6.870,6.250,-1.430,5.400,-3.190,-0.220,34.250,-33.000,7.562,1.560,9.560,-1.520,26,2,0,0,3
19024,259.500,9.125,-99.062,0.137,-1.287,-1.670,6.410,5.890,-1.050,5.300,-3.300,0.080,34.250,-33.000,7.562,1.370,9.580,-1.550,26,2,0,0,3
19035,261.312,8.000,-99.188,0.163,-1.227,-1.846,6.410,5.890,-1.050,5.030,-3.680,0.500,34.250,-33.000,7.562,1.170,9.600,-1.580,26,3,0,0,3
19043,263.188,6.812,-99.375,0.165,-1.193,-1.972,6.030,6.240,-0.950,4.860,-3.360,0.630,38.250,-30.750,5.250,1.170,9.600,-1.580,26,3,0,0,3
19051,265.000,5.625,-99.562,0.280,-1.131,-2.004,5.090,6.220,-1.180,4.120,-3.400,0.440,38.250,-30.750,5.250,0.960,9.620,-1.620,26,3,0,0,3
19060,266.750,4.375,-99.812,0.419,-0.966,-2.111,4.760,5.610,-0.790,4.000,-4.010,0.870,38.250,-30.750,5.250,0.750,9.630,-1.670,26,3,0,0,3
19070,268.500,3.125,-100.062,0.456,-0.807,-2.201,4.730,4.900,0.000,4.190,-4.730,1.720,38.250,-30.750,5.250,0.530,9.630,-1.720,26,3,0,0,3
19080,270.125,1.875,-100.312,0.428,-0.683,-2.154,4.330,5.090,0.380,4.010,-4.540,2.140,38.250,-30.750,5.250,0.320,9.640,-1.760,26,3,0,0,3
19088,270.125,1.875,-100.312,0.428,-0.683,-2.154,4.400,5.870,0.830,4.010,-4.540,2.140,42.188,-27.562,3.750,0.120,9.630,-1.790,26,3,0,0,3
19096,271.625,0.688,-100.562,0.371,-0.512,-2.081,4.400,5.870,0.830,4.280,-3.760,2.630,42.188,-27.562,3.750,-0.060,9.630,-1.830,26,3,0,0,3
19103,272.938,-0.375,-100.750,0.380,-0.347,-1.982,3.530,6.350,0.860,3.600,-3.270,2.700,42.188,-27.562,3.750,-0.060,9.630,-1.830,26,3,0,0,3
19113,274.188,-1.438,-100.938,0.335,-0.216,-1.900,3.230,5.890,0.560,3.480,-3.720,2.420,42.188,-27.562,3.750,-0.420,9.610,-1.880,26,3,0,0,3
19123,275.250,-2.438,-101.062,0.209,-0.127,-1.826,2.600,6.090,0.230,3.350,-3.680,2.060,42.188,-27.562,3.750,-0.570,9.600,-1.890,26,3,0,0,3
19134,276.188,-3.312,-101.125,0.139,-0.011,-1.633,2.600,6.090,0.230,3.170,-3.510,2.130,42.188,-27.562,3.750,-0.570,9.600,-1.890,26,3,0,0,3
19142,276.938,-4.125,-101.188,0.060,0.051,-1.443,2.370,6.440,0.410,3.070,-3.140,2.310,44.750,-22.875,2.250,-0.700,9.590,-1.900,26,3,0,0,3
19150,276.938,-4.125,-101.188,-0.025,0.043,-1.321,2.550,6.330,0.650,3.380,-3.250,2.550,44.750,-22.875,2.250,-0.820,9.580,-1.900,26,3,0,0,3
19158,277.688,-4.812,-101.188,-0.123,-0.005,-1.275,2.870,6.030,0.770,3.820,-3.530,2.660,44.750,-22.875,2.250,-0.940,9.570,-1.890,26,3,0,0,3
19168,278.375,-5.500,-101.125,-0.304,-0.132,-1.338,2.590,5.310,1.440,3.660,-4.250,3.300,44.750,-22.875,2.250,-1.070,9.560,-1.860,26,3,0,0,3
19178,279.188,-6.250,-101.000,-0.552,-0.290,-1.611,2.070,5.300,1.210,3.300,-4.250,3.020,44.750,-22.875,2.250,-1.220,9.560,-1.800,26,3,0,0,3
19187,280.188,-7.188,-100.688,-0.552,-0.290,-1.611,1.940,5.520,1.510,3.300,-4.250,3.020,44.750,-22.875,2.250,-1.400,9.540,-1.730,26,3,0,0,3
19195,281.375,-8.250,-100.250,-0.784,-0.273,-1.896,1.940,5.520,1.510,3.350,-4.020,3.240,45.750,-20.062,3.062,-1.400,9.540,-1.730,26,3,0,0,3
19203,282.562,-9.312,-99.688,-0.989,-0.323,-1.900,1.490,5.990,1.350,3.080,-3.540,2.980,45.750,-20.062,3.062,-1.580,9.530,-1.630,26,3,0,0,3
19217,283.688,-10.312,-99.062,-1.096,-0.470,-1.748,-0.820,8.560,0.930,1.080,-0.940,2.360,45.750,-20.062,3.062,-1.910,9.510,-1.420,26,3,0,0,3
19227,284.812,-11.250,-98.500,-0.959,-0.521,-1.625,-2.010,9.460,0.280,0.050,-0.020,1.640,45.750,-20.062,3.062,-2.060,9.480,-1.350,26,3,0,0,3
19237,286.000,-12.125,-98.125,-0.639,-0.639,-1.588,-2.710,9.970,-0.060,0.050,-0.020,1.640,45.750,-20.062,3.062,-2.220,9.450,-1.320,26,3,0,0,3
19244,287.188,-13.062,-97.938,-0.256,-0.569,-1.582,-2.710,9.970,-0.060,-0.480,0.510,1.250,48.000,-16.375,2.000,-2.220,9.450,-1.320,26,3,0,0,3
19252,288.250,-13.938,-97.875,-0.095,-0.357,-1.511,-4.330,11.410,-0.750,-1.970,1.980,0.550,48.000,-16.375,2.000,-2.360,9.420,-1.300,26,3,0,0,3
19262,289.312,-14.750,-97.875,0.082,-0.417,-1.455,-5.370,11.270,-1.140,-2.870,1.880,0.150,48.000,-16.375,2.000,-2.500,9.390,-1.300,26,3,0,0,3
19272,290.625,-15.625,-98.000,0.339,-0.656,-1.517,-7.740,10.740,-1.780,-5.090,1.400,-0.460,48.000,-16.375,2.000,-2.640,9.340,-1.310,26,3,0,0,3
19283,292.188,-16.625,-98.500,1.030,-0.650,-1.740,-6.560,11.560,-12.940,-3.750,2.270,-11.550,48.000,-16.375,2.000,-2.810,9.290,-1.390,26,3,0,0,3
19291,293.438,-17.375,-99.562,1.998,-0.288,-1.312,-4.990,6.450,-5.920,-2.060,-2.760,-4.360,50.875,-14.688,0.375,-2.930,9.220,-1.560,26,3,0,0,3
19298,293.438,-17.375,-99.562,1.998,-0.288,-1.312,-5.330,5.220,-3.500,-2.060,-2.760,-4.360,50.875,-14.688,0.375,-2.990,9.180,-1.650,26,3,0,0,3
19306,294.188,-17.750,-100.125,1.045,-0.238,-0.675,-6.430,5.280,-2.150,-2.330,-3.960,-1.850,50.875,-14.688,0.375,-3.070,9.160,-1.640,26,3,0,0,3
19316,294.938,-18.188,-100.188,0.137,-0.513,-0.707,-8.310,8.350,-3.700,-3.360,-3.880,-0.510,50.875,-14.688,0.375,-3.160,9.130,-1.620,26,3,0,0,3
19326,295.938,-18.812,-100.062,0.043,-0.819,-0.918,-10.110,9.470,-4.210,-6.850,0.360,-2.600,50.875,-14.688,0.375,-3.260,9.100,-1.610,26,3,0,0,3
19336,297.438,-19.375,-100.000,0.373,-1.518,-0.809,-10.110,9.470,-4.210,-6.850,0.360,-2.600,50.875,-14.688,0.375,-3.340,9.080,-1.590,26,3,0,0,3
19344,299.125,-19.875,-99.938,0.565,-2.019,-0.569,-11.080,9.900,-3.720,-7.740,0.820,-2.120,50.062,-11.000,-1.062,-3.340,9.080,-1.590,26,3,0,0,3
19352,300.625,-20.312,-99.875,0.477,-1.868,-0.475,-11.540,10.040,-3.300,-8.130,0.980,-1.720,50.062,-11.000,-1.062,-3.410,9.050,-1.570,26,3,0,0,3
19362,301.688,-20.750,-99.688,0.142,-1.282,-0.511,-10.880,9.480,-3.370,-7.410,0.440,-1.820,50.062,-11.000,-1.062,-3.470,9.030,-1.540,26,3,0,0,3
19373,302.438,-21.062,-99.500,-0.061,-0.718,-0.492,-9.380,8.750,-2.790,-5.850,-0.260,-1.270,50.062,-11.000,-1.062,-3.560,9.010,-1.500,26,3,0,0,3
19384,302.688,-21.250,-99.500,-0.044,-0.155,-0.334,-8.360,7.530,-2.260,-4.800,-1.470,-0.760,50.062,-11.000,-1.062,-3.560,9.010,-1.500,26,3,0,0,3
19391,302.562,-21.375,-99.562,-0.039,0.439,-0.269,-3.090,5.980,-2.800,0.480,-3.020,-1.280,50.062,-9.000,-4.250,-3.570,9.000,-1.520,26,3,0,0,3
19399,302.562,-21.375,-99.562,-0.039,0.439,-0.269,0.240,5.770,-2.490,0.480,-3.020,-1.280,50.062,-9.000,-4.250,-3.570,8.990,-1.540,26,3,0,0,3
19407,302.188,-21.375,-99.688,-0.011,0.713,-0.128,2.370,5.780,-1.690,5.920,-3.210,-0.120,50.062,-9.000,-4.250,-3.550,9.000,-1.570,26,3,0,0,3
19417,301.750,-21.188,-99.875,0.068,0.596,0.206,3.090,5.910,-0.650,6.590,-3.100,0.930,50.062,-9.000,-4.250,-3.490,9.020,-1.590,26,3,0,0,3
19427,301.125,-20.812,-100.000,0.073,0.529,0.581,3.030,6.720,0.660,6.450,-2.320,2.270,50.062,-9.000,-4.250,-3.410,9.040,-1.610,26,3,0,0,3
19437,300.312,-20.375,-100.062,-0.012,0.547,0.776,3.030,6.720,0.660,6.450,-2.320,2.270,50.062,-9.000,-4.250,-3.330,9.070,-1.610,26,3,0,0,3
19444,299.500,-19.875,-100.062,-0.143,0.525,0.826,3.810,7.050,1.120,7.150,-2.020,2.740,50.062,-7.750,-3.062,-3.330,9.070,-1.610,26,3,0,0,3
19452,298.625,-19.312,-100.000,-0.308,0.549,0.894,4.370,7.330,1.710,7.620,-1.770,3.320,50.062,-7.750,-3.062,-3.240,9.110,-1.600,26,3,0,0,3
19462,297.500,-18.688,-99.812,-0.445,0.730,0.992,4.320,7.470,2.770,7.470,-1.670,4.360,50.062,-7.750,-3.062,-3.150,9.140,-1.590,26,3,0,0,3
19473,296.250,-18.062,-99.688,-0.550,0.930,1.068,4.090,7.660,2.550,7.130,-1.520,4.120,50.062,-7.750,-3.062,-2.920,9.230,-1.540,26,3,0,0,3
19484,294.812,-17.312,-99.438,-0.660,1.045,1.156,4.430,7.860,1.970,7.360,-1.370,3.510,50.062,-7.750,-3.062,-2.920,9.230,-1.540,26,3,0,0,3
19492,293.312,-16.500,-99.125,-0.779,0.992,1.307,5.350,8.470,1.270,8.140,-0.810,2.770,49.688,-9.562,-2.562,-2.790,9.280,-1.490,26,3,0,0,3
19499,293.312,-16.500,-99.125,-0.779,0.992,1.307,6.200,12.240,-3.610,8.850,2.910,-2.150,49.688,-9.562,-2.562,-2.640,9.330,-1.450,26,3,0,0,3
19507,292.000,-15.625,-98.812,-0.697,0.611,1.503,4.010,15.040,-8.220,6.510,5.670,-6.780,49.688,-9.562,-2.562,-2.490,9.370,-1.430,26,3,0,0,3
19517,291.062,-14.750,-98.688,-0.177,-0.012,1.641,-1.330,18.020,-13.170,1.020,8.620,-11.700,49.688,-9.562,-2.562,-2.350,9.400,-1.460,26,3,0,0,3
19527,290.438,-13.875,-98.812,0.439,-0.320,1.568,-10.660,21.950,-13.510,-8.410,12.530,-12.000,49.688,-9.562,-2.562,-2.250,9.420,-1.500,26,3,0,0,3
19537,289.938,-13.250,-99.062,0.441,-0.144,1.227,-10.660,21.950,-13.510,-8.410,12.530,-12.000,49.688,-9.562,-2.562,-2.200,9.430,-1.500,26,3,0,0,3
19545,289.625,-12.938,-99.062,0.023,-0.009,0.530,-27.770,23.420,-5.160,-25.570,13.980,-3.650,49.000,-12.188,-1.375,-2.200,9.430,-1.500,26,3,0,0,3
19553,288.750,-12.750,-98.625,-0.989,0.998,0.193,-18.650,18.500,-5.460,-16.480,9.050,-4.020,49.000,-12.188,-1.375,-2.160,9.450,-1.430,26,3,0,0,3
19562,286.750,-12.250,-98.000,-1.571,2.310,0.602,-7.380,12.230,-3.900,-5.300,2.740,-2.560,49.000,-12.188,-1.375,-2.080,9.480,-1.340,26,3,0,0,3
19573,284.938,-11.688,-97.375,-1.552,1.946,0.757,3.280,6.290,-0.130,5.270,-3.230,1.100,49.000,-12.188,-1.375,-1.980,9.520,-1.230,26,3,0,0,3
19584,283.875,-11.125,-96.750,-1.224,0.662,0.896,4.350,3.380,1.160,6.250,-6.170,2.300,49.000,-12.188,-1.375,-1.890,9.550,-1.130,26,3,0,0,3
19591,283.250,-10.625,-96.000,-1.322,-0.136,0.971,6.220,3.440,1.850,8.030,-6.140,2.860,49.000,-14.000,-1.375,-1.810,9.580,-1.010,26,3,0,0,3
19599,283.250,-10.625,-96.000,-1.322,-0.136,0.971,6.290,3.750,2.910,8.030,-6.140,2.860,49.000,-14.000,-1.375,-1.700,9.610,-0.870,26,3,0,0,3
19607,282.688,-10.000,-95.188,-1.377,-0.313,1.163,3.340,6.080,3.950,7.990,-5.850,3.780,49.000,-14.000,-1.375,-1.610,9.630,-0.790,26,3,0,0,3
19616,282.188,-9.438,-94.688,-0.900,-0.196,0.954,0.050,7.860,5.270,4.960,-3.550,4.740,49.000,-14.000,-1.375,-1.560,9.650,-0.740,26,3,0,0,3
19626,281.938,-9.188,-94.375,-0.472,-0.178,0.562,-1.430,10.160,3.560,1.620,-1.780,6.020,49.000,-14.000,-1.375,-1.530,9.650,-0.700,26,3,0,0,3
19637,281.938,-9.000,-94.188,-0.331,-0.370,0.316,-1.430,10.160,3.560,0.100,0.500,4.270,49.000,-14.000,-1.375,-1.500,9.660,-0.690,26,3,0,0,3
19645,281.875,-8.812,-94.062,-0.111,-0.293,0.380,-0.240,11.530,-0.260,1.260,1.860,0.420,47.188,-16.562,0.062,-1.500,9.660,-0.690,26,3,0,0,3
19652,281.500,-8.438,-93.875,-0.336,-0.028,0.654,0.540,11.900,-0.350,1.990,2.220,0.300,47.188,-16.562,0.062,-1.440,9.670,-0.660,26,3,0,0,3
19661,280.875,-7.938,-93.562,-0.581,0.167,0.922,2.540,11.130,0.910,3.900,1.440,1.520,47.188,-16.562,0.062,-1.350,9.690,-0.600,26,3,0,0,3
19672,280.125,-7.312,-93.188,-0.723,0.165,1.053,4.920,9.720,1.720,6.180,0.000,2.260,47.188,-16.562,0.062,-1.250,9.710,-0.540,26,3,0,0,3
19682,279.625,-6.750,-92.625,-0.898,-0.219,1.034,4.240,9.860,1.070,5.400,0.140,1.530,47.188,-16.562,0.062,-1.160,9.720,-0.450,26,3,0,0,3
19690,279.625,-6.750,-92.625,-0.898,-0.219,1.034,3.630,10.090,1.170,4.710,0.350,1.540,47.500,-16.250,0.500,-1.070,9.740,-0.370,26,3,0,0,3
19697,279.188,-6.250,-92.188,-0.813,-0.422,0.929,3.400,10.140,1.410,4.710,0.350,1.540,47.500,-16.250,0.500,-0.990,9.750,-0.300,26,3,0,0,3
19705,279.000,-5.812,-91.750,-0.731,-0.505,0.868,3.400,10.140,1.410,4.400,0.390,1.710,47.500,-16.250,0.500,-0.900,9.760,-0.220,26,3,0,0,3
19714,278.750,-5.312,-91.250,-0.783,-0.647,0.927,1.540,10.420,2.340,3.980,0.280,2.140,47.500,-16.250,0.500,-0.810,9.770,-0.130,26,3,0,0,3
19725,278.562,-4.750,-90.750,-0.860,-0.747,1.021,0.680,10.440,2.130,2.360,0.650,2.470,47.500,-16.250,0.500,-0.710,9.780,-0.050,26,3,0,0,3
19736,278.312,-4.188,-90.250,-0.824,-0.629,1.031,0.680,10.440,2.130,1.400,0.660,2.180,47.500,-16.250,0.500,-0.710,9.780,-0.050,26,3,0,0,3
19744,277.938,-3.625,-89.875,-0.720,-0.374,0.981,0.420,10.230,2.130,1.040,0.440,2.110,45.250,-18.062,-0.688,-0.620,9.780,0.020,26,3,0,0,3
19751,277.938,-3.625,-89.875,-0.684,-0.167,0.973,0.710,9.690,2.430,1.240,-0.100,2.350,45.250,-18.062,-0.688,-0.530,9.790,0.080,26,3,0,0,3
19759,277.500,-3.062,-89.438,-0.711,-0.025,1.013,1.580,9.470,2.520,2.020,-0.320,2.370,45.250,-18.062,-0.688,-0.430,9.790,0.150,26,3,0,0,3
19769,276.938,-2.500,-89.062,-0.753,-0.002,0.987,3.030,9.610,2.430,3.370,-0.180,2.200,45.250,-18.062,-0.688,-0.340,9.790,0.220,26,3,0,0,3
19779,276.375,-1.938,-88.625,-0.790,-0.241,0.978,3.550,9.910,2.040,3.800,0.110,1.740,45.250,-18.062,-0.688,-0.240,9.790,0.300,26,3,0,0,3
19788,275.938,-1.438,-88.188,-0.790,-0.241,0.978,3.530,9.790,1.120,3.800,0.110,1.740,45.250,-20.562,-3.875,-0.140,9.790,0.370,26,3,0,0,3
19796,275.625,-0.812,-87.750,-0.769,-0.483,1.029,3.530,9.790,1.120,3.680,0.000,0.750,45.250,-20.562,-3.875,-0.140,9.790,0.370,26,3,0,0,3
19804,275.375,-0.250,-87.438,-0.602,-0.656,1.044,2.870,9.920,0.940,2.920,0.120,0.510,45.250,-20.562,-3.875,-0.040,9.790,0.430,26,3,0,0,3
19813,275.250,0.312,-87.188,-0.458,-0.808,1.070,2.080,9.790,0.920,2.030,0.000,0.440,45.250,-20.562,-3.875,0.050,9.790,0.470,26,3,0,0,3
19824,275.125,0.938,-86.938,-0.492,-0.917,1.086,0.640,9.920,0.760,0.470,0.130,0.230,45.250,-20.562,-3.875,0.260,9.780,0.570,26,3,0,0,3
19835,275.000,1.562,-86.625,-0.555,-0.911,1.032,-0.480,9.400,0.480,-0.750,-0.370,-0.080,45.250,-20.562,-3.875,0.260,9.780,0.570,26,3,0,0,3
19842,274.875,2.125,-86.312,-0.574,-0.822,1.019,-0.660,9.510,0.700,-1.020,-0.260,0.080,44.062,-21.250,-3.875,0.360,9.770,0.620,26,3,0,0,3
19850,274.875,2.125,-86.312,-0.574,-0.822,1.019,-0.790,9.500,1.040,-1.260,-0.260,0.360,44.062,-21.250,-3.875,0.470,9.770,0.680,26,3,0,0,3
19857,274.688,2.688,-85.938,-0.656,-0.687,1.026,-0.840,8.730,1.440,-1.260,-0.260,0.360,44.062,-21.250,-3.875,0.570,9.760,0.750,26,3,0,0,3
19868,274.438,3.312,-85.562,-0.767,-0.649,1.019,-0.970,9.030,1.440,-1.650,-0.710,0.600,44.062,-21.250,-3.875,0.680,9.740,0.830,26,3,0,0,3
19878,274.250,3.938,-85.062,-0.963,-0.764,1.101,-0.380,9.000,1.570,-1.170,-0.720,0.640,44.062,-21.250,-3.875,0.790,9.730,0.920,26,3,0,0,3
19888,274.062,4.625,-84.562,-0.951,-0.780,1.124,-0.380,9.000,1.570,-1.170,-0.720,0.640,44.062,-21.250,-3.875,0.900,9.710,0.990,26,3,0,0,3
19895,273.938,5.250,-84.125,-0.828,-0.855,1.109,-0.210,9.120,1.290,-1.120,-0.580,0.300,40.875,-24.250,-7.062,0.900,9.710,0.990,26,3,0,0,3
19903,273.812,5.938,-83.750,-0.798,-0.913,1.119,-1.710,9.760,0.690,-2.730,0.070,-0.360,40.875,-24.250,-7.062,1.020,9.690,1.060,26,3,0,0,3
19912,273.688,6.625,-83.250,-0.889,-0.939,1.114,-2.610,9.650,0.310,-3.750,-0.010,-0.820,40.875,-24.250,-7.062,1.130,9.670,1.130,26,3,0,0,3
19922,273.625,7.312,-82.750,-1.020,-0.989,1.156,-3.020,9.650,-0.010,-4.270,0.000,-1.230,40.875,-24.250,-7.062,1.250,9.640,1.210,26,3,0,0,3
19932,273.438,8.062,-82.250,-1.067,-0.956,1.289,-3.670,9.570,0.430,-5.050,-0.040,-0.870,40.875,-24.250,-7.062,1.380,9.610,1.300,26,3,0,0,3
19940,273.438,8.062,-82.250,-1.067,-0.956,1.289,-4.190,9.200,0.980,-5.720,-0.380,-0.400,39.688,-25.000,-8.250,1.530,9.580,1.390,26,3,0,0,3
19947,273.125,8.938,-81.688,-1.078,-0.920,1.420,-4.190,9.200,0.980,-5.720,-0.380,-0.400,39.688,-25.000,-8.250,1.670,9.540,1.480,26,3,0,0,3
19955,272.750,9.812,-81.125,-1.151,-0.714,1.469,-3.620,9.550,1.330,-5.290,0.000,-0.150,39.688,-25.000,-8.250,1.810,9.500,1.580,26,3,0,0,3
19965,272.250,10.625,-80.500,-1.102,-0.399,1.431,-0.110,10.140,1.770,-4.560,0.610,-0.190,39.688,-25.000,-8.250,1.940,9.460,1.670,26,3,0,0,3
19976,271.625,11.438,-79.938,-0.995,-0.175,1.404,0.900,10.290,2.130,-2.060,0.680,0.100,39.688,-25.000,-8.250,2.060,9.420,1.750,26,3,0,0,3
19987,271.000,12.125,-79.438,-0.881,-0.034,1.307,0.900,10.290,2.130,-1.150,0.860,0.380,39.688,-25.000,-8.250,2.060,9.420,1.750,26,3,0,0,3
19994,270.375,12.750,-79.000,-0.761,0.052,1.194,2.200,10.130,2.260,0.020,0.740,0.440,36.375,-27.188,-11.062,2.170,9.380,1.820,26,3,0,0,3
20002,270.375,12.750,-79.000,-0.664,0.011,1.179,3.330,9.330,2.430,1.050,-0.010,0.550,36.375,-27.188,-11.062,2.280,9.350,1.880,26,3,0,0,3
20009,269.750,13.438,-78.562,-0.649,-0.097,1.212,2.630,9.450,2.240,0.240,0.140,0.300,36.375,-27.188,-11.062,2.390,9.310,1.930,26,3,0,0,3
20020,269.250,14.062,-78.188,-0.531,-0.268,1.251,1.860,9.240,2.170,-0.640,-0.020,0.190,36.375,-27.188,-11.062,2.500,9.270,1.980,26,3,0,0,3
20030,268.688,14.812,-77.938,-0.493,-0.452,1.294,1.240,9.350,2.090,-1.390,0.120,0.080,36.375,-27.188,-11.062,2.630,9.220,2.010,26,3,0,0,3
20039,268.250,15.562,-77.688,-0.493,-0.452,1.294,0.580,9.950,1.740,-1.390,0.120,0.080,36.375,-27.188,-11.062,2.760,9.180,2.030,26,3,0,0,3
20047,267.875,16.312,-77.438,-0.463,-0.593,1.290,0.580,9.950,1.740,-2.170,0.770,-0.290,34.562,-28.750,-12.688,2.760,9.180,2.030,26,3,0,0,3
20054,267.500,17.125,-77.250,-0.451,-0.720,1.280,0.750,10.160,1.400,-2.130,1.020,-0.650,34.562,-28.750,-12.688,2.880,9.140,2.050,26,3,0,0,3
20065,267.250,17.875,-77.125,-0.434,-0.863,1.256,0.770,9.950,1.170,-2.240,0.850,-0.890,34.562,-28.750,-12.688,3.140,9.050,2.080,26,3,0,0,3
20075,267.000,18.688,-77.000,-0.427,-0.987,1.265,0.530,10.090,1.130,-2.400,0.890,-0.790,34.562,-28.750,-12.688,3.270,9.000,2.070,26,3,0,0,3
20086,266.875,19.500,-77.000,-0.343,-1.124,1.233,0.530,10.090,1.130,-2.740,1.090,-0.930,34.562,-28.750,-12.688,3.270,9.000,2.070,26,3,0,0,3
20094,266.750,20.312,-77.062,-0.252,-1.222,1.193,0.350,10.380,1.000,-3.050,1.420,-1.050,33.188,-29.875,-14.000,3.400,8.960,2.050,26,3,0,0,3
20102,266.750,20.312,-77.062,-0.219,-1.225,1.199,0.300,10.780,0.560,-3.230,1.860,-1.470,33.188,-29.875,-14.000,3.530,8.910,2.030,26,3,0,0,3
20110,266.625,21.125,-77.125,-0.192,-1.105,1.250,1.090,11.170,0.180,-2.570,2.300,-1.820,33.188,-29.875,-14.000,3.660,8.870,2.010,26,3,0,0,3
20121,266.438,21.938,-77.188,-0.142,-0.964,1.336,1.130,11.040,0.840,-2.660,2.220,-1.140,33.188,-29.875,-14.000,3.790,8.810,1.990,26,3,0,0,3
20131,266.125,22.750,-77.250,-0.094,-0.934,1.373,1.020,11.130,1.020,-2.900,2.360,-0.940,33.188,-29.875,-14.000,3.930,8.760,1.960,26,3,0,0,3
20140,265.750,23.625,-77.312,-0.094,-0.934,1.373,0.620,11.330,0.990,-2.900,2.360,-0.940,30.500,-31.688,-15.500,4.060,8.710,1.930,26,3,0,0,3
20147,265.312,24.438,-77.500,-0.038,-0.974,1.360,0.620,11.330,0.990,-3.430,2.620,-0.930,30.500,-31.688,-15.500,4.060,8.710,1.930,26,3,0,0,3
20155,265.000,25.312,-77.688,0.021,-0.978,1.331,-0.920,11.630,1.060,-5.120,2.970,-0.820,30.500,-31.688,-15.500,4.190,8.660,1.880,26,3,0,0,3
20165,264.688,26.125,-77.875,0.056,-0.969,1.285,-1.290,11.750,1.050,-5.610,3.140,-0.790,30.500,-31.688,-15.500,4.430,8.550,1.790,26,3,0,0,3
20175,264.375,26.875,-78.125,0.074,-0.956,1.229,-1.320,11.990,0.930,-5.810,3.280,-0.740,30.500,-31.688,-15.500,4.550,8.500,1.740,26,3,0,0,3
20186,264.125,27.625,-78.375,0.063,-1.011,1.150,-1.320,11.990,0.930,-5.870,3.480,-0.810,30.500,-31.688,-15.500,4.550,8.500,1.740,26,3,0,0,3
20194,263.938,28.312,-78.688,0.093,-1.120,1.080,-2.250,11.850,0.960,-6.900,3.380,-0.720,25.750,-32.750,-18.000,4.650,8.460,1.690,26,3,0,0,3
20202,263.938,28.312,-78.688,0.139,-1.226,0.962,-2.930,12.240,0.890,-7.690,3.820,-0.720,25.750,-32.750,-18.000,4.750,8.420,1.620,26,3,0,0,3
20209,263.875,29.000,-79.062,0.139,-1.226,0.962,-3.750,12.990,0.110,-8.590,4.600,-1.430,25.750,-32.750,-18.000,4.830,8.380,1.540,26,3,0,0,3
20220,263.938,29.562,-79.500,0.212,-1.288,0.754,-6.510,13.320,-0.750,-11.410,4.950,-2.200,25.750,-32.750,-18.000,4.900,8.360,1.450,26,3,0,0,3
20230,264.125,30.000,-80.125,0.585,-1.386,0.471,-8.690,13.380,-1.300,-13.650,5.030,-2.640,25.750,-32.750,-18.000,4.960,8.350,1.330,26,3,0,0,3
20239,264.250,30.375,-80.875,0.585,-1.386,0.471,-9.450,13.690,-3.210,-13.650,5.030,-2.640,25.750,-32.750,-18.000,5.000,8.340,1.190,26,3,0,0,3
20247,264.312,30.688,-81.875,1.036,-1.308,0.387,-9.450,13.690,-3.210,-14.460,5.350,-4.400,22.750,-33.875,-17.562,5.000,8.340,1.190,26,3,0,0,3
20254,264.250,31.000,-83.250,1.781,-1.401,0.364,-7.930,13.950,-4.250,-12.990,5.610,-5.230,22.750,-33.875,-17.562,5.050,8.340,0.970,26,3,0,0,3
20265,264.250,31.312,-84.875,1.913,-1.600,0.388,-5.470,14.030,-2.090,-10.570,5.690,-2.830,22.750,-33.875,-17.562,5.120,8.340,0.530,26,3,0,0,3
20276,264.188,31.500,-86.312,1.797,-1.312,0.262,-4.830,11.960,-0.720,-10.940,5.010,-1.930,22.750,-33.875,-17.562,5.110,8.350,0.330,26,3,0,0,3
20287,264.250,31.438,-87.625,1.817,-0.998,-0.167,-4.830,11.960,-0.720,-9.950,3.600,-1.060,22.750,-33.875,-17.562,5.110,8.350,0.330,26,3,0,0,3
20294,264.312,31.125,-88.688,1.616,-0.406,-0.569,-0.320,12.430,2.720,-5.390,4.040,2.530,20.875,-35.750,-16.375,5.070,8.390,0.180,26,3,0,0,3
20302,264.312,31.125,-88.688,1.194,0.134,-0.782,0.900,12.530,4.700,-4.100,4.100,4.600,20.875,-35.750,-16.375,5.000,8.430,0.090,26,3,0,0,3
20310,264.312,30.688,-89.312,0.725,0.573,-0.981,2.460,11.980,5.630,-2.460,3.500,5.560,20.875,-35.750,-16.375,4.920,8.470,0.060,26,3,0,0,3
20321,264.375,30.125,-89.500,0.347,1.102,-1.079,2.620,12.100,3.690,-2.210,3.570,3.600,20.875,-35.750,-16.375,4.830,8.520,0.080,26,3,0,0,3
20331,264.375,29.562,-89.375,0.376,1.570,-1.306,6.980,14.130,3.170,2.250,5.540,3.040,20.875,-35.750,-16.375,4.720,8.590,0.130,26,3,0,0,3
20340,264.250,28.812,-89.125,0.376,1.570,-1.306,7.350,14.570,4.180,2.250,5.540,3.040,20.875,-35.750,-16.375,4.570,8.670,0.130,26,3,0,0,3
20347,264.438,27.812,-89.062,0.631,1.294,-1.809,7.350,14.570,4.180,2.770,5.890,4.040,18.688,-37.250,-15.375,4.570,8.670,0.130,26,3,0,0,3
20355,264.875,26.625,-89.188,0.755,1.182,-2.074,9.190,14.700,3.730,4.790,5.940,3.610,18.688,-37.250,-15.375,4.210,8.850,0.090,26,3,0,0,3
20365,265.250,25.438,-89.375,0.959,1.186,-2.172,10.100,15.320,2.960,5.890,6.470,2.870,18.688,-37.250,-15.375,4.020,8.940,0.020,26,3,0,0,3
20376,265.875,24.188,-89.812,1.093,0.619,-2.213,7.460,17.150,2.900,3.860,8.340,4.150,18.688,-37.250,-15.375,3.830,9.020,-0.060,26,3,0,0,3
20387,266.750,23.000,-90.375,1.067,0.231,-2.136,7.460,17.150,2.900,3.620,8.130,2.960,18.688,-37.250,-15.375,3.830,9.020,-0.060,26,3,0,0,3
20395,267.438,21.938,-90.938,1.069,0.199,-1.862,8.230,14.850,1.530,4.550,5.760,1.680,24.875,-35.188,-13.375,3.670,9.090,-0.140,26,3,0,0,3
20403,267.438,21.938,-90.938,1.032,0.421,-1.524,8.440,12.870,2.250,4.900,3.730,2.480,24.875,-35.188,-13.375,3.530,9.140,-0.220,26,3,0,0,3
20411,267.812,21.125,-91.375,0.843,0.524,-1.337,8.760,11.260,2.210,5.340,2.080,2.490,24.875,-35.188,-13.375,3.420,9.180,-0.280,26,3,0,0,3
20421,268.125,20.375,-91.750,0.596,0.556,-1.428,8.650,9.470,1.590,5.360,0.240,1.910,24.875,-35.188,-13.375,3.290,9.230,-0.310,26,3,0,0,3
20432,268.500,19.625,-91.938,0.389,0.308,-1.809,8.290,7.760,1.980,5.160,-1.510,2.320,24.875,-35.188,-13.375,3.130,9.280,-0.340,26,3,0,0,3
20440,269.250,18.625,-92.062,0.389,0.308,-1.809,7.980,8.910,1.370,5.160,-1.510,2.320,27.062,-34.750,-10.500,2.910,9.350,-0.370,26,3,0,0,3
20448,270.500,17.250,-92.250,0.393,0.079,-2.472,7.980,8.910,1.370,5.070,-0.440,1.750,27.062,-34.750,-10.500,2.640,9.430,-0.430,26,3,0,0,3
20456,271.938,15.625,-92.625,0.734,0.120,-2.919,7.440,9.130,1.310,4.790,-0.300,1.750,27.062,-34.750,-10.500,2.370,9.500,-0.520,26,3,0,0,3
20466,273.375,14.000,-93.125,0.963,0.124,-2.977,7.440,8.590,1.180,5.070,-0.900,1.710,27.062,-34.750,-10.500,2.110,9.550,-0.610,26,3,0,0,3
20477,274.812,12.375,-93.625,0.974,0.110,-2.862,6.510,7.810,0.790,5.260,-1.710,1.630,27.062,-34.750,-10.500,1.850,9.600,-0.690,26,3,0,0,3
20487,276.188,10.875,-94.062,0.875,0.056,-2.802,6.510,7.810,0.790,4.660,-1.790,1.480,27.062,-34.750,-10.500,1.850,9.600,-0.690,26,3,0,0,3
20495,277.438,9.312,-94.500,0.850,0.120,-2.776,5.610,7.700,0.760,4.020,-1.940,1.530,30.000,-33.250,-9.000,1.590,9.640,-0.760,26,3,0,0,3
20503,278.688,7.875,-95.000,0.892,0.334,-2.697,5.590,7.460,0.940,4.240,-2.200,1.790,30.000,-33.250,-9.000,1.340,9.670,-0.840,26,3,0,0,3
20510,278.688,7.875,-95.000,0.892,0.334,-2.697,5.810,6.590,1.320,4.700,-3.100,2.250,30.000,-33.250,-9.000,1.110,9.690,-0.920,26,3,0,0,3
20520,279.750,6.500,-95.438,0.872,0.470,-2.520,6.270,6.790,0.930,5.380,-2.910,1.930,30.000,-33.250,-9.000,0.890,9.710,-1.000,26,3,0,0,3
20530,280.688,5.188,-95.875,0.896,0.569,-2.398,5.690,6.560,0.810,5.010,-3.150,1.910,30.000,-33.250,-9.000,0.670,9.720,-1.090,26,3,0,0,3
20539,281.562,3.938,-96.438,1.068,0.579,-2.343,5.200,6.070,0.910,5.010,-3.150,1.910,30.000,-33.250,-9.000,0.460,9.720,-1.200,26,3,0,0,3
20547,282.375,2.688,-97.000,1.146,0.645,-2.345,5.200,6.070,0.910,4.740,-3.640,2.110,34.375,-30.500,-9.375,0.460,9.720,-1.200,26,3,0,0,3
20555,283.188,1.438,-97.625,1.104,0.804,-2.356,5.240,5.080,1.170,4.990,-4.630,2.480,34.375,-30.500,-9.375,0.250,9.710,-1.300,26,3,0,0,3
20564,283.812,0.250,-98.125,0.938,0.965,-2.289,5.660,5.200,1.310,5.610,-4.500,2.700,34.375,-30.500,-9.375,0.040,9.700,-1.390,26,3,0,0,3
20575,284.375,-0.812,-98.562,0.805,0.989,-2.175,5.510,5.270,1.600,5.650,-4.420,3.070,34.375,-30.500,-9.375,-0.140,9.690,-1.460,26,3,0,0,3
20586,285.000,-1.875,-99.000,0.718,0.898,-2.140,6.430,4.910,2.140,6.760,-4.760,3.680,34.375,-30.500,-9.375,-0.320,9.670,-1.530,26,3,0,0,3
20593,285.688,-3.000,-99.375,0.664,0.758,-2.124,6.750,4.580,2.190,7.270,-5.070,3.790,38.000,-25.875,-6.688,-0.510,9.660,-1.600,26,3,0,0,3
20601,285.688,-3.000,-99.375,0.664,0.758,-2.124,6.570,4.620,1.730,7.280,-5.010,3.390,38.000,-25.875,-6.688,-0.700,9.630,-1.660,26,3,0,0,3
20609,286.562,-4.125,-99.750,0.646,0.512,-2.147,6.380,4.380,1.080,7.280,-5.010,3.390,38.000,-25.875,-6.688,-0.900,9.610,-1.720,26,3,0,0,3
20618,287.625,-5.312,-100.188,0.654,0.295,-2.207,5.490,3.670,0.010,7.290,-5.220,2.810,38.000,-25.875,-6.688,-1.110,9.570,-1.790,26,3,0,0,3
20628,288.812,-6.500,-100.562,0.685,0.131,-2.234,4.910,3.640,-0.630,6.600,-5.900,1.800,38.000,-25.875,-6.688,-1.320,9.530,-1.850,26,3,0,0,3
20639,290.125,-7.750,-100.938,0.620,-0.002,-2.291,4.910,3.640,-0.630,6.240,-5.880,1.210,38.000,-25.875,-6.688,-1.540,9.490,-1.880,26,3,0,0,3
20647,291.500,-9.000,-101.250,0.411,0.025,-2.375,4.790,3.810,-0.960,6.340,-5.680,0.920,43.375,-22.688,-3.875,-1.540,9.490,-1.880,26,3,0,0,3
20654,292.812,-10.250,-101.375,0.161,-0.032,-2.261,4.730,3.810,-1.080,6.480,-5.640,0.810,43.375,-22.688,-3.875,-1.750,9.450,-1.900,26,3,0,0,3
20664,294.000,-11.375,-101.312,-0.080,-0.203,-2.003,4.140,4.230,-1.800,6.080,-5.190,0.090,43.375,-22.688,-3.875,-1.930,9.420,-1.890,26,3,0,0,3
20675,295.125,-12.375,-101.188,-0.309,-0.242,-1.743,4.020,4.750,-0.790,6.120,-4.630,1.060,43.375,-22.688,-3.875,-2.100,9.390,-1.860,26,3,0,0,3
20686,296.188,-13.188,-100.812,-0.542,-0.500,-1.486,3.360,5.000,-0.190,5.600,-4.360,1.600,43.375,-22.688,-3.875,-2.240,9.370,-1.800,26,3,0,0,3
20694,297.250,-14.000,-100.375,-0.750,-0.806,-1.266,1.010,5.440,1.130,3.390,-3.910,2.840,43.375,-19.000,-3.875,-2.370,9.350,-1.710,26,3,0,0,3
20701,297.250,-14.000,-100.375,-0.750,-0.806,-1.266,-1.250,6.910,1.390,3.390,-3.910,2.840,43.375,-19.000,-3.875,-2.490,9.350,-1.580,26,3,0,0,3
20709,298.312,-14.688,-99.625,-1.141,-0.913,-1.150,-1.620,8.040,0.730,1.230,-2.430,2.980,43.375,-19.000,-3.875,-2.630,9.330,-1.420,26,3,0,0,3
20719,299.312,-15.562,-98.688,-1.563,-0.761,-1.414,-3.610,9.690,-0.370,-0.810,0.370,0.880,43.375,-19.000,-3.875,-2.800,9.310,-1.260,26,3,0,0,3
20729,300.375,-16.562,-97.688,-1.632,-0.647,-1.777,-10.450,13.130,-0.770,-7.470,3.860,0.340,43.375,-19.000,-3.875,-2.980,9.270,-1.120,26,3,0,0,3
20739,301.688,-17.688,-96.875,-1.295,-0.858,-1.898,-10.450,13.130,-0.770,-7.470,3.860,0.340,43.375,-19.000,-3.875,-3.130,9.230,-1.050,26,3,0,0,3
20747,302.938,-18.625,-96.500,-0.507,-0.683,-1.654,-12.450,13.450,-2.150,-9.320,4.220,-1.090,43.688,-16.375,-6.250,-3.130,9.230,-1.050,26,3,0,0,3
20755,303.812,-19.375,-96.688,0.273,-0.095,-1.357,-11.990,12.330,-3.430,-8.730,3.150,-2.350,43.688,-16.375,-6.250,-3.250,9.180,-1.070,26,3,0,0,3
20765,304.125,-19.875,-96.938,0.329,0.452,-0.934,-12.050,10.850,-3.690,-8.710,1.700,-2.570,43.688,-16.375,-6.250,-3.330,9.150,-1.120,26,3,0,0,3
20776,304.312,-20.188,-97.188,0.266,0.340,-0.572,-14.880,11.300,-3.660,-11.490,2.160,-2.500,43.688,-16.375,-6.250,-3.420,9.110,-1.200,26,3,0,0,3
20786,304.750,-20.375,-97.500,0.589,-0.149,-0.407,-17.540,12.430,-3.470,-14.120,3.310,-2.270,43.688,-16.375,-6.250,-3.420,9.110,-1.200,26,3,0,0,3
20794,305.188,-20.500,-97.875,0.706,-0.275,-0.212,-17.050,13.190,-2.970,-13.600,4.090,-1.710,44.062,-12.688,-6.750,-3.440,9.090,-1.250,26,3,0,0,3
20802,305.188,-20.500,-97.875,0.706,-0.275,-0.212,-7.920,10.770,-1.690,-4.480,1.680,-0.400,44.062,-12.688,-6.750,-3.440,9.090,-1.290,26,3,0,0,3
20809,305.312,-20.562,-98.062,0.420,-0.031,-0.003,-4.150,8.850,-1.560,-0.720,-0.240,-0.250,44.062,-12.688,-6.750,-3.420,9.090,-1.300,26,3,0,0,3
20820,305.125,-20.438,-98.188,0.091,0.203,0.159,-1.630,7.760,-0.930,1.760,-1.330,0.370,44.062,-12.688,-6.750,-3.400,9.100,-1.310,26,3,0,0,3
20830,304.688,-20.312,-98.188,-0.067,0.444,0.190,0.000,7.800,-0.330,3.380,-1.300,0.990,44.062,-12.688,-6.750,-3.380,9.100,-1.320,26,3,0,0,3
20840,304.188,-20.188,-98.250,-0.166,0.740,0.107,0.000,7.800,-0.330,3.380,-1.300,0.990,44.062,-12.688,-6.750,-3.350,9.110,-1.330,26,3,0,0,3
20847,303.312,-19.938,-98.312,-0.280,1.119,0.228,1.480,7.330,0.170,4.840,-1.780,1.510,44.000,-13.375,-7.062,-3.350,9.110,-1.330,26,3,0,0,3
20855,302.188,-19.625,-98.438,-0.307,1.470,0.339,2.920,6.810,0.720,6.220,-2.310,2.080,44.000,-13.375,-7.062,-3.300,9.130,-1.350,26,3,0,0,3
20865,300.812,-19.250,-98.625,-0.249,1.758,0.485,4.270,6.270,1.370,7.500,-2.870,2.770,44.000,-13.375,-7.062,-3.230,9.150,-1.390,26,3,0,0,3
20876,299.312,-18.750,-98.750,-0.359,1.821,0.604,6.490,5.630,4.180,9.650,-3.540,5.600,44.000,-13.375,-7.062,-3.060,9.200,-1.410,26,3,0,0,3
20887,297.812,-18.188,-98.688,-0.545,1.569,0.766,8.440,6.330,3.620,11.510,-2.860,5.040,44.000,-13.375,-7.062,-3.060,9.200,-1.410,26,3,0,0,3
20895,296.625,-17.562,-98.500,-0.533,0.785,1.050,10.690,8.790,1.260,13.660,-0.450,2.650,44.250,-13.000,-5.562,-2.960,9.240,-1.390,26,3,0,0,3
20902,296.625,-17.562,-98.500,-0.533,0.785,1.050,7.550,12.930,-5.840,10.390,3.640,-4.480,44.250,-13.000,-5.562,-2.840,9.280,-1.350,26,3,0,0,3
20910,295.812,-16.875,-98.250,-0.403,0.039,1.294,-15.250,19.120,-10.880,-12.500,9.800,-9.510,44.250,-13.000,-5.562,-2.740,9.310,-1.370,26,3,0,0,3
20920,294.938,-16.188,-98.375,0.055,0.445,1.088,-30.340,23.960,-9.080,-27.650,14.640,-7.630,44.250,-13.000,-5.562,-2.690,9.310,-1.440,26,3,0,0,3
20931,294.625,-15.875,-98.812,0.753,0.262,0.530,-31.750,27.850,-5.550,-29.030,18.560,-4.000,44.250,-13.000,-5.562,-2.710,9.290,-1.550,26,3,0,0,3
20940,294.625,-16.062,-99.438,0.998,0.611,-0.398,-15.550,24.340,-7.350,-29.030,18.560,-4.000,44.250,-13.000,-5.562,-2.720,9.280,-1.610,26,3,0,0,3
20948,293.625,-16.125,-99.812,0.074,2.007,-0.418,-15.550,24.340,-7.350,-12.820,15.060,-5.740,43.500,-13.688,-4.375,-2.720,9.280,-1.610,26,3,0,0,3
20956,291.250,-15.375,-99.750,-0.926,2.775,0.856,6.460,7.980,-2.050,9.060,-1.330,-0.450,43.500,-13.688,-4.375,-2.600,9.310,-1.600,26,3,0,0,3
20966,289.000,-14.250,-99.438,-0.974,1.858,1.689,12.680,0.300,0.920,15.110,-9.070,2.480,43.500,-13.688,-4.375,-2.270,9.420,-1.450,26,3,0,0,3
20977,287.750,-13.375,-98.750,-1.241,0.225,1.654,14.040,-0.890,4.030,16.310,-10.310,5.480,43.500,-13.688,-4.375,-2.140,9.470,-1.310,26,3,0,0,3
20987,287.125,-12.625,-97.875,-1.310,-0.598,1.457,7.520,3.670,7.590,9.660,-5.800,8.910,43.500,-13.688,-4.375,-2.140,9.470,-1.310,26,3,0,0,3
20995,286.625,-12.062,-97.188,-1.139,-0.443,1.078,5.840,5.380,10.150,7.890,-4.120,11.350,44.250,-16.562,-0.750,-2.050,9.510,-1.200,26,3,0,0,3
21003,286.625,-12.062,-97.188,-0.893,-0.325,0.598,3.820,7.930,9.750,5.820,-1.600,10.870,44.250,-16.562,-0.750,-1.990,9.530,-1.110,26,3,0,0,3
21011,286.375,-11.750,-96.625,-0.893,-0.325,0.598,1.750,10.720,5.070,3.730,1.170,6.120,44.250,-16.562,-0.750,-1.970,9.540,-1.050,26,3,0,0,3
21021,286.312,-11.562,-96.250,-0.639,-0.319,0.316,-0.280,12.700,-0.270,1.650,3.150,0.760,44.250,-16.562,-0.750,-1.930,9.550,-1.030,26,3,0,0,3
21031,286.062,-11.375,-96.188,-0.145,0.013,0.417,1.350,11.670,1.290,3.220,2.100,2.340,44.250,-16.562,-0.750,-1.860,9.570,-1.040,26,3,0,0,3
21040,285.312,-10.875,-96.250,0.023,0.526,0.750,4.550,11.970,1.790,3.220,2.100,2.340,44.250,-16.562,-0.750,-1.740,9.590,-1.000,26,3,0,0,3
21048,284.188,-10.188,-95.938,-0.653,0.680,1.206,4.550,11.970,1.790,6.290,2.370,2.790,43.875,-18.062,-1.562,-1.740,9.590,-1.000,26,3,0,0,3
21056,282.750,-9.250,-95.250,-1.276,0.619,1.674,8.530,10.270,0.970,10.110,0.630,1.860,43.875,-18.062,-1.562,-1.570,9.630,-0.890,26,3,0,0,3
21066,281.250,-8.125,-94.688,-1.091,0.543,1.922,8.120,9.150,0.920,9.520,-0.520,1.720,43.875,-18.062,-1.562,-1.230,9.700,-0.730,26,3,0,0,3
21077,280.062,-7.188,-94.312,-0.728,0.272,1.729,7.390,9.270,1.020,8.620,-0.430,1.760,43.875,-18.062,-1.562,-1.110,9.710,-0.680,26,3,0,0,3
21088,279.312,-6.500,-94.000,-0.496,0.051,1.276,6.610,9.630,1.590,7.720,-0.080,2.280,43.875,-18.062,-1.562,-1.110,9.710,-0.680,26,3,0,0,3
21096,278.812,-5.875,-93.688,-0.512,-0.261,1.096,3.840,10.420,1.710,4.850,0.690,2.350,41.688,-19.500,-1.188,-1.000,9.730,-0.630,26,3,0,0,3
21103,278.812,-5.875,-93.688,-0.810,-0.753,1.041,2.610,11.300,1.210,3.530,1.550,1.760,41.688,-19.500,-1.188,-0.910,9.740,-0.550,26,3,0,0,3
21111,278.625,-5.312,-93.188,-0.810,-0.753,1.041,1.370,11.130,0.910,2.200,1.370,1.360,41.688,-19.500,-1.188,-0.820,9.760,-0.440,26,3,0,0,3
21121,278.625,-4.812,-92.562,-1.042,-1.081,1.018,0.270,10.560,1.110,1.000,0.790,1.450,41.688,-19.500,-1.188,-0.730,9.770,-0.330,26,3,0,0,3
21131,278.562,-4.250,-91.938,-1.080,-1.005,1.032,0.500,9.360,1.240,1.140,-0.420,1.480,41.688,-19.500,-1.188,-0.630,9.780,-0.230,26,3,0,0,3
21141,278.312,-3.688,-91.375,-0.998,-0.621,1.042,0.770,8.930,1.460,1.140,-0.420,1.480,41.688,-19.500,-1.188,-0.530,9.790,-0.150,26,3,0,0,3
21148,278.125,-3.062,-90.875,-0.885,-0.242,1.083,0.770,8.930,1.460,1.300,-0.850,1.610,41.000,-21.250,-2.750,-0.530,9.790,-0.150,26,3,0,0,3
21156,277.500,-2.438,-90.375,-0.821,-0.031,1.140,1.230,9.080,1.640,1.650,-0.710,1.720,41.000,-21.250,-2.750,-0.420,9.790,-0.070,26,3,0,0,3
21166,276.812,-1.812,-89.938,-0.779,0.028,1.143,2.900,9.330,1.510,3.220,-0.460,1.510,41.000,-21.250,-2.750,-0.310,9.800,0.000,26,3,0,0,3
21177,276.250,-1.188,-89.562,-0.724,-0.139,1.122,3.140,9.380,1.200,3.350,-0.420,1.130,41.000,-21.250,-2.750,-0.090,9.800,0.130,26,3,0,0,3
21187,275.812,-0.500,-89.188,-0.681,-0.423,1.182,2.610,9.530,0.930,2.710,-0.270,0.800,41.000,-21.250,-2.750,-0.090,9.800,0.130,26,3,0,0,3
21195,275.500,0.125,-88.812,-0.654,-0.678,1.334,1.630,9.810,0.580,1.600,0.000,0.390,39.062,-23.875,-3.875,0.030,9.800,0.190,26,3,0,0,3
21203,275.500,0.125,-88.812,-0.654,-0.678,1.334,0.730,9.590,0.240,0.550,-0.200,0.000,39.062,-23.875,-3.875,0.170,9.800,0.250,26,3,0,0,3
21211,275.188,1.000,-88.500,-0.622,-0.843,1.473,0.430,9.590,0.110,0.110,-0.200,-0.200,39.062,-23.875,-3.875,0.310,9.790,0.310,26,3,0,0,3
21225,274.688,2.562,-87.750,-0.764,-1.053,1.384,-0.060,9.810,-0.010,-0.510,0.020,-0.390,39.062,-23.875,-3.875,0.440,9.780,0.380,26,3,0,0,3
21235,274.500,3.312,-87.312,-0.816,-0.996,1.309,-0.900,9.270,0.560,-1.470,-0.500,0.100,39.062,-23.875,-3.875,0.570,9.770,0.450,26,3,0,0,3
21242,274.500,3.312,-87.312,-0.816,-0.996,1.309,-1.070,8.950,1.090,-1.770,-0.800,0.560,37.000,-27.562,-5.562,0.690,9.760,0.520,26,3,0,0,3
21250,274.375,4.062,-86.875,-0.821,-0.852,1.262,-1.210,8.770,1.440,-1.770,-0.800,0.560,37.000,-27.562,-5.562,0.810,9.750,0.600,26,3,0,0,3
21258,274.125,4.750,-86.438,-0.863,-0.712,1.241,-1.210,8.770,1.440,-2.030,-0.970,0.830,37.000,-27.562,-5.562,0.940,9.730,0.690,26,3,0,0,3
21268,273.750,5.500,-85.938,-0.962,-0.628,1.251,-0.090,9.370,2.080,-1.790,-0.680,0.930,37.000,-27.562,-5.562,1.070,9.710,0.770,26,3,0,0,3
21278,273.375,6.250,-85.375,-0.997,-0.580,1.346,-0.440,10.060,1.470,-1.160,-0.340,1.300,37.000,-27.562,-5.562,1.210,9.690,0.860,26,3,0,0,3
21289,273.000,7.062,-84.875,-1.036,-0.684,1.438,-0.440,10.060,1.470,-1.650,0.370,0.600,37.000,-27.562,-5.562,1.210,9.690,0.860,26,3,0,0,3
21297,272.750,7.938,-84.250,-1.100,-0.748,1.455,-1.130,10.340,0.810,-2.490,0.670,-0.140,34.375,-28.688,-8.688,1.350,9.660,0.960,26,3,0,0,3
21305,272.750,7.938,-84.250,-1.056,-0.759,1.445,-1.620,10.170,0.230,-3.120,0.540,-0.810,34.375,-28.688,-8.688,1.490,9.630,1.050,26,3,0,0,3
21312,272.438,8.750,-83.750,-1.007,-0.900,1.478,-3.770,9.730,-0.520,-5.410,0.120,-1.650,34.375,-28.688,-8.688,1.640,9.600,1.130,26,3,0,0,3
21322,272.125,9.625,-83.250,-1.049,-1.076,1.726,-5.640,9.610,-0.080,-7.450,0.050,-1.290,34.375,-28.688,-8.688,1.810,9.560,1.210,26,3,0,0,3
21332,271.812,10.625,-82.750,-1.081,-0.896,1.901,-6.290,9.780,0.220,-8.290,0.270,-1.070,34.375,-28.688,-8.688,2.000,9.510,1.290,26,3,0,0,3
21341,271.250,11.750,-82.250,-1.081,-0.896,1.901,-4.910,9.950,0.400,-8.290,0.270,-1.070,34.375,-28.688,-8.688,2.180,9.460,1.370,26,3,0,0,3
21349,270.750,12.812,-81.750,-0.978,-0.637,1.834,-4.910,9.950,0.400,-7.090,0.490,-0.960,32.562,-27.875,-11.000,2.180,9.460,1.370,26,3,0,0,3
21357,270.188,13.750,-81.250,-0.959,-0.475,1.660,-3.780,9.840,0.960,-6.120,0.420,-0.480,32.562,-27.875,-11.000,2.330,9.410,1.440,26,3,0,0,3
21366,269.562,14.625,-80.688,-0.993,-0.204,1.476,-2.260,9.800,1.550,-4.730,0.440,0.010,32.562,-27.875,-11.000,2.470,9.360,1.530,26,3,0,0,3
21377,269.000,15.312,-80.062,-0.996,-0.020,1.284,-0.520,9.990,2.060,-3.110,0.670,0.440,32.562,-27.875,-11.000,2.690,9.270,1.700,26,3,0,0,3
21388,268.438,15.938,-79.500,-0.952,0.056,1.190,2.080,10.270,2.900,-0.610,1.000,1.190,32.562,-27.875,-11.000,2.690,9.270,1.700,26,3,0,0,3
21396,267.812,16.562,-79.000,-0.865,0.142,1.213,2.660,9.990,2.930,-0.140,0.760,1.140,29.562,-31.562,-13.000,2.800,9.220,1.790,26,3,0,0,3
21403,267.812,16.562,-79.000,-0.717,0.133,1.314,2.890,9.400,2.930,-0.020,0.230,1.070,29.562,-31.562,-13.000,2.920,9.170,1.850,26,3,0,0,3
21411,267.125,17.312,-78.500,-0.717,0.133,1.314,2.780,9.150,2.370,-0.260,0.030,0.460,29.562,-31.562,-13.000,3.040,9.120,1.900,26,3,0,0,3
21421,266.438,18.062,-78.125,-0.573,0.003,1.414,1.500,9.490,1.500,-1.670,0.410,-0.430,29.562,-31.562,-13.000,3.170,9.070,1.940,26,3,0,0,3
21431,265.750,18.875,-77.875,-0.442,-0.208,1.470,0.930,9.830,1.330,-2.370,0.810,-0.620,29.562,-31.562,-13.000,3.310,9.010,1.960,26,3,0,0,3
21441,265.188,19.750,-77.688,-0.358,-0.420,1.502,0.670,10.300,1.060,-2.370,0.810,-0.620,29.562,-31.562,-13.000,3.460,8.960,1.960,26,3,0,0,3
21449,264.688,20.625,-77.562,-0.317,-0.587,1.508,0.670,10.300,1.060,-2.790,1.340,-0.900,26.688,-32.250,-14.250,3.460,8.960,1.960,26,3,0,0,3
21456,264.188,21.500,-77.500,-0.303,-0.722,1.499,1.040,11.270,0.270,-2.550,2.370,-1.690,26.688,-32.250,-14.250,3.600,8.900,1.970,26,3,0,0,3
21466,263.750,22.438,-77.438,-0.271,-0.833,1.489,1.220,11.760,-0.350,-2.520,2.910,-2.310,26.688,-32.250,-14.250,3.740,8.840,1.960,26,3,0,0,3
21477,263.375,23.375,-77.500,-0.183,-0.960,1.491,1.240,12.170,-1.140,-2.640,3.380,-3.080,26.688,-32.250,-14.250,4.040,8.730,1.900,26,3,0,0,3
21488,263.000,24.312,-77.688,-0.019,-1.122,1.497,0.810,12.070,-1.120,-3.220,3.340,-3.020,26.688,-32.250,-14.250,4.040,8.730,1.900,26,3,0,0,3
21495,262.688,25.250,-77.938,0.065,-1.216,1.468,-0.900,11.910,0.640,-5.090,3.240,-1.200,24.000,-32.062,-14.562,4.180,8.670,1.840,26,3,0,0,3
21503,262.688,25.250,-77.938,0.065,-1.216,1.468,-1.430,12.380,0.820,-5.760,3.760,-0.960,24.000,-32.062,-14.562,4.320,8.610,1.790,26,3,0,0,3
21511,262.375,26.125,-78.188,0.040,-1.204,1.401,-2.040,12.940,0.830,-5.760,3.760,-0.960,24.000,-32.062,-14.562,4.450,8.560,1.730,26,3,0,0,3
21520,262.125,27.000,-78.500,0.084,-1.166,1.322,-3.410,12.540,1.130,-6.490,4.380,-0.900,24.000,-32.062,-14.562,4.580,8.500,1.670,26,3,0,0,3
21530,261.750,27.812,-78.812,0.203,-1.043,1.338,-4.300,13.160,0.900,-9.020,4.710,-0.710,24.000,-32.062,-14.562,4.710,8.440,1.610,26,3,0,0,3
21541,261.312,28.688,-79.125,0.241,-0.934,1.408,-4.300,13.160,0.900,-9.020,4.710,-0.710,24.000,-32.062,-14.562,4.830,8.390,1.540,26,3,0,0,3
21548,260.938,29.500,-79.500,0.263,-0.970,1.270,-5.310,12.740,1.200,-10.140,4.340,-0.340,20.000,-35.000,-15.562,4.830,8.390,1.540,26,3,0,0,3
21556,260.688,30.125,-79.938,0.313,-0.997,1.019,-6.030,12.520,1.180,-10.960,4.170,-0.280,20.000,-35.000,-15.562,4.920,8.340,1.470,26,3,0,0,3
21566,260.750,30.625,-80.500,0.360,-1.129,0.649,-8.570,13.860,-0.220,-13.570,5.540,-1.610,20.000,-35.000,-15.562,4.990,8.320,1.390,26,3,0,0,3
21576,260.812,31.000,-81.125,0.552,-1.213,0.537,-10.140,14.660,-1.940,-15.190,6.360,-3.230,20.000,-35.000,-15.562,5.050,8.300,1.280,26,3,0,0,3
21587,260.688,31.375,-82.188,1.179,-1.194,0.509,-9.670,14.460,-3.020,-14.780,6.160,-4.160,20.000,-35.000,-15.562,5.110,8.290,1.130,26,3,0,0,3
21595,260.688,31.375,-82.188,1.950,-1.463,0.506,-8.140,12.730,-2.260,-13.310,4.450,-3.170,16.375,-36.062,-16.688,5.160,8.280,0.900,26,3,0,0,3
21602,260.562,31.750,-83.750,1.950,-1.463,0.506,-7.750,14.520,-1.190,-13.310,4.450,-3.170,16.375,-36.062,-16.688,5.210,8.270,0.670,26,3,0,0,3
21610,260.438,32.125,-85.312,1.889,-1.552,0.497,-7.990,13.650,-2.290,-12.970,6.240,-1.860,16.375,-36.062,-16.688,5.230,8.270,0.450,26,3,0,0,3
21620,260.438,32.250,-86.812,1.838,-1.405,0.143,-5.910,13.600,-2.140,-13.220,5.370,-2.750,16.375,-36.062,-16.688,5.210,8.300,0.240,26,3,0,0,3
21631,260.562,32.062,-88.312,2.029,-1.021,-0.376,1.320,12.870,2.270,-3.830,4.530,2.190,16.375,-36.062,-16.688,5.160,8.330,0.080,26,3,0,0,3
21641,260.438,31.750,-89.375,1.875,-0.194,-0.579,2.840,12.080,5.670,-3.830,4.530,2.190,16.375,-36.062,-16.688,5.110,8.360,0.000,26,3,0,0,3
21649,260.188,31.375,-89.938,1.293,0.453,-0.647,2.840,12.080,5.670,-2.260,3.710,5.670,14.188,-38.688,-15.562,5.110,8.360,0.000,26,3,0,0,3
21656,259.938,30.938,-89.938,0.624,1.102,-0.792,4.370,12.840,3.990,-0.670,4.430,3.990,14.188,-38.688,-15.562,5.040,8.400,0.000,26,3,0,0,3
21667,259.750,30.250,-89.500,0.188,1.709,-1.214,7.070,12.550,2.260,2.130,4.090,2.190,14.188,-38.688,-15.562,4.940,8.460,0.070,26,3,0,0,3
21678,259.812,29.375,-89.250,0.376,1.420,-1.561,7.620,13.730,4.470,2.800,5.190,4.360,14.188,-38.688,-15.562,4.650,8.630,0.100,26,3,0,0,3
21689,260.375,28.312,-89.250,0.460,0.816,-1.938,10.490,14.900,4.350,5.830,6.270,4.240,14.188,-38.688,-15.562,4.650,8.630,0.100,26,3,0,0,3
21696,261.062,27.125,-89.312,0.505,0.767,-2.101,12.670,15.510,2.890,8.190,6.790,2.790,15.688,-40.188,-13.562,4.470,8.720,0.090,26,3,0,0,3
21704,261.062,27.125,-89.312,0.837,0.202,-2.055,9.140,18.270,3.550,4.840,9.460,3.510,15.688,-40.188,-13.562,4.300,8.810,0.030,26,3,0,0,3
21712,261.875,26.000,-89.750,0.837,0.202,-2.055,7.970,18.980,3.670,3.840,10.080,3.740,15.688,-40.188,-13.562,4.120,8.890,-0.070,26,3,0,0,3
21722,262.938,24.812,-90.438,1.097,-0.323,-2.094,7.740,17.550,0.690,3.800,8.570,0.880,15.688,-40.188,-13.562,3.940,8.970,-0.190,26,3,0,0,3
21732,264.125,23.688,-91.188,1.136,-0.603,-2.101,9.130,14.980,1.740,5.370,5.930,2.050,15.688,-40.188,-13.562,3.750,9.050,-0.310,26,3,0,0,3
21741,265.188,22.500,-92.000,1.256,-0.370,-2.079,10.210,11.030,1.890,5.370,5.930,2.050,15.688,-40.188,-13.562,3.580,9.110,-0.410,26,3,0,0,3
21749,266.062,21.375,-92.562,1.093,-0.051,-1.995,10.210,11.030,1.890,6.630,1.910,2.300,20.750,-39.500,-11.188,3.580,9.110,-0.410,26,3,0,0,3
21757,266.938,20.375,-92.938,0.731,0.043,-1.902,9.510,9.710,1.380,6.100,0.530,1.860,20.750,-39.500,-11.188,3.410,9.180,-0.470,26,3,0,0,3
21767,267.938,19.250,-93.188,0.531,0.058,-2.033,8.160,8.430,1.110,4.930,-0.810,1.630,20.750,-39.500,-11.188,3.230,9.240,-0.520,26,3,0,0,3
21777,269.125,17.938,-93.375,0.388,0.077,-2.362,7.790,8.300,1.310,4.760,-1.000,1.870,20.750,-39.500,-11.188,2.770,9.380,-0.570,26,3,0,0,3
21788,270.562,16.375,-93.500,0.272,0.096,-2.793,8.300,8.140,1.490,5.530,-1.240,2.070,20.750,-39.500,-11.188,2.770,9.380,-0.570,26,3,0,0,3
21796,272.188,14.688,-93.625,0.285,-0.004,-3.006,7.830,7.620,1.580,5.330,-1.840,2.180,25.500,-38.000,-10.688,2.490,9.460,-0.600,26,3,0,0,3
21804,272.188,14.688,-93.625,0.285,-0.004,-3.006,7.330,7.650,1.190,5.110,-1.870,1.820,25.500,-38.000,-10.688,2.210,9.530,-0.630,26,3,0,0,3
21811,273.875,13.062,-93.750,0.302,-0.099,-3.022,7.100,6.540,0.560,5.170,-3.040,1.240,25.500,-38.000,-10.688,1.930,9.590,-0.670,26,3,0,0,3
21821,275.625,11.312,-93.938,0.368,-0.107,-3.051,7.000,6.740,0.250,5.340,-2.890,0.960,25.500,-38.000,-10.688,1.650,9.630,-0.710,26,3,0,0,3
21831,277.312,9.688,-94.188,0.434,-0.119,-2.992,6.460,6.600,0.350,5.080,-3.070,1.120,25.500,-38.000,-10.688,1.380,9.670,-0.760,26,3,0,0,3
21841,278.875,8.062,-94.500,0.560,-0.002,-2.939,5.610,6.140,0.810,5.080,-3.070,1.120,25.500,-38.000,-10.688,1.120,9.700,-0.820,26,3,0,0,3
21849,280.188,6.562,-94.812,0.681,0.209,-2.698,5.610,6.140,0.810,4.480,-3.560,1.640,32.500,-34.688,-11.188,1.120,9.700,-0.820,26,3,0,0,3
21857,281.250,5.188,-95.188,0.731,0.461,-2.551,6.590,5.490,1.050,5.700,-4.220,1.940,32.500,-34.688,-11.188,0.890,9.720,-0.890,26,3,0,0,3
21867,282.312,3.875,-95.625,0.772,0.464,-2.401,6.640,5.130,0.830,5.970,-4.600,1.790,32.500,-34.688,-11.188,0.670,9.730,-0.960,26,3,0,0,3
21878,283.250,2.625,-96.062,0.877,0.484,-2.321,6.670,4.770,0.950,6.210,-4.960,1.990,32.500,-34.688,-11.188,0.240,9.730,-1.120,26,3,0,0,3
21889,284.188,1.375,-96.562,0.936,0.523,-2.298,5.710,3.710,1.360,5.470,-6.020,2.490,32.500,-34.688,-11.188,0.240,9.730,-1.120,26,3,0,0,3
21896,285.062,0.188,-97.062,0.877,0.619,-2.290,5.740,3.810,1.770,5.700,-5.920,2.980,37.562,-30.375,-10.375,0.030,9.730,-1.200,26,3,0,0,3
21904,285.062,0.188,-97.062,0.877,0.619,-2.290,5.890,4.010,2.210,6.060,-5.700,3.480,37.562,-30.375,-10.375,-0.170,9.720,-1.270,26,3,0,0,3
21912,285.875,-0.938,-97.438,0.723,0.660,-2.279,6.090,3.900,2.720,6.460,-5.800,4.060,37.562,-30.375,-10.375,-0.360,9.700,-1.330,26,3,0,0,3
21922,286.750,-2.125,-97.812,0.620,0.612,-2.188,7.460,3.860,3.570,8.010,-5.820,4.950,37.562,-30.375,-10.375,-0.550,9.690,-1.380,26,3,0,0,3
21932,287.500,-3.188,-98.125,0.479,0.601,-2.055,7.810,3.740,3.350,8.540,-5.920,4.760,37.562,-30.375,-10.375,-0.720,9.670,-1.410,26,3,0,0,3
21942,288.250,-4.250,-98.312,0.283,0.545,-1.946,7.810,3.740,3.350,8.540,-5.920,4.760,37.562,-30.375,-10.375,-0.890,9.650,-1.430,26,3,0,0,3
21950,289.000,-5.188,-98.438,0.192,0.469,-1.848,7.550,3.460,2.890,8.450,-6.190,4.330,41.188,-25.875,-9.562,-0.890,9.650,-1.430,26,3,0,0,3
21957,289.750,-6.188,-98.562,0.194,0.476,-1.853,7.830,2.810,2.580,8.900,-6.820,4.040,41.188,-25.875,-9.562,-1.060,9.630,-1.450,26,3,0,0,3
21967,290.562,-7.188,-98.688,0.165,0.385,-1.913,8.250,2.020,0.930,9.490,-7.590,2.410,41.188,-25.875,-9.562,-1.230,9.610,-1.470,26,3,0,0,3
21978,291.375,-8.188,-98.812,0.063,0.305,-1.887,7.960,2.100,0.300,9.360,-7.480,1.790,41.188,-25.875,-9.562,-1.580,9.560,-1.480,26,3,0,0,3
21989,292.312,-9.250,-98.812,-0.055,0.293,-1.935,8.130,2.980,0.130,9.710,-6.570,1.620,41.188,-25.875,-9.562,-1.580,9.560,-1.480,26,3,0,0,3
21997,293.188,-10.188,-98.750,-0.159,0.149,-1.796,5.240,4.240,-0.710,6.980,-5.280,0.750,43.250,-22.000,-7.188,-1.740,9.530,-1.470,26,3,0,0,3
22005,293.188,-10.188,-98.750,-0.159,0.149,-1.796,2.680,5.340,-1.440,4.550,-4.160,0.000,43.250,-22.000,-7.188,-1.870,9.510,-1.440,26,3,0,0,3
22012,294.000,-10.938,-98.562,-0.319,-0.206,-1.334,0.230,5.850,-1.790,2.200,-3.650,-0.400,43.250,-22.000,-7.188,-1.960,9.500,-1.380,26,3,0,0,3
22023,294.750,-11.562,-98.312,-0.505,-0.357,-1.010,-2.660,7.130,-2.280,-0.600,-2.360,-0.950,43.250,-22.000,-7.188,-2.050,9.490,-1.330,26,3,0,0,3
22033,295.250,-12.062,-97.938,-0.573,-0.131,-0.891,-5.440,11.990,-5.290,-3.280,2.510,-4.000,43.250,-22.000,-7.188,-2.150,9.470,-1.280,26,3,0,0,3
22042,295.562,-12.688,-97.688,-0.609,0.327,-1.175,-7.320,16.850,-6.300,-3.280,2.510,-4.000,43.250,-22.000,-7.188,-2.300,9.440,-1.240,26,3,0,0,3
22050,296.062,-13.562,-97.500,-0.568,0.654,-1.726,-7.320,16.850,-6.300,-5.010,7.400,-5.050,45.062,-18.062,-8.375,-2.300,9.440,-1.240,26,3,0,0,3
22058,296.812,-14.688,-97.375,-0.369,0.527,-2.061,-9.680,18.790,-3.390,-7.190,9.390,-2.170,45.062,-18.062,-8.375,-2.480,9.400,-1.220,26,3,0,0,3
22763,258.875,24.250,-77.125,-0.040,-1.017,1.388,-1.490,12.080,0.630,-5.660,3.420,-1.310,31.062,-34.000,-14.562,4.160,8.660,1.950,26,3,0,0,3
22773,258.562,25.125,-77.250,-0.051,-1.044,1.360,-1.560,13.040,0.840,-5.850,4.430,-1.070,31.062,-34.000,-14.562,4.290,8.600,1.910,26,3,0,0,3
22784,258.250,25.938,-77.438,-0.064,-1.059,1.301,-1.950,13.350,1.240,-6.370,4.790,-0.620,31.062,-34.000,-14.562,4.410,8.550,1.870,26,3,0,0,3
22793,258.000,26.750,-77.625,-0.016,-1.050,1.229,-3.960,13.220,1.920,-6.370,4.790,-0.620,31.062,-34.000,-14.562,4.530,8.500,1.810,26,3,0,0,3
22801,257.875,27.500,-77.875,0.077,-1.053,1.226,-3.960,13.220,1.920,-8.500,4.710,0.100,27.750,-35.500,-15.750,4.530,8.500,1.810,26,3,0,0,3
22809,257.500,28.375,-78.188,0.191,-1.007,1.309,-5.270,12.450,2.280,-9.930,4.000,0.520,27.750,-35.500,-15.750,4.660,8.440,1.750,26,3,0,0,3
22818,257.188,29.188,-78.625,0.298,-1.037,1.281,-6.520,12.870,1.780,-11.300,4.470,0.090,27.750,-35.500,-15.750,4.780,8.390,1.680,26,3,0,0,3
22829,257.062,29.750,-79.062,0.311,-1.117,0.890,-7.130,13.490,0.660,-12.010,5.140,-0.940,27.750,-35.500,-15.750,4.870,8.350,1.600,26,3,0,0,3
22839,257.250,30.125,-79.688,0.413,-1.349,0.416,-10.730,15.370,-2.380,-15.650,7.030,-3.900,27.750,-35.500,-15.750,4.920,8.340,1.510,26,3,0,0,3
22847,257.250,30.125,-79.688,0.990,-1.301,0.397,-10.950,15.170,-3.660,-15.920,6.830,-5.030,24.062,-37.688,-17.688,4.970,8.330,1.360,26,3,0,0,3
22855,257.500,30.500,-80.625,0.990,-1.301,0.397,-9.950,14.150,-3.670,-15.920,6.830,-5.030,24.062,-37.688,-17.688,5.030,8.330,1.140,26,3,0,0,3
22863,257.375,30.812,-82.125,1.900,-1.425,0.461,-7.620,15.600,-3.270,-14.980,5.820,-4.820,24.062,-37.688,-17.688,5.080,8.330,0.900,26,3,0,0,3
22872,257.250,31.250,-83.812,2.105,-1.574,0.501,-6.430,13.850,-3.200,-12.710,7.260,-4.170,24.062,-37.688,-17.688,5.130,8.330,0.670,26,3,0,0,3
22883,257.000,31.500,-85.375,2.085,-1.260,0.415,-2.590,12.520,-2.420,-11.560,5.520,-3.870,24.062,-37.688,-17.688,5.130,8.340,0.440,26,3,0,0,3
22893,256.875,31.500,-86.875,2.166,-0.923,-0.053,-2.590,12.520,-2.420,-7.720,4.180,-2.870,24.062,-37.688,-17.688,5.090,8.370,0.270,26,3,0,0,3
22901,256.688,31.312,-88.062,1.955,-0.319,-0.440,0.010,12.770,0.180,-5.070,4.400,-0.090,21.562,-38.750,-16.562,5.090,8.370,0.270,26,3,0,0,3
22909,256.625,30.875,-88.750,1.342,0.269,-0.784,5.040,11.100,5.900,0.000,2.680,5.720,21.562,-38.750,-16.562,5.030,8.410,0.170,26,3,0,0,3
22917,256.812,30.188,-88.875,0.608,0.695,-1.209,4.930,11.460,3.420,0.000,2.990,3.260,21.562,-38.750,-16.562,4.930,8.470,0.160,26,3,0,0,3
22927,257.125,29.438,-88.562,-0.058,0.889,-1.326,5.490,11.960,1.820,0.670,3.420,1.610,21.562,-38.750,-16.562,4.820,8.530,0.210,26,3,0,0,3
22937,257.688,28.500,-88.250,-0.041,0.901,-1.678,8.890,14.910,3.980,4.210,6.290,3.730,21.562,-38.750,-16.562,4.680,8.610,0.250,26,3,0,0,3
22945,257.688,28.500,-88.250,-0.041,0.901,-1.678,12.120,16.460,3.190,4.210,6.290,3.730,23.562,-39.875,-14.562,4.490,8.710,0.240,26,3,0,0,3
22953,258.562,27.250,-88.375,0.362,0.464,-2.200,12.120,16.460,3.190,7.630,7.750,2.950,23.562,-39.875,-14.562,4.300,8.810,0.220,26,3,0,0,3
22961,259.438,26.000,-88.562,0.549,0.515,-2.283,13.260,17.230,2.200,8.960,8.420,1.980,23.562,-39.875,-14.562,4.110,8.890,0.140,26,3,0,0,3
22971,260.438,24.812,-89.062,0.902,-0.009,-2.138,7.670,18.490,2.360,6.940,8.720,1.780,23.562,-39.875,-14.562,3.940,8.970,0.020,26,3,0,0,3
22981,261.562,23.688,-89.812,1.070,-0.609,-1.954,9.090,16.870,-0.060,3.720,9.510,2.330,23.562,-39.875,-14.562,3.780,9.040,-0.090,26,3,0,0,3
22992,262.750,22.688,-90.562,1.094,-0.726,-1.861,9.090,16.870,-0.060,5.310,7.830,0.030,23.562,-39.875,-14.562,3.780,9.040,-0.090,26,3,0,0,3
23000,264.062,21.625,-91.312,1.165,-0.506,-1.888,10.410,13.430,0.800,6.800,4.320,1.020,27.688,-36.875,-15.250,3.610,9.110,-0.210,26,3,0,0,3
23008,264.062,21.625,-91.312,1.050,-0.397,-1.732,10.690,11.310,1.380,7.230,2.150,1.710,27.688,-36.875,-15.250,3.460,9.160,-0.320,26,3,0,0,3
23015,265.000,20.688,-92.000,0.642,-0.355,-1.745,10.160,8.530,0.670,6.850,-0.690,1.070,27.688,-36.875,-15.250,3.300,9.220,-0.390,26,3,0,0,3
23025,266.062,19.688,-92.375,0.428,-0.476,-2.027,8.950,7.830,0.290,5.830,-1.440,0.730,27.688,-36.875,-15.250,3.120,9.280,-0.440,26,3,0,0,3
23035,267.375,18.562,-92.688,0.296,-0.620,-2.403,7.800,7.750,0.280,4.890,-1.590,0.770,27.688,-36.875,-15.250,2.900,9.350,-0.490,26,3,0,0,3
23044,269.000,17.188,-92.938,0.296,-0.620,-2.403,7.240,8.230,0.750,4.890,-1.590,0.770,31.250,-35.062,-13.750,2.660,9.420,-0.520,26,3,0,0,3
23052,270.688,15.750,-93.188,0.271,-0.555,-2.627,7.240,8.230,0.750,4.570,-1.180,1.280,31.250,-35.062,-13.750,2.660,9.420,-0.520,26,3,0,0,3
23060,272.375,14.188,-93.375,0.315,-0.417,-2.727,7.640,7.970,1.000,5.230,-1.510,1.570,31.250,-35.062,-13.750,2.410,9.480,-0.560,26,3,0,0,3
23070,274.188,12.625,-93.625,0.400,-0.408,-2.843,7.120,7.020,1.100,4.980,-2.510,1.710,31.250,-35.062,-13.750,1.870,9.600,-0.660,26,3,0,0,3
23081,276.000,11.000,-93.938,0.407,-0.451,-2.923,6.560,6.040,0.330,5.290,-3.230,1.990,31.250,-35.062,-13.750,1.580,9.650,-0.700,26,3,0,0,3
23092,277.812,9.312,-94.125,0.415,-0.352,-3.037,6.560,6.040,0.330,4.970,-3.600,1.040,31.250,-35.062,-13.750,1.580,9.650,-0.700,26,3,0,0,3
23100,279.500,7.688,-94.438,0.483,-0.173,-2.863,6.270,5.880,0.370,4.950,-3.800,1.120,36.500,-30.750,-14.500,1.310,9.680,-0.750,26,3,0,0,3
23107,279.500,7.688,-94.438,0.565,0.074,-2.638,6.660,5.530,0.690,5.580,-4.180,1.500,36.500,-30.750,-14.500,1.070,9.710,-0.800,26,3,0,0,3
23115,280.875,6.250,-94.688,0.646,0.235,-2.519,6.680,4.880,0.750,5.840,-4.840,1.610,36.500,-30.750,-14.500,0.830,9.730,-0.860,26,3,0,0,3
23125,282.062,4.875,-95.062,0.684,0.299,-2.416,7.070,4.020,0.930,6.460,-5.720,1.860,36.500,-30.750,-14.500,0.610,9.740,-0.920,26,3,0,0,3
23135,283.188,3.562,-95.375,0.726,0.280,-2.364,6.550,3.470,1.020,6.150,-6.270,2.010,36.500,-30.750,-14.500,0.390,9.740,-0.990,26,3,0,0,3
23145,284.312,2.250,-95.812,0.726,0.280,-2.364,5.810,3.300,1.030,6.150,-6.270,2.010,36.500,-30.750,-14.500,0.170,9.740,-1.060,26,3,0,0,3
23152,285.438,1.000,-96.188,0.753,0.238,-2.281,5.810,3.300,1.030,5.630,-6.440,2.090,38.562,-27.062,-16.000,0.170,9.740,-1.060,26,3,0,0,3
23160,286.500,-0.188,-96.625,0.746,0.327,-2.285,5.860,3.140,1.580,5.890,-6.590,2.710,38.562,-27.062,-16.000,-0.030,9.740,-1.130,26,3,0,0,3
23170,287.500,-1.438,-97.000,0.717,0.484,-2.330,5.960,3.470,1.880,6.210,-6.250,3.080,38.562,-27.062,-16.000,-0.450,9.710,-1.260,26,3,0,0,3
23181,288.438,-2.625,-97.375,0.628,0.560,-2.274,6.430,3.410,2.320,6.630,-6.090,3.610,38.562,-27.062,-16.000,-0.640,9.690,-1.310,26,3,0,0,3
23192,289.250,-3.750,-97.688,0.508,0.555,-2.066,6.430,3.410,2.320,7.070,-6.280,3.630,38.562,-27.062,-16.000,-0.640,9.690,-1.310,26,3,0,0,3
23200,290.000,-4.750,-97.938,0.398,0.504,-1.909,7.680,3.040,2.340,8.490,-6.630,3.690,43.000,-23.062,-13.688,-0.810,9.670,-1.350,26,3,0,0,3
23207,290.000,-4.750,-97.938,0.335,0.411,-1.897,7.910,2.920,2.400,8.890,-6.730,3.790,43.000,-23.062,-13.688,-0.980,9.650,-1.390,26,3,0,0,3
23215,290.812,-5.750,-98.188,0.335,0.411,-1.897,7.930,2.600,2.400,9.100,-7.030,3.820,43.000,-23.062,-13.688,-1.160,9.630,-1.420,26,3,0,0,3
23230,292.812,-7.812,-98.438,0.112,-0.037,-1.885,7.380,2.600,1.920,8.720,-6.990,3.350,43.000,-23.062,-13.688,-1.330,9.600,-1.430,26,3,0,0,3
23240,293.938,-8.875,-98.375,-0.175,-0.167,-1.876,7.060,3.250,1.640,8.570,-6.320,3.050,43.000,-23.062,-13.688,-1.510,9.580,-1.410,26,3,0,0,3
23248,293.938,-8.875,-98.375,-0.424,-0.170,-1.820,6.770,4.160,1.460,8.450,-5.400,2.830,45.562,-18.688,-12.500,-1.680,9.560,-1.360,26,3,0,0,3
23256,295.000,-9.875,-98.125,-0.424,-0.170,-1.820,5.910,4.990,0.830,8.450,-5.400,2.830,45.562,-18.688,-12.500,-1.830,9.540,-1.310,26,3,0,0,3
23263,295.938,-10.750,-97.812,-0.600,-0.182,-1.612,1.220,6.110,-1.150,7.750,-4.540,2.140,45.562,-18.688,-12.500,-1.950,9.520,-1.240,26,3,0,0,3
23274,296.688,-11.438,-97.438,-0.638,-0.189,-1.202,-1.430,8.470,-2.850,0.590,-1.040,-1.670,45.562,-18.688,-12.500,-2.020,9.520,-1.180,26,3,0,0,3
23284,296.938,-11.875,-97.062,-0.755,0.107,-0.840,-2.790,10.820,-5.950,-0.680,1.310,-4.810,45.562,-18.688,-12.500,-2.100,9.500,-1.130,26,3,0,0,3
23294,297.062,-12.375,-96.812,-0.598,0.578,-0.957,-4.910,14.150,-9.550,-0.680,1.310,-4.810,45.562,-18.688,-12.500,-2.230,9.470,-1.150,26,3,0,0,3
23302,297.375,-13.125,-96.938,0.046,0.834,-1.415,-4.910,14.150,-9.550,-2.680,4.670,-8.390,47.000,-15.500,-11.875,-2.230,9.470,-1.150,26,3,0,0,3
23310,297.812,-13.938,-97.562,0.858,0.881,-1.610,-10.550,18.610,-5.910,-8.190,9.170,-4.660,47.000,-15.500,-11.875,-2.360,9.430,-1.250,26,3,0,0,3
23319,298.438,-14.750,-98.312,1.129,0.766,-1.582,-13.860,18.020,-3.440,-11.360,8.640,-2.060,47.000,-15.500,-11.875,-2.500,9.380,-1.370,26,3,0,0,3
23330,298.938,-15.500,-98.875,0.726,0.673,-1.514,-15.400,14.300,-3.870,-12.770,4.960,-2.410,47.000,-15.500,-11.875,-2.770,9.280,-1.500,26,3,0,0,3
23341,299.938,-16.438,-99.188,0.512,0.098,-1.658,-27.200,9.300,-6.910,-24.420,0.020,-5.400,47.000,-15.500,-11.875,-2.770,9.280,-1.500,26,3,0,0,3
23349,301.750,-17.375,-99.438,0.788,-1.431,-1.463,-31.790,10.270,-5.890,-28.860,1.040,-4.350,47.000,-12.188,-12.375,-2.920,9.230,-1.540,26,3,0,0,3
23356,301.750,-17.375,-99.438,0.788,-1.431,-1.463,-24.900,11.480,-3.080,-21.850,2.290,-1.540,47.000,-12.188,-12.375,-3.050,9.190,-1.530,26,3,0,0,3
23364,303.750,-18.125,-99.438,0.588,-2.041,-1.076,-14.910,12.130,-0.710,-11.790,2.960,0.790,47.000,-12.188,-12.375,-3.110,9.170,-1.510,26,3,0,0,3
23374,304.500,-18.500,-99.375,0.035,-0.666,-0.565,-2.560,10.990,0.050,0.540,1.820,1.550,47.000,-12.188,-12.375,-3.110,9.170,-1.500,26,3,0,0,3
23385,304.062,-18.438,-99.250,-0.376,0.598,-0.031,0.320,10.970,0.110,3.450,1.800,1.590,47.000,-12.188,-12.375,-3.120,9.170,-1.480,26,3,0,0,3
23394,303.500,-18.562,-99.125,-0.561,0.959,-0.339,0.320,10.970,0.110,3.450,1.800,1.590,47.000,-12.188,-12.375,-3.170,9.150,-1.480,26,3,0,0,3
23402,302.875,-18.875,-99.188,-0.475,1.551,-0.771,1.840,10.030,0.410,5.010,0.870,1.900,48.875,-9.688,-13.562,-3.170,9.150,-1.480,26,3,0,0,3
23410,301.875,-19.062,-99.438,-0.423,2.306,-0.830,4.740,6.430,3.020,7.950,-2.700,4.540,48.875,-9.688,-13.562,-3.210,9.130,-1.510,26,3,0,0,3
23420,300.375,-19.125,-99.688,-0.483,2.778,-0.574,7.120,4.860,3.990,10.350,-4.260,5.550,48.875,-9.688,-13.562,-3.220,9.120,-1.560,26,3,0,0,3
23431,298.688,-19.000,-99.938,-0.435,2.724,-0.181,7.930,2.670,5.820,11.130,-6.450,7.430,48.875,-9.688,-13.562,-3.120,9.140,-1.670,26,3,0,0,3
23442,296.938,-18.562,-100.312,-0.170,2.470,0.373,9.010,0.820,6.270,12.140,-8.310,7.940,48.875,-9.688,-13.562,-3.120,9.140,-1.670,26,3,0,0,3
23449,295.625,-18.000,-100.625,-0.017,1.894,0.690,17.490,3.580,-1.600,20.520,-5.570,0.120,50.250,-7.500,-10.375,-3.030,9.160,-1.720,26,3,0,0,3
23457,295.625,-18.000,-100.625,-0.017,1.894,0.690,16.230,6.790,-5.340,19.140,-2.390,-3.550,50.250,-7.500,-10.375,-2.900,9.190,-1.790,26,3,0,0,3
23464,294.438,-17.188,-101.000,0.477,0.932,1.215,7.690,10.560,-10.950,19.140,-2.390,-3.550,50.250,-7.500,-10.375,-2.750,9.220,-1.880,26,3,0,0,3
23474,293.562,-16.250,-101.500,0.965,0.118,1.742,-3.760,13.520,-16.120,-1.170,4.270,-14.160,50.250,-7.500,-10.375,-2.590,9.250,-1.960,26,3,0,0,3
23484,292.812,-15.312,-101.938,0.882,-0.003,1.716,-29.790,30.130,-6.970,-27.300,20.860,-4.950,50.250,-7.500,-10.375,-2.480,9.260,-2.010,26,3,0,0,3
23494,292.125,-14.688,-102.250,0.562,0.195,1.164,-23.790,38.320,-1.640,-27.300,20.860,-4.950,50.250,-7.500,-10.375,-2.460,9.270,-2.030,26,3,0,0,3
23502,291.625,-14.500,-102.375,0.076,0.571,0.191,-23.790,38.320,-1.640,-21.330,29.050,0.390,50.000,-10.000,-8.375,-2.460,9.270,-2.030,26,3,0,0,3
23510,290.875,-14.562,-102.312,-0.518,1.391,-0.409,-8.390,25.290,-3.630,-5.920,16.020,-1.610,50.000,-10.000,-8.375,-2.470,9.270,-2.020,26,3,0,0,3
23519,288.938,-14.000,-101.812,-1.334,2.146,0.524,9.470,3.530,-1.690,11.850,-5.770,0.260,50.000,-10.000,-8.375,-2.380,9.300,-1.950,26,3,0,0,3
23530,287.250,-13.188,-100.938,-1.731,0.952,1.390,10.600,-0.010,2.140,12.830,-9.390,3.960,50.000,-10.000,-8.375,-2.230,9.370,-1.820,26,3,0,0,3
23541,286.062,-12.250,-100.000,-1.658,0.050,1.646,11.430,-1.490,4.380,13.520,-10.920,6.050,50.000,-10.000,-8.375,-2.080,9.430,-1.670,26,3,0,0,3
23549,286.062,-12.250,-100.000,-1.494,-0.207,1.068,10.250,1.800,7.700,12.240,-7.670,9.230,49.500,-11.500,-6.375,-1.990,9.470,-1.520,26,3,0,0,3
23556,285.375,-11.688,-99.125,-1.494,-0.207,1.068,4.440,7.000,7.320,12.240,-7.670,9.230,49.500,-11.500,-6.375,-1.910,9.510,-1.400,26,3,0,0,3
23564,284.812,-11.250,-98.375,-1.322,-0.079,0.837,3.010,10.590,3.860,6.360,-2.510,8.730,49.500,-11.500,-6.375,-1.850,9.530,-1.320,26,3,0,0,3
23574,284.562,-10.875,-97.875,-0.840,-0.408,0.753,2.310,13.340,1.550,4.860,1.050,5.190,49.500,-11.500,-6.375,-1.770,9.550,-1.280,26,3,0,0,3
23584,284.125,-10.375,-97.625,-0.325,-0.182,0.913,3.780,13.910,2.220,5.430,4.320,3.480,49.500,-11.500,-6.375,-1.650,9.580,-1.260,26,3,0,0,3
23594,283.312,-9.688,-97.500,-0.259,0.083,1.283,3.780,13.910,2.220,5.430,4.320,3.480,49.500,-11.500,-6.375,-1.510,9.610,-1.220,26,2,0,0,3
23602,282.250,-8.812,-97.188,-0.519,0.358,1.460,6.870,13.000,2.030,8.380,3.390,3.260,47.688,-13.688,-8.375,-1.510,9.610,-1.220,26,2,0,0,3
23610,280.938,-7.938,-96.812,-0.785,0.635,1.500,7.310,10.860,1.770,8.670,1.220,2.920,47.688,-13.688,-8.375,-1.360,9.640,-1.150,26,2,0,0,3
23620,279.625,-7.000,-96.250,-1.068,0.451,1.670,6.610,9.260,1.570,7.820,-0.410,2.630,47.688,-13.688,-8.375,-1.200,9.670,-1.060,26,2,0,0,3
23630,278.688,-6.188,-95.750,-0.896,0.129,1.436,5.930,8.880,2.140,6.990,-0.810,3.120,47.688,-13.688,-8.375,-1.060,9.690,-0.980,26,2,0,0,3
23641,278.312,-5.688,-95.188,-0.928,-0.313,0.982,5.110,9.840,2.100,6.090,0.130,2.990,47.688,-13.688,-8.375,-0.970,9.710,-0.890,26,2,0,0,3
23649,278.125,-5.250,-94.562,-1.066,-0.638,0.851,3.830,10.940,1.720,4.730,1.200,2.500,46.188,-16.562,-6.875,-0.900,9.730,-0.780,26,2,0,0,3
23657,278.125,-5.250,-94.562,-1.066,-0.638,0.851,2.560,11.550,1.150,4.730,1.200,2.500,46.188,-16.562,-6.875,-0.810,9.740,-0.670,26,2,0,0,3
23664,278.062,-4.750,-93.938,-1.095,-0.837,0.977,1.160,10.770,0.700,3.380,1.800,1.830,46.188,-16.562,-6.875,-0.730,9.760,-0.570,26,2,0,0,3
23675,278.000,-4.250,-93.312,-1.002,-0.867,0.966,1.300,10.290,0.670,1.940,0.510,1.140,46.188,-16.562,-6.875,-0.640,9.770,-0.470,26,2,0,0,3
23685,277.875,-3.750,-92.750,-0.944,-0.779,0.932,0.940,9.610,0.970,1.500,-0.160,1.360,46.188,-16.562,-6.875,-0.550,9.780,-0.390,26,2,0,0,3
23695,277.562,-3.188,-92.250,-0.904,-0.527,0.994,0.940,9.610,0.970,1.500,-0.160,1.360,46.188,-16.562,-6.875,-0.450,9.790,-0.300,26,2,0,0,3
23702,277.125,-2.625,-91.750,-0.891,-0.310,1.094,1.140,9.390,1.230,1.590,-0.390,1.530,44.688,-18.000,-9.500,-0.450,9.790,-0.300,26,2,0,0,3
23710,276.562,-1.938,-91.250,-0.868,-0.183,1.184,1.120,9.650,1.160,1.460,-0.140,1.380,44.688,-18.000,-9.500,-0.330,9.790,-0.220,26,2,0,0,3
23720,275.875,-1.250,-90.875,-0.684,-0.029,1.289,2.190,9.680,1.090,2.410,-0.110,1.250,44.688,-18.000,-9.500,-0.210,9.800,-0.150,26,2,0,0,3
23730,275.188,-0.562,-90.625,-0.404,-0.016,1.225,2.860,8.900,1.160,2.960,-0.890,1.280,44.688,-18.000,-9.500,-0.100,9.800,-0.110,26,2,0,0,3
23741,274.750,0.062,-90.438,-0.445,-0.398,1.191,1.560,9.300,0.690,1.540,-0.490,0.760,44.688,-18.000,-9.500,0.010,9.800,-0.070,26,2,0,0,3
23749,274.438,0.750,-90.062,-0.586,-0.704,1.249,0.800,9.390,0.460,0.670,-0.400,0.480,44.375,-19.188,-11.062,0.120,9.800,-0.010,26,2,0,0,3
23756,274.438,0.750,-90.062,-0.586,-0.704,1.249,0.240,9.550,0.360,0.670,-0.400,0.480,44.375,-19.188,-11.062,0.250,9.800,0.030,26,2,0,0,3
23764,274.188,1.438,-89.750,-0.612,-0.843,1.302,-0.010,9.750,-0.020,0.000,-0.250,0.330,44.375,-19.188,-11.062,0.370,9.790,0.090,26,2,0,0,3
23775,273.938,2.188,-89.375,-0.660,-0.887,1.316,-0.100,9.420,-0.110,-0.600,-0.360,-0.270,44.375,-19.188,-11.062,0.500,9.790,0.150,26,2,0,0,3
23785,273.688,2.938,-89.062,-0.699,-0.832,1.311,-0.460,8.970,0.280,-1.090,-0.800,0.050,44.375,-19.188,-11.062,0.620,9.780,0.230,26,2,0,0,3
23795,273.438,3.625,-88.625,-0.809,-0.794,1.305,-0.460,8.970,0.280,-1.090,-0.800,0.050,44.375,-19.188,-11.062,0.750,9.770,0.310,26,1,0,0,3
23803,273.188,4.375,-88.125,-0.949,-0.762,1.313,-0.560,9.030,0.980,-1.320,-0.740,0.660,41.750,-21.062,-11.500,0.750,9.770,0.310,26,1,0,0,3
23810,272.812,5.125,-87.500,-1.116,-0.647,1.337,-0.610,9.590,1.730,-1.490,-0.160,1.310,41.750,-21.062,-11.500,0.880,9.750,0.410,26,1,0,0,3
23821,272.438,5.938,-86.875,-1.257,-0.617,1.395,-0.940,9.940,1.950,-1.960,0.200,1.420,41.750,-21.062,-11.500,1.010,9.730,0.520,26,1,0,0,3
23831,272.000,6.750,-86.125,-1.352,-0.605,1.444,-1.210,10.260,1.810,-2.370,0.540,1.150,41.750,-21.062,-11.500,1.290,9.690,0.760,26,1,0,0,3
23842,271.625,7.562,-85.438,-1.301,-0.571,1.445,-1.090,9.970,1.380,-2.390,0.280,0.620,41.750,-21.062,-11.500,1.290,9.690,0.760,26,1,0,0,3
23850,271.188,8.438,-84.875,-1.149,-0.576,1.458,-1.900,9.960,0.690,-3.340,0.300,-0.160,39.562,-24.000,-14.250,1.430,9.660,0.860,26,1,0,0,3
23857,271.188,8.438,-84.875,-1.149,-0.576,1.458,-1.860,10.020,0.410,-3.460,0.390,-0.540,39.562,-24.000,-14.250,1.590,9.620,0.960,26,1,0,0,3
23865,270.625,9.312,-84.250,-1.157,-0.540,1.606,-2.210,9.740,0.410,-3.980,0.150,-0.640,39.562,-24.000,-14.250,1.760,9.580,1.060,26,1,0,0,3
23875,269.938,10.375,-83.625,-1.119,-0.493,1.803,-3.480,10.040,0.000,-5.430,0.500,-1.150,39.562,-24.000,-14.250,1.950,9.540,1.140,26,1,0,0,3
23885,269.250,11.438,-83.125,-0.963,-0.614,1.950,-3.780,10.070,-0.180,-5.920,0.580,-1.390,39.562,-24.000,-14.250,2.140,9.490,1.210,26,1,0,0,3
23895,268.500,12.562,-82.688,-0.876,-0.523,1.967,-3.370,9.700,0.120,-5.920,0.580,-1.390,39.562,-24.000,-14.250,2.310,9.440,1.280,26,1,0,0,3
23903,267.750,13.625,-82.250,-0.881,-0.315,1.898,-3.370,9.700,0.120,-5.690,0.260,-1.160,36.562,-25.750,-15.500,2.310,9.440,1.280,26,1,0,0,3
23911,266.938,14.625,-81.688,-0.903,-0.148,1.738,-2.340,9.660,0.350,-4.820,0.270,-1.000,36.562,-25.750,-15.500,2.470,9.380,1.360,26,1,0,0,3
23921,266.188,15.438,-81.125,-0.970,0.022,1.538,-0.380,10.180,1.670,-3.000,0.840,0.210,36.562,-25.750,-15.500,2.610,9.330,1.450,26,1,0,0,3
23932,265.562,16.188,-80.562,-0.950,0.049,1.350,0.040,10.480,2.030,-2.690,1.190,0.490,36.562,-25.750,-15.500,2.850,9.240,1.610,26,1,0,0,3
23943,264.938,16.875,-80.062,-0.865,0.055,1.249,0.210,10.400,2.260,-2.630,1.160,0.640,36.562,-25.750,-15.500,2.850,9.240,1.610,26,1,0,0,3
23951,264.312,17.562,-79.625,-0.704,0.063,1.233,0.340,10.140,2.210,-2.610,0.950,0.520,33.688,-28.000,-18.188,2.950,9.190,1.680,26,1,0,0,3
23958,264.312,17.562,-79.625,-0.580,0.019,1.271,0.640,9.710,1.600,-2.430,0.560,-0.130,33.688,-28.000,-18.188,3.070,9.140,1.730,26,1,0,0,3
23966,263.688,18.250,-79.250,-0.580,0.019,1.271,0.740,9.920,0.930,-2.450,0.820,-0.840,33.688,-28.000,-18.188,3.190,9.100,1.770,26,1,0,0,3
23977,263.062,19.000,-78.938,-0.509,-0.093,1.350,0.450,10.280,0.710,-2.870,1.230,-1.090,33.688,-28.000,-18.188,3.320,9.040,1.810,26,1,0,0,3
23987,262.438,19.750,-78.625,-0.477,-0.201,1.439,0.330,11.300,0.020,-3.120,2.310,-1.810,33.688,-28.000,-18.188,3.460,8.980,1.830,26,1,0,0,3
23996,261.812,20.625,-78.438,-0.412,-0.324,1.510,0.190,11.670,-0.730,-3.120,2.310,-1.810,33.688,-28.000,-18.188,3.600,8.930,1.850,26,1,0,0,3
24004,261.188,21.500,-78.250,-0.345,-0.443,1.538,0.190,11.670,-0.730,-3.410,2.740,-2.590,32.250,-28.500,-19.000,3.600,8.930,1.850,26,1,0,0,3
24012,260.625,22.438,-78.188,-0.255,-0.562,1.536,-0.090,11.760,-1.280,-3.830,2.880,-3.130,32.250,-28.500,-19.000,3.740,8.870,1.850,26,1,0,0,3
24022,260.125,23.312,-78.125,-0.177,-0.686,1.488,-0.200,11.800,-1.320,-4.090,2.980,-3.170,32.250,-28.500,-19.000,4.010,8.750,1.820,26,1,0,0,3
24032,259.688,24.188,-78.188,-0.119,-0.791,1.416,-0.440,11.800,0.190,-4.450,3.040,-1.620,32.250,-28.500,-19.000,4.150,8.700,1.790,26,1,0,0,3
24043,259.312,25.000,-78.375,-0.032,-0.939,1.361,-0.550,12.030,0.810,-4.700,3.330,-0.970,32.250,-28.500,-19.000,4.150,8.700,1.790,26,1,0,0,3
24051,259.125,25.812,-78.625,0.057,-1.194,1.242,-0.490,12.770,0.830,-4.760,4.110,-0.900,27.062,-29.875,-20.250,4.270,8.650,1.730,26,1,0,0,3
24059,259.125,25.812,-78.625,0.057,-1.194,1.242,-0.700,13.240,0.880,-5.100,4.640,-0.800,27.062,-29.875,-20.250,4.390,8.600,1.680,26,1,0,0,3
24067,258.938,26.625,-78.875,0.155,-1.132,1.300,-2.760,13.130,1.660,-7.290,4.590,0.040,27.062,-29.875,-20.250,4.520,8.540,1.620,26,1,0,0,3
24077,258.625,27.438,-79.250,0.353,-1.053,1.317,-4.420,12.200,2.300,-9.070,3.700,0.760,27.062,-29.875,-20.250,4.640,8.490,1.540,26,1,0,0,3
24087,258.250,28.250,-79.688,0.466,-1.007,1.295,-5.870,12.600,2.160,-10.640,4.160,0.700,27.062,-29.875,-20.250,4.770,8.440,1.450,26,1,0,0,3
24096,257.875,29.062,-80.188,0.466,-1.007,1.295,-8.400,13.860,0.070,-10.640,4.160,0.700,23.750,-31.188,-23.500,4.820,8.420,1.370,26,1,0,0,3
24104,257.938,29.500,-80.688,0.417,-1.132,0.532,-8.400,13.860,0.070,-13.230,5.440,-1.300,23.750,-31.188,-23.500,4.820,8.420,1.370,26,1,0,0,3
24112,258.000,29.875,-81.250,0.417,-1.132,0.532,-10.120,14.140,-1.190,-15.010,5.730,-2.470,23.750,-31.188,-23.500,4.880,8.400,1.280,26,1,0,0,3
24122,258.125,30.125,-82.000,0.745,-1.139,0.296,-10.390,14.030,-2.350,-15.320,5.630,-3.520,23.750,-31.188,-23.500,4.960,8.390,0.990,26,1,0,0,3
24133,258.062,30.375,-83.250,1.528,-1.143,0.355,-7.360,14.360,-1.740,-14.140,4.460,-3.110,23.750,-31.188,-23.500,5.010,8.380,0.770,26,1,0,0,3
24144,257.812,30.750,-84.688,1.878,-1.250,0.511,-7.360,14.360,-1.740,-12.380,5.980,-2.520,23.750,-31.188,-23.500,5.010,8.380,0.770,26,1,0,0,3
24151,257.625,30.812,-86.000,1.950,-0.826,0.068,-7.350,13.970,-3.090,-12.380,5.570,-3.670,19.750,-33.062,-22.250,5.020,8.390,0.580,26,1,0,0,3
24159,257.625,30.812,-86.000,1.950,-0.826,0.068,-5.160,12.790,-3.390,-10.200,4.380,-3.780,19.750,-33.062,-22.250,5.030,8.400,0.380,26,1,0,0,3
24168,257.438,30.875,-87.375,2.010,-0.491,-0.437,0.600,13.490,1.260,-4.390,5.060,1.070,19.750,-33.062,-22.250,5.000,8.430,0.190,26,1,0,0,3
24178,257.375,30.625,-88.625,1.037,0.599,-0.876,4.190,13.090,4.500,-0.730,4.610,4.360,19.750,-33.062,-22.250,4.930,8.470,0.130,26,1,0,0,3
24188,257.312,30.188,-89.062,1.037,0.599,-0.876,5.670,11.960,6.440,0.810,3.440,6.360,19.750,-33.062,-22.250,4.850,8.510,0.080,26,1,0,0,3
24197,257.188,29.688,-89.438,1.037,0.599,-0.876,5.520,11.990,4.220,0.810,3.440,6.360,19.750,-33.062,-22.250,4.770,8.560,0.130,26,1,0,0,3
24205,257.125,29.062,-89.062,0.057,1.344,-1.037,5.520,11.990,4.220,0.740,3.430,4.080,17.562,-36.062,-18.750,4.770,8.560,0.130,26,1,0,0,3
24212,257.062,28.500,-88.688,0.057,1.344,-1.037,6.750,13.580,5.470,2.060,4.970,5.270,17.562,-36.062,-18.750,4.680,8.610,0.190,26,1,0,0,3
24222,257.250,27.625,-88.375,0.187,1.313,-1.558,8.710,14.660,6.250,4.160,5.980,6.010,17.562,-36.062,-18.750,4.350,8.780,0.220,26,1,0,0,3
24233,257.875,26.375,-88.562,0.656,0.858,-2.242,10.010,16.120,2.480,5.520,6.940,3.340,17.562,-36.062,-18.750,4.170,8.870,0.150,26,1,0,0,3
24244,258.500,25.188,-88.938,1.028,0.649,-2.118,10.010,16.120,2.480,5.830,7.250,2.320,17.562,-36.062,-18.750,4.170,8.870,0.150,26,1,0,0,3
24252,259.188,24.125,-89.500,1.090,0.320,-1.936,8.660,17.250,3.900,4.650,8.300,3.820,19.375,-34.188,-17.562,4.000,8.940,0.070,26,1,0,0,3
24259,259.188,24.125,-89.500,1.037,0.111,-1.888,9.430,17.040,2.720,5.590,8.020,2.730,19.375,-34.188,-17.562,3.840,9.020,0.000,26,1,0,0,3
24269,259.938,23.062,-90.000,0.970,0.111,-1.836,10.320,15.670,2.260,6.640,6.580,2.350,19.375,-34.188,-17.562,3.680,9.080,-0.080,26,1,0,0,3
24279,260.688,22.000,-90.562,0.746,0.122,-1.787,10.380,12.430,2.970,6.850,3.280,3.120,19.375,-34.188,-17.562,3.520,9.140,-0.150,26,1,0,0,3
24289,261.438,21.062,-90.938,0.549,0.152,-1.991,9.240,10.570,2.550,5.890,1.360,2.750,19.375,-34.188,-17.562,3.340,9.210,-0.190,26,1,0,0,3
24297,262.375,19.938,-91.188,0.549,0.152,-1.991,8.840,9.090,1.800,5.890,1.360,2.750,23.750,-34.000,-14.750,3.130,9.290,-0.230,26,1,0,0,3
24305,263.562,18.562,-91.438,0.506,0.160,-2.428,8.840,9.090,1.800,5.710,-0.190,2.040,23.750,-34.000,-14.750,2.880,9.360,-0.270,26,1,0,0,3
24313,264.875,17.062,-91.688,0.521,0.147,-2.761,8.500,8.100,1.550,5.620,-1.260,1.830,23.750,-34.000,-14.750,2.610,9.440,-0.310,26,1,0,0,3
24323,266.375,15.438,-91.875,0.496,0.151,-2.919,7.420,7.940,1.080,4.800,-1.500,1.400,23.750,-34.000,-14.750,2.340,9.510,-0.360,26,1,0,0,3
24333,267.750,13.812,-92.125,0.521,0.254,-2.935,7.320,8.090,0.670,4.790,-1.460,1.320,23.750,-34.000,-14.750,2.070,9.570,-0.400,26,1,0,0,3
24344,269.125,12.188,-92.438,0.599,0.333,-2.975,7.320,8.090,0.670,5.250,-1.470,1.080,23.750,-34.000,-14.750,2.070,9.570,-0.400,26,1,0,0,3
24352,270.500,10.562,-92.750,0.668,0.372,-2.951,7.330,6.680,0.210,5.520,-2.930,0.670,25.250,-31.750,-14.750,1.800,9.620,-0.460,26,1,0,0,3
24360,270.500,10.562,-92.750,0.671,0.331,-2.908,7.720,6.570,0.190,6.190,-3.090,0.710,25.250,-31.750,-14.750,1.530,9.670,-0.520,26,1,0,0,3
24368,271.875,8.938,-93.062,0.853,0.329,-2.717,7.320,6.160,-0.100,6.040,-3.540,0.490,25.250,-31.750,-14.750,1.270,9.700,-0.590,26,1,0,0,3
24378,273.125,7.438,-93.500,1.141,0.458,-2.527,7.020,6.190,-0.110,5.970,-3.530,0.580,25.250,-31.750,-14.750,1.040,9.720,-0.690,26,1,0,0,3
24389,274.125,6.062,-94.062,1.212,0.562,-2.333,7.300,5.480,0.610,6.470,-4.250,1.420,25.250,-31.750,-14.750,0.820,9.730,-0.800,26,1,0,0,3
24397,275.062,4.812,-94.688,1.212,0.562,-2.333,7.100,5.130,0.670,6.470,-4.250,1.420,30.375,-27.750,-12.000,0.630,9.740,-0.910,26,1,0,0,3
24405,275.750,3.688,-95.312,1.138,0.709,-2.123,7.100,5.130,0.670,6.470,-4.610,1.580,30.375,-27.750,-12.000,0.450,9.740,-1.000,26,1,0,0,3
24413,276.312,2.625,-95.875,1.065,0.788,-1.962,7.190,4.590,0.810,6.730,-5.140,1.820,30.375,-27.750,-12.000,0.450,9.740,-1.000,26,1,0,0,3
24423,276.875,1.688,-96.375,0.989,0.737,-1.838,6.670,4.440,0.730,6.380,-5.290,1.830,30.375,-27.750,-12.000,0.120,9.730,-1.190,26,1,0,0,3
24434,277.312,0.688,-96.938,1.050,0.829,-1.827,4.890,3.770,-0.220,5.090,-5.600,0.890,30.375,-27.750,-12.000,-0.030,9.720,-1.290,26,1,0,0,3
24444,277.750,-0.188,-97.562,1.115,1.007,-1.898,4.890,3.770,-0.220,4.930,-5.940,1.070,30.375,-27.750,-12.000,-0.030,9.720,-1.290,26,1,0,0,3
24452,278.188,-1.188,-98.188,1.115,1.038,-1.943,5.190,3.750,0.100,5.390,-5.940,1.510,34.062,-24.750,-9.250,-0.200,9.700,-1.400,26,1,0,0,3
24460,278.625,-2.125,-98.812,1.022,0.882,-1.828,5.840,4.090,0.680,6.200,-5.580,2.190,34.062,-24.750,-9.250,-0.360,9.680,-1.500,26,1,0,0,3
24469,278.625,-2.125,-98.812,0.884,0.624,-1.725,6.150,4.500,1.040,6.670,-5.150,2.630,34.062,-24.750,-9.250,-0.510,9.660,-1.580,26,1,0,0,3
24479,279.188,-3.000,-99.312,0.769,0.411,-1.624,6.900,4.810,1.460,7.560,-4.820,3.120,34.062,-24.750,-9.250,-0.660,9.640,-1.660,26,1,0,0,3
24489,279.875,-3.875,-99.750,0.662,0.207,-1.588,7.800,4.530,1.690,8.610,-5.080,3.420,34.062,-24.750,-9.250,-0.800,9.610,-1.720,26,1,0,0,3
24498,280.625,-4.688,-100.125,0.662,0.207,-1.588,8.180,3.440,1.400,8.610,-5.080,3.420,34.062,-24.750,-9.250,-0.960,9.590,-1.770,26,1,0,0,3
24505,281.562,-5.625,-100.438,0.512,0.072,-1.652,8.180,3.440,1.400,9.140,-6.140,3.170,36.562,-21.875,-7.250,-0.960,9.590,-1.770,26,1,0,0,3
24513,282.562,-6.562,-100.625,0.269,-0.010,-1.769,8.260,3.060,1.320,9.390,-6.500,3.120,36.562,-21.875,-7.250,-1.120,9.570,-1.800,26,1,0,0,3
24523,283.688,-7.562,-100.625,-0.050,-0.151,-1.856,8.280,2.860,1.300,9.580,-6.680,3.090,36.562,-21.875,-7.250,-1.470,9.530,-1.750,26,1,0,0,3
24534,284.875,-8.625,-100.438,-0.332,-0.281,-1.880,6.130,4.890,0.910,8.600,-5.400,2.400,36.562,-21.875,-7.250,-1.650,9.510,-1.700,26,1,0,0,3
24545,286.125,-9.688,-100.125,-0.479,-0.419,-1.853,6.130,4.890,0.910,7.790,-4.610,2.620,36.562,-21.875,-7.250,-1.650,9.510,-1.700,26,1,0,0,3
24552,288.500,-10.625,-99.750,-0.649,-0.694,-1.632,3.890,5.580,0.770,5.710,-3.910,2.410,38.750,-19.250,-7.000,-1.810,9.490,-1.630,26,1,0,0,3
24560,288.500,-10.625,-99.750,-0.708,-0.908,-1.326,1.630,6.440,0.370,3.590,-3.030,1.920,38.750,-19.250,-7.000,-1.950,9.480,-1.550,26,1,0,0,3
24567,289.750,-11.438,-99.312,-0.708,-0.908,-1.326,-2.710,9.550,-1.260,-0.640,0.080,0.210,38.750,-19.250,-7.000,-2.060,9.470,-1.480,26,1,0,0,3
24577,290.812,-12.125,-98.875,-0.583,-0.821,-1.110,-4.480,10.450,-2.670,-2.300,1.000,-1.220,38.750,-19.250,-7.000,-2.170,9.450,-1.450,26,1,0,0,3
24588,291.625,-12.750,-98.688,-0.273,-0.479,-1.085,-5.360,11.160,-5.010,-3.070,1.730,-3.560,38.750,-19.250,-7.000,-2.290,9.420,-1.440,26,1,0,0,3
24597,292.375,-13.500,-98.688,-0.028,-0.035,-1.290,-7.030,13.240,-7.840,-3.070,1.730,-3.560,38.750,-19.250,-7.000,-2.420,9.380,-1.460,26,1,0,0,3
24605,294.188,-14.312,-98.812,0.182,-0.007,-1.470,-7.030,13.240,-7.840,-4.600,3.850,-6.370,40.562,-17.062,-7.250,-2.420,9.380,-1.460,26,1,0,0,3
24612,295.188,-15.188,-98.875,0.076,-0.220,-1.554,-14.670,13.750,-2.040,-12.100,4.400,-0.570,40.562,-17.062,-7.250,-2.570,9.340,-1.460,26,1,0,0,3
24621,296.000,-16.000,-98.812,-0.233,-0.023,-1.578,-16.380,12.410,-1.380,-13.670,3.090,0.050,40.562,-17.062,-7.250,-2.710,9.310,-1.440,26,1,0,0,3
24632,296.750,-16.750,-98.625,-0.269,-0.173,-1.248,-15.160,11.220,-3.270,-12.330,1.940,-1.850,40.562,-17.062,-7.250,-2.820,9.280,-1.410,26,1,0,0,3
24643,297.875,-17.188,-98.500,0.070,-1.142,-0.672,-20.690,10.540,-3.760,-17.780,1.280,-2.370,40.562,-17.062,-7.250,-2.900,9.260,-1.380,26,1,0,0,3
24651,297.875,-17.188,-98.500,0.101,-1.380,-0.357,-19.320,11.710,-3.040,-16.360,2.460,-1.680,41.000,-14.188,-7.250,-2.950,9.250,-1.350,26,1,0,0,3
24658,299.625,-17.500,-98.312,0.101,-1.380,-0.357,-15.060,11.760,-0.990,-16.360,2.460,-1.680,41.000,-14.188,-7.250,-2.960,9.250,-1.320,26,1,0,0,3
24666,300.000,-17.562,-98.125,-0.172,-0.684,-0.001,-9.620,12.050,-0.370,-12.100,2.510,0.320,41.000,-14.188,-7.250,-2.940,9.260,-1.280,26,1,0,0,3
24676,299.875,-17.500,-97.812,-0.461,-0.080,0.165,-2.500,10.160,0.160,-6.670,2.780,0.900,41.000,-14.188,-7.250,-2.930,9.270,-1.250,26,1,0,0,3
24686,299.562,-17.375,-97.625,-0.418,0.232,0.109,0.060,8.640,-0.110,0.430,0.880,1.410,41.000,-14.188,-7.250,-2.930,9.270,-1.230,26,1,0,0,3
24696,299.062,-17.375,-97.562,-0.425,0.752,-0.075,0.060,8.640,-0.110,3.000,-0.620,1.110,41.000,-14.188,-7.250,-2.920,9.270,-1.220,26,1,0,0,3
24704,298.875,-17.312,-97.500,-0.596,1.517,-0.112,2.260,7.290,0.500,5.190,-1.980,1.730,40.188,-12.250,-8.875,-2.920,9.270,-1.220,26,1,0,0,3
24712,297.500,-17.188,-97.438,-0.745,2.067,0.007,4.630,5.940,2.310,7.530,-3.340,3.530,40.188,-12.250,-8.875,-2.900,9.280,-1.210,26,1,0,0,3
24720,297.500,-17.188,-97.438,-0.699,2.277,0.271,9.530,4.740,5.070,12.380,-4.550,6.290,40.188,-12.250,-8.875,-2.850,9.300,-1.210,26,1,0,0,3
24730,294.312,-16.312,-97.562,-0.193,1.815,0.750,12.830,5.770,-0.230,15.590,-3.550,1.000,40.188,-12.250,-8.875,-2.760,9.320,-1.240,26,1,0,0,3
24740,293.000,-15.500,-98.188,0.837,1.153,1.353,13.910,8.550,-7.110,16.540,-0.790,-5.750,40.188,-12.250,-8.875,-2.620,9.350,-1.350,26,1,0,0,3
24748,293.000,-15.500,-98.188,0.837,1.153,1.353,-4.110,13.610,-13.490,16.540,-0.790,-5.750,42.250,-10.750,-7.250,-2.470,9.360,-1.490,26,1,0,0,3
24756,292.125,-14.625,-99.062,1.378,0.878,1.494,-4.110,13.610,-13.490,-1.640,4.240,-11.990,42.250,-10.750,-7.250,-2.470,9.360,-1.490,26,1,0,0,3
24764,291.375,-14.062,-99.750,1.073,0.640,0.927,-18.910,17.320,-9.180,-16.530,7.940,-7.570,42.250,-10.750,-7.250,-2.380,9.370,-1.610,26,1,0,0,3
24774,290.688,-13.875,-100.000,0.264,0.986,0.144,-27.140,23.120,-4.140,-24.790,13.750,-2.480,42.250,-10.750,-7.250,-2.310,9.380,-1.630,26,1,0,0,3
24784,289.188,-13.625,-99.812,-0.829,2.149,0.068,3.620,11.410,-2.150,-18.090,19.040,0.070,42.250,-10.750,-7.250,-2.190,9.420,-1.570,26,1,0,0,3
25394,261.812,30.688,-80.312,0.615,-0.981,0.673,-7.900,13.950,0.200,-12.900,5.640,-1.200,22.250,-29.062,-15.000,5.000,8.310,1.410,26,3,0,0,3
25401,261.812,30.688,-80.312,0.615,-0.981,0.673,-9.750,14.230,-1.880,-14.820,5.930,-3.160,20.688,-30.562,-16.250,5.060,8.290,1.270,26,3,0,0,3
25409,261.562,31.062,-81.250,1.150,-0.913,0.599,-8.870,13.600,-2.150,-14.820,5.930,-3.160,20.688,-30.562,-16.250,5.110,8.290,1.080,26,3,0,0,3
25417,261.312,31.438,-82.562,1.741,-1.047,0.517,-8.330,14.230,-2.460,-13.990,5.310,-3.230,20.688,-30.562,-16.250,5.160,8.280,0.870,26,3,0,0,3
25427,261.062,31.750,-83.938,1.820,-1.197,0.443,-7.880,14.930,-3.150,-13.500,5.940,-3.340,20.688,-30.562,-16.250,5.180,8.290,0.670,26,3,0,0,3
25437,260.938,31.875,-85.312,1.900,-0.992,0.122,-4.280,12.370,-3.670,-13.060,6.630,-3.820,20.688,-30.562,-16.250,5.150,8.320,0.470,26,3,0,0,3
25448,260.875,31.688,-86.688,1.992,-0.731,-0.389,-4.280,12.370,-3.670,-9.440,4.040,-4.150,20.688,-30.562,-16.250,5.100,8.360,0.310,26,3,0,0,3
25456,261.000,31.312,-87.812,1.787,-0.452,-0.683,-1.240,12.760,-1.920,-6.340,4.390,-2.230,17.750,-31.688,-15.875,5.100,8.360,0.310,26,3,0,0,3
25463,261.125,30.875,-88.625,1.331,-0.118,-0.861,1.110,13.180,0.920,-3.920,4.770,0.730,17.750,-31.688,-15.875,5.030,8.410,0.190,26,3,0,0,3
25473,261.312,30.312,-89.000,0.868,0.272,-0.965,3.820,13.110,3.120,-1.130,4.650,2.980,17.750,-31.688,-15.875,4.950,8.460,0.130,26,3,0,0,3
25484,261.312,29.875,-89.062,0.423,0.684,-0.818,6.080,11.920,4.220,1.200,3.420,4.080,17.750,-31.688,-15.875,4.800,8.540,0.160,26,3,0,0,3
25495,261.438,29.312,-88.875,0.179,0.829,-0.952,6.190,11.640,3.150,1.390,3.090,2.990,17.750,-31.688,-15.875,4.800,8.540,0.160,26,3,0,0,3
25503,261.875,28.438,-88.875,0.310,0.593,-1.532,7.330,12.780,3.190,2.650,4.160,3.030,18.500,-31.688,-13.500,4.670,8.610,0.160,26,3,0,0,3
25510,261.875,28.438,-88.875,0.310,0.593,-1.532,9.990,14.340,3.190,5.490,5.630,3.060,18.500,-31.688,-13.500,4.500,8.700,0.120,26,3,0,0,3
25518,262.812,27.312,-89.125,0.540,0.177,-2.038,10.920,14.510,0.210,6.610,5.700,0.150,18.500,-31.688,-13.500,4.310,8.800,0.060,26,3,0,0,3
25528,263.875,26.062,-89.562,0.765,0.088,-2.292,8.730,14.660,1.210,4.610,5.760,1.230,18.500,-31.688,-13.500,4.120,8.890,-0.020,26,3,0,0,3
25539,264.875,24.812,-90.125,0.963,-0.091,-2.183,7.570,16.220,2.140,3.630,7.240,2.240,18.500,-31.688,-13.500,3.930,8.980,-0.100,26,3,0,0,3
25548,266.000,23.625,-90.688,0.874,-0.271,-2.169,9.700,15.440,0.320,3.630,7.240,2.240,18.500,-31.688,-13.500,3.760,9.050,-0.190,26,3,0,0,3
25556,267.062,22.500,-91.188,0.877,-0.317,-2.008,9.700,15.440,0.320,5.940,6.390,0.520,20.562,-32.375,-12.000,3.760,9.050,-0.190,26,3,0,0,3
25564,268.062,21.500,-91.812,0.901,-0.371,-1.823,10.000,13.110,0.550,6.400,3.990,0.840,20.562,-32.375,-12.000,3.590,9.110,-0.280,26,3,0,0,3
25573,269.125,20.500,-92.250,0.649,-0.401,-1.765,9.930,11.320,1.090,6.490,2.140,1.450,20.562,-32.375,-12.000,3.440,9.170,-0.360,26,3,0,0,3
25584,270.375,19.438,-92.500,0.398,-0.408,-1.942,8.320,8.830,0.870,5.050,-0.390,1.280,20.562,-32.375,-12.000,3.260,9.230,-0.400,26,3,0,0,3
25595,271.812,18.125,-92.688,0.226,-0.411,-2.315,7.600,7.860,0.500,4.550,-1.440,0.950,20.562,-32.375,-12.000,3.050,9.300,-0.440,26,3,0,0,3
25603,273.500,16.625,-92.812,0.135,-0.350,-2.659,7.110,8.300,0.120,4.290,-1.070,0.580,23.875,-30.000,-12.000,2.810,9.380,-0.460,26,3,0,0,3
25610,273.500,16.625,-92.812,0.135,-0.350,-2.659,6.670,8.460,0.020,4.100,-0.980,0.500,23.875,-30.000,-12.000,2.560,9.450,-0.480,26,3,0,0,3
25618,275.125,15.125,-92.938,0.166,-0.228,-2.773,6.220,8.430,0.000,4.100,-0.980,0.500,23.875,-30.000,-12.000,2.300,9.510,-0.500,26,3,0,0,3
25627,276.688,13.562,-93.000,0.200,-0.125,-2.790,6.300,7.940,0.380,3.910,-1.080,0.500,23.875,-30.000,-12.000,2.040,9.570,-0.540,26,3,0,0,3
25637,278.188,12.000,-93.188,0.387,0.039,-2.819,6.730,6.750,0.570,4.260,-1.620,0.920,23.875,-30.000,-12.000,1.780,9.620,-0.590,26,3,0,0,3
25648,279.625,10.438,-93.500,0.543,0.131,-2.832,6.730,6.750,0.570,4.950,-2.860,1.160,23.875,-30.000,-12.000,1.520,9.660,-0.630,26,3,0,0,3
25656,281.062,8.938,-93.750,0.532,0.082,-2.774,6.430,6.360,0.300,4.910,-3.290,0.940,26.750,-28.500,-11.875,1.520,9.660,-0.630,26,3,0,0,3
25663,282.375,7.438,-94.062,0.616,0.183,-2.658,5.970,6.270,0.380,4.700,-3.420,1.080,26.750,-28.500,-11.875,1.270,9.690,-0.690,26,3,0,0,3
25672,283.562,6.062,-94.375,0.611,0.315,-2.485,5.560,5.850,0.190,4.520,-3.860,0.940,26.750,-28.500,-11.875,1.040,9.720,-0.740,26,3,0,0,3
25682,284.500,4.812,-94.688,0.636,0.507,-2.366,5.990,5.680,0.560,5.170,-4.050,1.360,26.750,-28.500,-11.875,0.820,9.730,-0.800,26,3,0,0,3
25692,285.375,3.562,-95.000,0.651,0.597,-2.250,6.240,5.630,0.970,5.620,-4.110,1.830,26.750,-28.500,-11.875,0.610,9.740,-0.860,26,3,0,0,3
25700,285.375,3.562,-95.000,0.651,0.597,-2.250,6.190,5.000,1.200,5.770,-4.740,2.120,30.062,-25.875,-10.750,0.410,9.750,-0.920,26,3,0,0,3
25708,286.188,2.375,-95.375,0.698,0.633,-2.205,6.190,5.000,1.200,5.770,-4.740,2.120,30.062,-25.875,-10.750,0.210,9.750,-0.980,26,3,0,0,3
25716,287.000,1.188,-95.750,0.719,0.651,-2.207,5.570,4.470,1.110,5.360,-5.270,2.100,30.062,-25.875,-10.750,0.210,9.750,-0.980,26,3,0,0,3
25725,287.812,0.000,-96.125,0.708,0.734,-2.245,5.010,4.310,1.100,5.010,-5.430,2.150,30.062,-25.875,-10.750,-0.190,9.740,-1.120,26,3,0,0,3
25735,288.500,-1.125,-96.562,0.704,0.864,-2.281,5.100,4.400,1.750,5.200,-5.470,2.640,30.062,-25.875,-10.750,-0.390,9.720,-1.190,26,3,0,0,3
25746,289.188,-2.312,-96.938,0.702,0.992,-2.244,5.100,4.400,1.750,5.500,-5.320,2.940,30.062,-25.875,-10.750,-0.390,9.720,-1.190,26,3,0,0,3
25754,289.688,-3.375,-97.375,0.660,1.079,-2.148,5.420,4.410,2.000,6.000,-5.290,3.260,33.000,-22.500,-10.375,-0.580,9.700,-1.250,26,3,0,0,3
25762,289.688,-3.375,-97.375,0.579,1.018,-2.023,6.590,4.100,2.540,7.360,-5.580,3.860,33.000,-22.500,-10.375,-0.760,9.680,-1.320,26,3,0,0,3
25769,290.250,-4.438,-97.750,0.579,1.018,-2.023,7.330,3.620,2.590,8.260,-6.040,3.960,33.000,-22.500,-10.375,-0.920,9.660,-1.370,26,3,0,0,3
25779,290.750,-5.375,-98.062,0.489,0.819,-1.862,7.960,3.290,2.560,9.040,-6.340,3.970,33.000,-22.500,-10.375,-1.080,9.640,-1.410,26,3,0,0,3
25790,291.438,-6.312,-98.312,0.374,0.544,-1.770,8.220,3.400,2.340,9.470,-6.210,3.770,33.000,-22.500,-10.375,-1.240,9.620,-1.430,26,3,0,0,3
25799,292.250,-7.250,-98.438,0.176,0.273,-1.773,8.140,3.300,1.620,9.470,-6.210,3.770,33.000,-22.500,-10.375,-1.410,9.590,-1.420,26,3,0,0,3
25807,293.250,-8.250,-98.438,-0.070,0.063,-1.801,8.140,3.300,1.620,9.560,-6.280,3.040,37.750,-18.875,-8.750,-1.410,9.590,-1.420,26,3,0,0,3
25815,294.188,-9.250,-98.250,-0.291,-0.034,-1.789,7.670,3.350,1.230,9.250,-6.220,2.630,37.750,-18.875,-8.750,-1.580,9.570,-1.390,26,3,0,0,3
25824,295.250,-10.250,-98.000,-0.465,-0.189,-1.776,6.980,3.840,1.090,8.720,-5.700,2.440,37.750,-18.875,-8.750,-1.740,9.550,-1.350,26,3,0,0,3
25834,296.375,-11.188,-97.688,-0.632,-0.420,-1.692,5.590,4.370,0.750,7.500,-5.150,2.030,37.750,-18.875,-8.750,-1.910,9.530,-1.280,26,3,0,0,3
25845,297.625,-12.188,-97.250,-0.674,-0.647,-1.680,1.090,5.760,1.390,3.160,-3.740,2.610,37.750,-18.875,-8.750,-2.070,9.500,-1.210,26,3,0,0,3
25853,299.000,-13.062,-96.812,-0.682,-0.665,-1.590,-1.530,7.210,0.700,0.690,-2.270,1.840,37.750,-16.750,-8.000,-2.220,9.480,-1.130,26,3,0,0,3
25860,299.000,-13.062,-96.812,-0.682,-0.665,-1.590,-3.420,9.590,-1.720,0.690,-2.270,1.840,37.750,-16.750,-8.000,-2.350,9.450,-1.080,26,3,0,0,3
25868,299.750,-13.875,-96.500,-0.540,-0.123,-1.420,-7.010,14.070,-9.870,-1.060,0.130,-0.640,37.750,-16.750,-8.000,-2.470,9.420,-1.100,26,3,0,0,3
25877,300.125,-14.562,-96.688,0.097,0.647,-1.365,-9.370,15.050,-8.590,-4.530,4.640,-8.770,37.750,-16.750,-8.000,-2.590,9.370,-1.210,26,3,0,0,3
25888,300.562,-15.312,-97.375,0.972,0.941,-1.462,-13.250,14.640,-4.320,-6.770,5.670,-7.370,37.750,-16.750,-8.000,-2.700,9.330,-1.320,26,3,0,0,3
25898,300.688,-16.000,-98.062,0.792,1.205,-1.371,-13.250,14.640,-4.320,-10.550,5.310,-3.000,37.750,-16.750,-8.000,-2.790,9.300,-1.340,26,3,0,0,3
25906,300.562,-16.500,-98.250,-0.091,1.326,-1.158,-14.420,13.240,-1.720,-11.630,3.940,-0.370,38.375,-13.000,-8.375,-2.790,9.300,-1.340,26,3,0,0,3
25914,300.750,-16.938,-98.125,-0.339,0.399,-0.834,-14.350,10.140,-4.830,-11.480,0.860,-3.500,38.375,-13.000,-8.375,-2.860,9.280,-1.320,26,3,0,0,3
25922,300.750,-16.938,-98.125,-0.010,-1.222,-0.399,-19.900,9.960,-4.590,-16.980,0.690,-3.300,38.375,-13.000,-8.375,-2.910,9.270,-1.290,26,3,0,0,3
25932,301.688,-17.250,-97.938,0.064,-1.785,-0.166,-22.540,11.650,-4.050,-19.590,2.380,-2.800,38.375,-13.000,-8.375,-2.950,9.260,-1.250,26,3,0,0,3
25942,303.375,-17.562,-97.250,-0.393,-0.960,0.055,-10.810,12.500,-0.720,-7.850,3.220,0.460,38.375,-13.000,-8.375,-2.950,9.270,-1.180,26,3,0,0,3
25950,303.375,-17.562,-97.250,-0.393,-0.960,0.055,-5.270,12.400,-0.430,-7.850,3.220,0.460,39.500,-12.250,-8.000,-2.940,9.280,-1.120,26,3,0,0,3
25958,303.500,-17.438,-96.875,-0.738,0.000,0.165,-5.270,12.400,-0.430,-2.320,3.120,0.680,39.500,-12.250,-8.000,-2.920,9.290,-1.080,26,3,0,0,3
25966,303.062,-17.312,-96.625,-0.587,0.422,0.137,-4.290,10.380,0.000,-1.360,1.080,1.080,39.500,-12.250,-8.000,-2.920,9.290,-1.080,26,3,0,0,3
25975,302.500,-17.438,-96.375,-0.731,1.080,-0.298,-1.950,9.470,-0.230,0.990,0.170,0.800,39.500,-12.250,-8.000,-2.950,9.290,-1.010,26,3,0,0,3
25986,301.312,-17.500,-96.188,-0.998,2.070,-0.389,6.590,5.790,4.370,6.170,-2.600,3.120,39.500,-12.250,-8.000,-2.950,9.290,-0.990,26,3,0,0,3
25997,299.625,-17.500,-96.062,-1.114,2.714,-0.220,6.590,5.790,4.370,9.540,-3.500,5.360,39.500,-12.250,-8.000,-2.950,9.290,-0.990,26,3,0,0,3
26005,298.125,-17.250,-96.125,-0.662,2.362,0.195,10.440,6.250,1.610,13.350,-3.050,2.610,40.562,-12.000,-9.562,-2.910,9.310,-0.990,26,3,0,0,3
26012,298.125,-17.250,-96.125,0.717,1.514,0.944,12.190,10.020,-8.370,15.000,0.690,-7.260,40.562,-12.000,-9.562,-2.810,9.320,-1.100,26,3,0,0,3
26020,296.875,-16.625,-96.750,0.717,1.514,0.944,-0.850,14.100,-13.590,1.800,4.750,-12.280,40.562,-12.000,-9.562,-2.660,9.340,-1.310,26,3,0,0,3
26030,295.562,-15.750,-97.938,1.892,1.352,1.416,-13.150,15.950,-8.880,-10.610,6.590,-7.430,40.562,-12.000,-9.562,-2.540,9.350,-1.450,26,3,0,0,3
26040,294.625,-15.000,-98.750,0.212,0.873,0.708,-20.430,20.280,-3.890,-17.960,10.910,-2.400,40.562,-12.000,-9.562,-2.460,9.370,-1.490,26,3,0,0,3
26050,293.750,-14.562,-99.000,0.212,0.873,0.708,-1.440,21.000,-2.570,-17.960,10.910,-2.400,40.562,-12.000,-9.562,-2.410,9.380,-1.490,26,3,0,0,3
26057,292.438,-14.250,-99.000,-0.406,1.701,0.288,-1.440,21.000,-2.570,0.970,11.620,-1.070,41.250,-12.000,-4.375,-2.410,9.380,-1.490,26,3,0,0,3
26065,291.000,-13.750,-98.812,-0.754,1.554,0.648,4.940,10.970,-1.710,7.280,1.560,-0.250,41.250,-12.000,-4.375,-2.330,9.410,-1.460,26,3,0,0,3
26075,289.688,-13.062,-98.062,-1.416,0.750,1.137,9.890,5.090,1.380,12.110,-4.360,2.730,41.250,-12.000,-4.375,-2.070,9.500,-1.200,26,3,0,0,3
26086,288.500,-12.188,-97.188,-1.562,0.051,1.601,10.880,2.810,6.520,13.650,-7.470,5.080,41.250,-12.000,-4.375,-1.940,9.550,-1.070,26,3,0,0,3
26097,287.562,-11.375,-96.375,-1.432,-0.021,1.410,10.880,2.810,6.520,12.820,-6.740,7.590,41.250,-12.000,-4.375,-1.940,9.550,-1.070,26,3,0,0,3
26105,286.812,-10.812,-95.750,-1.119,-0.001,1.093,7.150,4.700,7.850,9.000,-4.870,8.820,42.250,-15.188,-2.875,-1.840,9.580,-0.960,26,3,0,0,3
26112,286.812,-10.812,-95.750,-0.611,-0.280,0.729,3.480,7.460,6.500,5.250,-2.140,7.410,42.250,-15.188,-2.875,-1.770,9.600,-0.900,26,3,0,0,3
26121,286.500,-10.438,-95.375,-0.218,-0.247,0.674,2.600,9.940,3.470,4.320,0.320,4.360,42.250,-15.188,-2.875,-1.710,9.610,-0.880,26,3,0,0,3
26131,286.250,-10.062,-95.250,-0.367,-0.240,0.960,2.190,13.700,1.900,3.820,4.070,2.750,42.250,-15.188,-2.875,-1.620,9.630,-0.840,26,3,0,0,3
26141,285.875,-9.500,-95.000,-0.707,-0.002,1.253,3.720,14.090,2.260,5.230,4.430,3.030,42.250,-15.188,-2.875,-1.510,9.650,-0.770,26,3,0,0,3
26150,285.062,-8.812,-94.562,-0.707,-0.002,1.253,6.580,13.000,1.670,5.230,4.430,3.030,42.250,-15.188,-2.875,-1.370,9.680,-0.700,26,3,0,0,3
26158,284.000,-8.000,-94.188,-0.801,0.324,1.463,6.580,13.000,1.670,7.950,3.310,2.380,40.875,-17.062,-2.062,-1.370,9.680,-0.700,26,3,0,0,3
26165,283.000,-7.188,-93.812,-0.673,0.256,1.484,7.510,8.490,1.560,8.740,-1.210,2.210,40.875,-17.062,-2.062,-1.230,9.700,-0.640,26,3,0,0,3
26176,282.250,-6.500,-93.438,-0.665,-0.060,1.265,7.000,8.090,1.150,8.110,-1.620,1.730,40.875,-17.062,-2.062,-1.000,9.740,-0.510,26,3,0,0,3
26186,281.812,-5.812,-93.000,-0.722,-0.410,1.181,4.380,9.870,1.830,6.740,-1.020,1.840,40.875,-17.062,-2.062,-0.900,9.750,-0.420,26,3,0,0,3
26197,281.562,-5.250,-92.500,-0.849,-0.758,1.100,4.380,9.870,1.830,5.280,0.120,2.260,40.875,-17.062,-2.062,-0.900,9.750,-0.420,26,3,0,0,3
26205,281.500,-4.750,-91.875,-0.983,-0.936,0.994,2.630,11.570,1.620,3.450,1.800,1.950,39.250,-18.500,-3.250,-0.810,9.760,-0.320,26,3,0,0,3
26212,281.500,-4.750,-91.875,-0.957,-0.846,0.940,1.450,11.370,1.270,2.170,1.600,1.500,39.250,-18.500,-3.250,-0.720,9.770,-0.220,26,3,0,0,3
26220,281.438,-4.188,-91.312,-0.957,-0.846,0.940,0.340,10.640,1.090,0.980,0.850,1.230,39.250,-18.500,-3.250,-0.630,9.780,-0.140,26,3,0,0,3
26231,281.188,-3.688,-90.812,-0.875,-0.578,0.961,0.000,9.700,1.460,0.530,-0.090,1.510,39.250,-18.500,-3.250,-0.530,9.790,-0.050,26,3,0,0,3
26241,280.750,-3.125,-90.312,-0.862,-0.273,1.049,0.820,9.880,1.500,1.250,0.080,1.480,39.250,-18.500,-3.250,-0.420,9.790,0.020,26,3,0,0,3
26250,280.062,-2.438,-89.875,-0.844,0.047,1.170,2.010,9.000,1.800,1.250,0.080,1.480,39.250,-18.500,-3.250,-0.310,9.800,0.080,26,3,0,0,3
26258,279.188,-1.812,-89.438,-0.697,0.303,1.218,2.010,9.000,1.800,2.320,-0.790,1.710,39.000,-20.000,-4.375,-0.310,9.800,0.080,26,3,0,0,3
26265,278.438,-1.125,-89.062,-0.760,0.120,1.199,2.260,9.020,1.400,2.460,-0.770,1.240,39.000,-20.000,-4.375,-0.190,9.800,0.150,26,3,0,0,3
26276,277.750,-0.438,-88.688,-0.617,0.028,1.227,2.470,9.210,1.030,2.550,-0.590,0.810,39.000,-20.000,-4.375,0.030,9.800,0.260,26,3,0,0,3
26287,277.188,0.188,-88.438,-0.533,-0.201,1.256,2.050,9.520,0.330,2.460,-0.330,0.380,39.000,-20.000,-4.375,0.170,9.800,0.310,26,3,0,0,3
26298,276.625,1.000,-88.125,-0.520,-0.434,1.386,2.050,9.520,0.330,1.880,-0.270,0.020,39.000,-20.000,-4.375,0.170,9.800,0.310,26,3,0,0,3
26305,276.125,1.812,-87.875,-0.499,-0.559,1.474,1.140,9.630,-0.010,0.830,-0.150,-0.380,37.500,-21.750,-6.188,0.310,9.790,0.360,26,3,0,0,3
26313,276.125,1.812,-87.875,-0.521,-0.632,1.455,-0.210,9.720,-0.220,-0.660,-0.060,-0.630,37.500,-21.750,-6.188,0.450,9.780,0.400,26,3,0,0,3
26321,275.625,2.625,-87.562,-0.521,-0.632,1.455,-0.510,9.740,-0.170,-1.100,-0.030,-0.630,37.500,-21.750,-6.188,0.590,9.770,0.460,26,3,0,0,3
26331,275.188,3.438,-87.250,-0.624,-0.581,1.445,-0.750,9.490,0.000,-1.480,-0.260,-0.530,37.500,-21.750,-6.188,0.730,9.760,0.520,26,3,0,0,3
26341,274.688,4.250,-86.875,-0.708,-0.495,1.424,-0.470,8.840,0.360,-1.330,-0.900,-0.230,37.500,-21.750,-6.188,0.850,9.750,0.600,26,3,0,0,3
26350,274.188,5.000,-86.438,-0.812,-0.408,1.331,-0.260,8.560,0.860,-1.330,-0.900,-0.230,37.500,-21.750,-6.188,0.980,9.730,0.680,26,3,0,0,3
26358,273.688,5.750,-85.938,-0.921,-0.397,1.310,-0.260,8.560,0.860,-1.240,-1.160,0.170,34.500,-23.688,-5.000,0.980,9.730,0.680,26,3,0,0,3
26366,273.188,6.500,-85.312,-1.155,-0.447,1.412,-0.530,8.850,1.140,-1.650,-0.850,0.350,34.500,-23.688,-5.000,1.120,9.710,0.790,26,3,0,0,3
26375,272.625,7.375,-84.625,-1.341,-0.444,1.514,-0.670,9.560,1.130,-1.940,-0.110,0.220,34.500,-23.688,-5.000,1.260,9.680,0.910,26,3,0,0,3
26386,272.188,8.250,-83.875,-1.382,-0.497,1.496,-0.040,9.950,1.320,-1.450,0.310,0.290,34.500,-23.688,-5.000,1.550,9.610,1.140,26,3,0,0,3
26397,271.750,9.062,-83.125,-1.332,-0.563,1.473,-0.330,10.310,0.910,-1.880,0.700,-0.230,34.500,-23.688,-5.000,1.550,9.610,1.140,26,3,0,0,3
26405,271.375,9.938,-82.500,-1.237,-0.649,1.467,-1.150,10.460,0.160,-2.850,0.890,-1.090,32.750,-25.500,-8.062,1.690,9.570,1.250,26,3,0,0,3
26412,271.375,9.938,-82.500,-1.237,-0.649,1.467,-1.870,10.350,0.000,-3.710,0.810,-1.330,32.750,-25.500,-8.062,1.840,9.530,1.340,26,3,0,0,3
26420,271.000,10.812,-81.938,-1.155,-0.725,1.444,-2.330,9.510,0.770,-4.320,0.010,-0.650,32.750,-25.500,-8.062,1.990,9.490,1.430,26,3,0,0,3
26430,270.688,11.688,-81.375,-1.105,-0.862,1.493,-2.900,9.210,1.030,-5.060,-0.220,-0.480,32.750,-25.500,-8.062,2.150,9.440,1.510,26,3,0,0,3
26440,270.250,12.688,-80.875,-1.059,-0.820,1.691,-2.660,9.110,1.140,-5.000,-0.270,-0.450,32.750,-25.500,-8.062,2.330,9.380,1.600,26,3,0,0,3
26450,269.625,13.750,-80.312,-1.074,-0.600,1.842,-1.170,9.510,1.480,-5.000,-0.270,-0.450,32.750,-25.500,-8.062,2.500,9.330,1.680,26,3,0,0,3
26457,269.062,14.750,-79.750,-1.070,-0.536,1.772,-1.170,9.510,1.480,-3.670,0.180,-0.200,29.062,-26.875,-10.875,2.500,9.330,1.680,26,3,0,0,3
26465,268.438,15.688,-79.188,-1.043,-0.394,1.647,-0.600,9.820,1.690,-3.260,0.550,-0.070,29.062,-26.875,-10.875,2.650,9.270,1.760,26,3,0,0,3
26474,267.875,16.562,-78.625,-0.933,-0.332,1.538,-0.160,9.880,1.860,-2.960,0.670,0.010,29.062,-26.875,-10.875,2.800,9.210,1.840,26,3,0,0,3
26485,267.312,17.375,-78.188,-0.826,-0.298,1.434,0.470,10.200,1.940,-2.450,1.040,0.030,29.062,-26.875,-10.875,2.930,9.160,1.900,26,3,0,0,3
26496,266.750,18.188,-77.812,-0.665,-0.304,1.392,1.380,10.540,2.120,-1.670,1.440,0.160,29.062,-26.875,-10.875,3.060,9.100,1.950,26,3,0,0,3
26504,266.250,18.938,-77.562,-0.514,-0.399,1.386,1.150,10.310,1.910,-2.030,1.260,-0.070,26.875,-29.875,-12.375,3.190,9.050,1.990,26,3,0,0,3
26511,266.250,18.938,-77.562,-0.514,-0.399,1.386,0.470,9.980,1.660,-2.030,1.260,-0.070,26.875,-29.875,-12.375,3.320,9.000,2.000,26,3,0,0,3
26519,265.750,19.812,-77.375,-0.395,-0.541,1.389,-0.280,10.230,1.070,-2.840,0.970,-0.340,26.875,-29.875,-12.375,3.450,8.950,2.010,26,3,0,0,3
26528,265.312,20.625,-77.250,-0.341,-0.660,1.372,-0.110,10.930,0.740,-3.730,1.280,-0.940,26.875,-29.875,-12.375,3.590,8.890,2.020,26,3,0,0,3
26539,264.938,21.438,-77.188,-0.341,-0.777,1.372,0.250,11.420,0.450,-3.700,2.030,-1.270,26.875,-29.875,-12.375,3.720,8.840,2.010,26,3,0,0,3
26549,264.625,22.312,-77.125,-0.326,-0.889,1.400,0.250,11.420,0.450,-3.460,2.570,-1.550,26.875,-29.875,-12.375,3.860,8.780,2.000,26,3,0,0,3
26557,264.312,23.188,-77.125,-0.286,-0.990,1.419,0.590,11.620,-0.110,-3.260,2.840,-2.120,25.062,-29.062,-14.375,3.860,8.780,2.000,26,3,0,0,3
26565,264.000,24.125,-77.188,-0.217,-1.069,1.430,0.930,11.510,-1.080,-3.070,2.780,-3.060,25.062,-29.062,-14.375,4.010,8.720,1.980,26,3,0,0,3
26574,263.750,25.000,-77.312,-0.134,-1.170,1.408,0.630,11.200,-0.180,-3.510,2.530,-2.130,25.062,-29.062,-14.375,4.150,8.660,1.940,26,3,0,0,3
26585,263.500,25.875,-77.500,-0.109,-1.263,1.330,0.090,11.270,0.990,-4.190,2.650,-0.900,25.062,-29.062,-14.375,4.280,8.610,1.900,26,3,0,0,3
26596,263.375,26.688,-77.688,-0.084,-1.240,1.250,-0.450,11.780,1.330,-4.860,3.220,-0.520,25.062,-29.062,-14.375,4.410,8.550,1.860,26,3,0,0,3
26603,263.375,26.688,-77.688,0.036,-1.102,1.247,-1.570,13.190,1.340,-6.110,4.690,-0.460,22.500,-31.000,-14.750,4.530,8.500,1.800,26,3,0,0,3
26611,263.125,27.500,-77.938,0.036,-1.102,1.247,-2.210,12.410,2.440,-6.110,4.690,-0.460,22.500,-31.000,-14.750,4.660,8.440,1.750,26,3,0,0,3
26619,262.625,28.375,-78.250,0.227,-0.867,1.407,-2.590,12.890,2.660,-6.870,3.970,0.690,22.500,-31.000,-14.750,4.790,8.380,1.690,26,3,0,0,3
26628,262.125,29.250,-78.562,0.266,-0.829,1.380,-4.290,13.290,2.530,-7.380,4.500,0.970,22.500,-31.000,-14.750,4.900,8.330,1.620,26,3,0,0,3
26639,261.750,30.000,-78.938,0.307,-0.852,1.220,-5.540,13.210,1.440,-9.190,4.960,0.900,22.500,-31.000,-14.750,4.990,8.290,1.560,26,3,0,0,3
26649,261.562,30.562,-79.312,0.271,-0.952,0.927,-5.540,13.210,1.440,-10.530,4.920,-0.110,22.500,-31.000,-14.750,5.060,8.260,1.470,26,3,0,0,3
26657,261.438,31.062,-79.875,0.376,-1.196,0.700,-7.680,13.780,0.790,-12.750,5.510,-0.680,19.188,-33.875,-15.562,5.060,8.260,1.470,26,3,0,0,3
26665,261.375,31.500,-80.625,0.777,-1.065,0.569,-9.640,14.110,0.080,-14.770,5.860,-1.270,19.188,-33.875,-15.562,5.120,8.240,1.350,26,3,0,0,3
26673,261.375,31.500,-80.625,1.476,-0.954,0.525,-9.150,14.360,-2.590,-14.330,6.120,-3.780,19.188,-33.875,-15.562,5.180,8.240,1.190,26,3,0,0,3
26684,261.125,31.875,-81.750,1.996,-1.220,0.508,-8.870,14.260,-3.070,-14.100,6.030,-4.050,19.188,-33.875,-15.562,5.230,8.230,0.970,26,3,0,0,3
26694,260.562,32.500,-84.812,2.103,-1.247,0.322,-7.870,14.860,-3.690,-13.140,6.630,-4.430,19.188,-33.875,-15.562,5.270,8.230,0.740,26,3,0,0,3
26702,260.562,32.500,-84.812,2.103,-1.247,0.322,-5.010,12.190,-3.620,-13.140,6.630,-4.430,15.875,-36.062,-15.188,5.280,8.240,0.510,26,3,0,0,3
26710,260.125,32.625,-86.375,2.247,-0.896,0.158,-5.010,12.190,-3.620,-10.300,3.950,-4.130,15.875,-36.062,-15.188,5.260,8.260,0.310,26,3,0,0,3
26717,260.000,32.500,-87.750,2.023,-0.714,-0.279,-1.480,12.790,-2.420,-6.750,4.520,-2.740,15.875,-36.062,-15.188,5.260,8.260,0.310,26,3,0,0,3
26727,260.062,32.188,-88.812,1.608,-0.434,-0.540,0.310,13.330,0.700,-4.910,5.030,0.530,15.875,-36.062,-15.188,5.160,8.330,0.090,26,3,0,0,3
26738,260.125,31.750,-89.312,0.973,0.130,-0.760,6.260,11.500,2.200,-2.380,4.480,3.550,15.875,-36.062,-15.188,5.090,8.370,0.090,26,3,0,0,3
26749,260.188,31.312,-89.312,0.387,0.639,-0.812,6.260,11.500,2.200,1.160,3.130,2.100,15.875,-36.062,-15.188,5.090,8.370,0.090,26,3,0,0,3
26756,260.062,30.688,-89.188,0.263,0.785,-1.086,6.580,11.630,1.810,1.570,3.200,1.700,13.688,-37.875,-12.375,5.010,8.420,0.110,26,3,0,0,3
26764,260.562,29.750,-89.250,0.441,0.589,-1.716,7.780,12.440,2.060,2.910,3.930,1.960,13.688,-37.875,-12.375,4.860,8.510,0.100,26,3,0,0,3
26772,260.562,29.750,-89.250,0.448,0.148,-2.247,8.920,13.240,4.520,4.240,4.630,4.440,13.688,-37.875,-12.375,4.680,8.610,0.070,26,3,0,0,3
26782,261.625,28.500,-89.500,0.580,-0.012,-2.546,11.430,15.330,-0.110,6.970,6.600,-0.130,13.688,-37.875,-12.375,4.460,8.720,0.020,26,3,0,0,3
26792,262.938,27.062,-89.812,0.912,-0.292,-2.487,9.610,16.310,0.280,5.360,7.480,0.340,13.688,-37.875,-12.375,4.250,8.830,-0.060,26,3,0,0,3
26801,264.188,25.688,-90.375,0.912,-0.292,-2.487,8.680,17.010,1.700,5.360,7.480,0.340,13.688,-37.875,-12.375,4.060,8.920,-0.170,26,3,0,0,3
26809,265.375,24.438,-91.062,1.002,-0.511,-2.229,8.680,17.010,1.700,4.620,8.090,1.880,17.500,-36.875,-11.250,4.060,8.920,-0.170,26,3,0,0,3
26817,266.625,23.375,-91.750,0.888,-0.673,-1.980,9.080,15.670,-0.330,5.190,6.680,-0.060,17.500,-36.875,-11.250,3.890,8.990,-0.270,26,3,0,0,3
26826,267.750,22.375,-92.312,0.848,-0.593,-1.776,9.540,13.550,0.790,5.800,4.490,1.160,17.500,-36.875,-11.250,3.730,9.060,-0.370,26,3,0,0,3
26836,268.812,21.375,-92.688,0.523,-0.502,-1.720,9.990,11.630,0.920,6.410,2.510,1.360,17.500,-36.875,-11.250,3.580,9.110,-0.430,26,3,0,0,3
26847,270.125,20.312,-92.938,0.259,-0.482,-1.927,9.320,9.250,0.860,5.910,0.060,1.330,17.500,-36.875,-11.250,3.400,9.180,-0.470,26,3,0,0,3
26855,271.688,19.000,-93.062,0.118,-0.479,-2.362,7.570,7.970,0.240,4.370,-1.280,0.740,22.875,-35.500,-10.188,3.190,9.250,-0.500,26,3,0,0,3
26862,271.688,19.000,-93.062,0.118,-0.479,-2.362,6.770,7.840,0.240,3.810,-1.490,0.760,22.875,-35.500,-10.188,2.950,9.330,-0.510,26,3,0,0,3
26870,273.375,17.500,-93.125,0.027,-0.470,-2.639,6.440,7.850,-0.100,3.810,-1.490,0.760,22.875,-35.500,-10.188,2.700,9.410,-0.520,26,3,0,0,3
26880,275.125,16.000,-93.188,-0.041,-0.417,-2.718,6.410,7.930,-0.050,3.960,-1.540,0.470,22.875,-35.500,-10.188,2.450,9.470,-0.530,26,3,0,0,3
26890,276.812,14.438,-93.188,0.055,-0.262,-2.742,6.830,6.940,0.670,4.630,-2.590,1.240,22.875,-35.500,-10.188,2.200,9.530,-0.560,26,3,0,0,3
26900,278.312,12.938,-93.375,0.312,-0.072,-2.739,6.830,6.940,0.670,4.630,-2.590,1.240,22.875,-35.500,-10.188,1.950,9.590,-0.600,26,3,0,0,3
26908,279.812,11.438,-93.562,0.400,-0.039,-2.716,6.330,6.210,0.370,4.380,-3.380,0.980,26.250,-34.000,-10.188,1.950,9.590,-0.600,26,3,0,0,3
26916,281.250,9.938,-93.812,0.404,0.010,-2.715,5.750,6.780,0.180,4.050,-2.850,0.820,26.250,-34.000,-10.188,1.690,9.630,-0.640,26,3,0,0,3
26926,282.500,8.500,-94.062,0.556,0.249,-2.608,5.670,6.370,0.570,4.220,-3.300,1.270,26.250,-34.000,-10.188,1.450,9.670,-0.690,26,3,0,0,3
26937,283.562,7.188,-94.312,0.572,0.436,-2.447,5.960,5.910,0.630,4.730,-3.780,1.370,26.250,-34.000,-10.188,1.220,9.700,-0.730,26,3,0,0,3
26947,284.500,5.875,-94.562,0.541,0.554,-2.364,6.620,5.870,0.970,5.610,-3.850,1.760,26.250,-34.000,-10.188,1.010,9.720,-0.780,26,3,0,0,3
26955,285.438,4.625,-94.812,0.506,0.499,-2.340,7.230,5.640,1.000,6.430,-4.090,1.830,30.875,-30.688,-10.188,0.790,9.730,-0.820,26,3,0,0,3
26963,285.438,4.625,-94.812,0.506,0.499,-2.340,6.780,5.240,0.990,6.430,-4.090,1.830,30.875,-30.688,-10.188,0.580,9.750,-0.870,26,3,0,0,3
26970,286.438,3.375,-95.125,0.566,0.430,-2.307,5.890,5.070,0.960,5.530,-4.670,1.900,30.875,-30.688,-10.188,0.360,9.750,-0.930,26,3,0,0,3
26981,287.438,2.125,-95.500,0.678,0.416,-2.308,5.310,4.880,1.080,5.170,-4.860,2.080,30.875,-30.688,-10.188,0.140,9.750,-1.000,26,3,0,0,3
26991,288.438,0.812,-95.875,0.701,0.501,-2.350,5.520,4.190,1.770,5.580,-5.540,2.840,30.875,-30.688,-10.188,-0.060,9.740,-1.060,26,3,0,0,3
27001,289.312,-0.375,-96.188,0.662,0.673,-2.350,5.850,3.940,1.990,5.580,-5.540,2.840,30.875,-30.688,-10.188,-0.270,9.730,-1.120,26,3,0,0,3
27008,290.125,-1.562,-96.562,0.617,0.793,-2.303,5.850,3.940,1.990,6.130,-5.790,3.120,34.875,-25.875,-7.688,-0.270,9.730,-1.120,26,3,0,0,3
27016,290.812,-2.688,-96.875,0.532,0.844,-2.174,6.070,3.730,2.400,6.540,-5.980,3.580,34.875,-25.875,-7.688,-0.470,9.720,-1.170,26,3,0,0,3
27026,291.438,-3.812,-97.125,0.421,0.833,-2.077,6.460,3.560,2.690,7.120,-6.140,3.910,34.875,-25.875,-7.688,-0.650,9.700,-1.220,26,3,0,0,3
27037,292.125,-4.875,-97.375,0.300,0.723,-2.025,7.750,3.070,3.070,8.580,-6.610,4.330,34.875,-25.875,-7.688,-1.010,9.660,-1.270,26,3,0,0,3
27048,292.938,-5.938,-97.500,0.153,0.540,-2.003,8.100,3.010,2.980,9.120,-6.650,4.260,34.875,-25.875,-7.688,-1.010,9.660,-1.270,26,3,0,0,3
27055,293.812,-7.000,-97.500,-0.037,0.362,-1.998,8.550,2.880,2.820,9.750,-6.760,4.100,36.688,-23.062,-6.875,-1.200,9.640,-1.270,26,3,0,0,3
27063,293.812,-7.000,-97.500,-0.037,0.362,-1.998,8.590,2.870,2.200,9.970,-6.750,3.460,36.688,-23.062,-6.875,-1.370,9.620,-1.250,26,3,0,0,3
27071,294.750,-8.062,-97.375,-0.259,0.197,-1.925,7.680,3.050,1.470,9.220,-6.550,2.680,36.688,-23.062,-6.875,-1.540,9.600,-1.210,26,3,0,0,3
27081,295.625,-9.000,-97.188,-0.435,0.136,-1.797,6.680,3.800,1.080,8.380,-5.780,2.240,36.688,-23.062,-6.875,-1.700,9.580,-1.150,26,3,0,0,3
27091,296.500,-9.938,-96.812,-0.648,-0.024,-1.682,5.260,4.820,1.170,7.120,-4.740,2.250,36.688,-23.062,-6.875,-1.850,9.560,-1.080,26,3,0,0,3
27101,297.438,-10.875,-96.438,-0.759,-0.272,-1.633,5.260,4.820,1.170,7.120,-4.740,2.250,36.688,-23.062,-6.875,-2.010,9.540,-1.000,26,3,0,0,3
27109,298.625,-11.812,-95.938,-0.740,-0.567,-1.646,0.290,7.730,0.440,2.300,-1.800,1.440,39.250,-19.500,-6.500,-2.010,9.540,-1.000,26,3,0,0,3
27116,299.750,-12.688,-95.562,-0.586,-0.548,-1.558,-2.820,9.630,-2.360,-0.650,0.110,-1.420,39.250,-19.500,-6.500,-2.160,9.510,-0.930,26,3,0,0,3
27126,300.438,-13.562,-95.562,-0.084,0.250,-1.554,-4.970,11.090,-6.910,-2.670,1.600,-5.980,39.250,-19.500,-6.500,-2.300,9.480,-0.930,26,3,0,0,3
27137,300.938,-14.438,-96.250,0.839,0.990,-1.721,-7.290,13.500,-11.980,-4.840,4.060,-10.950,39.250,-19.500,-6.500,-2.450,9.430,-1.030,26,3,0,0,3
27148,301.438,-15.312,-97.188,1.438,1.095,-1.714,-15.040,14.860,-5.200,-12.450,5.480,-4.010,39.250,-19.500,-6.500,-2.590,9.380,-1.190,26,3,0,0,3
27155,301.438,-16.062,-97.750,0.464,1.558,-1.524,-17.280,14.330,-1.410,-14.570,4.990,-0.130,41.188,-16.500,-8.500,-2.710,9.330,-1.270,26,3,0,0,3
27163,301.438,-16.062,-97.750,0.464,1.558,-1.524,-15.800,13.360,-3.140,-14.570,4.990,-0.130,41.188,-16.500,-8.500,-2.800,9.310,-1.260,26,3,0,0,3
27171,301.125,-16.625,-97.688,-0.549,1.509,-1.250,-16.700,11.200,-5.280,-13.820,1.910,-4.030,41.188,-16.500,-8.500,-2.880,9.280,-1.250,26,3,0,0,3
27181,301.562,-17.062,-97.688,-0.103,-0.041,-0.800,-21.940,11.550,-3.010,-19.010,2.280,-1.790,41.188,-16.500,-8.500,-2.930,9.270,-1.220,26,3,0,0,3
27191,302.688,-17.375,-97.500,0.111,-1.418,-0.412,-14.440,12.030,-2.010,-11.480,2.750,-0.850,41.188,-16.500,-8.500,-2.950,9.270,-1.150,26,3,0,0,3
27201,303.312,-17.500,-97.062,-0.381,-1.091,-0.106,-7.900,11.150,-0.950,-11.480,2.750,-0.850,41.188,-16.500,-8.500,-2.950,9.280,-1.070,26,3,0,0,3
27209,303.250,-17.500,-96.562,-0.831,-0.200,0.080,-7.900,11.150,-0.950,-4.940,1.860,0.120,42.500,-13.188,-5.688,-2.950,9.280,-1.070,26,3,0,0,3
27217,302.875,-17.438,-96.188,-0.841,0.355,0.005,-1.360,9.780,0.040,1.570,0.480,1.060,42.500,-13.188,-5.688,-2.940,9.290,-1.010,26,3,0,0,3
27227,302.312,-17.625,-95.875,-0.878,0.985,-0.380,1.040,9.090,0.550,4.010,-0.200,1.510,42.500,-13.188,-5.688,-2.970,9.290,-0.960,26,3,0,0,3
27237,301.438,-17.812,-95.625,-1.030,1.731,-0.562,3.910,8.910,1.570,6.920,-0.370,2.490,42.500,-13.188,-5.688,-3.000,9.290,-0.890,26,3,0,0,3
27248,300.125,-17.812,-95.438,-1.001,2.189,-0.195,5.850,8.080,4.270,8.850,-1.200,5.160,42.500,-13.188,-5.688,-3.000,9.290,-0.890,26,3,0,0,3
27256,298.812,-17.562,-95.500,-0.471,1.833,0.293,12.330,8.520,-6.600,15.290,-0.780,-5.700,42.500,-12.500,-6.875,-2.960,9.300,-0.900,26,3,0,0,3
27263,298.812,-17.562,-95.500,-0.471,1.833,0.293,9.950,11.460,-13.720,12.810,2.140,-12.690,42.500,-12.500,-6.875,-2.850,9.320,-1.020,26,3,0,0,3
27271,297.688,-16.875,-96.250,1.000,1.170,1.086,0.430,12.390,-14.230,3.130,3.050,-12.990,42.500,-12.500,-6.875,-2.690,9.340,-1.230,26,3,0,0,3
27281,296.500,-15.938,-97.500,2.021,1.117,1.608,-21.830,18.600,-3.770,-19.260,9.230,-2.400,42.500,-12.500,-6.875,-2.570,9.360,-1.360,26,3,0,0,3
27291,295.562,-15.188,-98.250,1.202,0.624,1.318,-16.230,24.480,-1.390,-13.740,15.100,0.000,42.500,-12.500,-6.875,-2.490,9.380,-1.390,26,3,0,0,3
27301,294.562,-14.688,-98.438,0.100,1.031,0.718,-16.230,24.480,-1.390,-13.740,15.100,0.000,42.500,-12.500,-6.875,-2.420,9.390,-1.380,26,3,0,0,3
27309,293.062,-14.312,-98.375,-0.601,1.894,0.427,-1.870,24.670,-1.910,0.550,15.280,-0.520,42.500,-13.188,-5.000,-2.420,9.390,-1.380,26,3,0,0,3
27317,291.438,-13.688,-98.125,-0.870,1.645,0.885,5.160,13.490,-0.460,7.490,4.060,0.880,42.500,-13.188,-5.000,-2.320,9.430,-1.340,26,3,0,0,3
27325,290.125,-12.938,-97.375,-1.474,0.639,1.233,14.830,2.970,4.110,17.040,-6.490,5.340,42.500,-13.188,-5.000,-2.200,9.470,-1.220,26,3,0,0,3
27335,288.938,-12.000,-96.375,-1.671,0.035,1.680,12.440,2.350,5.620,14.480,-7.170,6.700,42.500,-13.188,-5.000,-2.040,9.520,-1.070,26,3,0,0,3
27345,287.875,-11.250,-95.625,-1.349,0.099,1.452,10.080,1.730,6.660,12.000,-7.830,7.610,42.500,-13.188,-5.000,-1.910,9.570,-0.950,26,3,0,0,3
27353,287.875,-11.250,-95.625,-1.349,0.099,1.452,6.350,4.040,7.980,8.170,-5.550,8.840,42.500,-15.375,-1.750,-1.820,9.590,-0.850,26,3,0,0,3
27361,287.188,-10.688,-95.062,-1.010,0.067,0.963,6.350,4.040,7.980,8.170,-5.550,8.840,42.500,-15.375,-1.750,-1.770,9.600,-0.820,26,3,0,0,3
27369,286.938,-10.375,-94.875,-0.361,-0.065,0.543,2.070,9.620,3.060,3.850,0.010,3.890,42.500,-15.375,-1.750,-1.710,9.620,-0.790,26,3,0,0,3
27378,286.625,-10.062,-94.688,-0.263,-0.129,0.632,2.150,12.220,1.980,3.870,2.590,2.770,42.500,-15.375,-1.750,-1.610,9.640,-0.730,26,3,0,0,3
27389,286.000,-9.438,-94.312,-0.664,-0.070,1.077,8.740,12.480,1.810,5.240,4.680,2.630,42.500,-15.375,-1.750,-1.460,9.670,-0.640,26,3,0,0,3
27405,284.875,-8.562,-93.750,-0.956,0.310,1.977,8.920,10.060,1.700,10.190,0.350,2.260,41.375,-17.250,-2.562,-1.270,9.700,-0.550,26,3,0,0,3
27412,283.562,-7.438,-93.250,-0.956,0.310,1.977,7.420,8.480,1.240,10.190,0.350,2.260,41.375,-17.250,-2.562,-1.110,9.730,-0.490,26,3,0,0,3
27420,282.438,-6.500,-92.938,-0.625,0.192,1.730,6.240,8.420,1.010,8.530,-1.240,1.740,41.375,-17.250,-2.562,-1.000,9.740,-0.450,26,3,0,0,3
27429,281.875,-5.875,-92.625,-0.501,-0.218,1.146,3.860,10.190,1.590,7.250,-1.320,1.460,41.375,-17.250,-2.562,-0.920,9.750,-0.380,26,3,0,0,3
27440,281.750,-5.375,-92.250,-0.615,-0.677,0.874,1.380,11.620,1.850,4.790,0.430,1.980,41.375,-17.250,-2.562,-0.840,9.760,-0.290,26,3,0,0,3
27451,281.875,-4.938,-91.688,-0.829,-1.100,0.873,1.380,11.620,1.850,2.230,1.860,2.150,41.375,-17.250,-2.562,-0.840,9.760,-0.290,26,3,0,0,3
27459,281.938,-4.438,-91.125,-0.963,-1.119,0.876,-0.180,11.630,2.130,0.570,1.860,2.320,39.562,-19.500,-2.562,-0.760,9.770,-0.190,26,3,0,0,3
27466,281.812,-3.938,-90.500,-1.046,-0.774,0.952,-0.490,9.980,1.300,0.180,0.200,1.390,39.562,-19.500,-2.562,-0.670,9.780,-0.090,26,3,0,0,3
27475,281.812,-3.938,-90.500,-1.019,-0.384,1.047,-0.210,9.780,0.980,0.360,0.000,0.980,39.562,-19.500,-2.562,-0.570,9.780,0.000,26,3,0,0,3
27485,281.438,-3.375,-89.938,-0.856,-0.026,1.261,0.460,8.720,1.130,0.920,-1.060,1.050,39.562,-19.500,-2.562,-0.450,9.790,0.080,26,3,0,0,3
27495,280.688,-2.625,-89.438,-0.868,0.022,1.371,1.300,8.980,1.240,1.630,-0.810,1.080,39.562,-19.500,-2.562,-0.320,9.790,0.160,26,3,0,0,3
27503,279.938,-1.875,-89.000,-0.868,0.022,1.371,3.120,9.080,1.940,1.630,-0.810,1.080,39.188,-21.688,-5.000,-0.190,9.800,0.240,26,3,0,0,3
27511,279.188,-1.125,-88.562,-0.794,-0.032,1.406,3.120,9.080,1.940,3.320,-0.710,1.700,39.188,-21.688,-5.000,-0.050,9.800,0.310,26,3,0,0,3
27519,278.500,-0.312,-88.125,-0.699,-0.248,1.429,2.950,9.190,1.740,3.010,-0.600,1.430,39.188,-21.688,-5.000,-0.050,9.800,0.310,26,3,0,0,3
27528,278.000,0.438,-87.812,-0.616,-0.518,1.432,2.430,9.520,1.030,2.350,-0.270,0.660,39.188,-21.688,-5.000,0.210,9.790,0.420,26,3,0,0,3
27539,277.500,1.250,-87.500,-0.545,-0.651,1.455,0.320,9.610,-0.090,0.820,0.040,0.060,39.188,-21.688,-5.000,0.350,9.780,0.460,26,3,0,0,3
27550,277.062,2.062,-87.250,-0.494,-0.647,1.417,0.320,9.610,-0.090,-0.030,-0.170,-0.550,39.188,-21.688,-5.000,0.350,9.780,0.460,26,3,0,0,3
27558,276.625,2.875,-86.938,-0.574,-0.633,1.417,0.440,9.510,-0.240,-0.040,-0.260,-0.760,37.000,-23.062,-5.688,0.490,9.780,0.510,26,3,0,0,3
27565,276.625,2.875,-86.938,-0.721,-0.584,1.425,1.040,9.200,-0.050,0.410,-0.560,-0.630,37.000,-23.062,-5.688,0.630,9.760,0.580,26,3,0,0,3
27573,276.188,3.688,-86.562,-0.721,-0.584,1.425,0.650,9.320,0.570,-0.110,-0.420,-0.090,37.000,-23.062,-5.688,0.770,9.750,0.660,26,3,0,0,3
27583,275.750,4.500,-86.062,-1.107,-0.616,1.419,0.740,9.220,1.180,-0.160,-0.500,0.420,37.000,-23.062,-5.688,0.900,9.730,0.760,26,3,0,0,3
27593,275.312,5.312,-85.438,-1.250,-0.729,1.386,0.790,8.920,1.510,-0.240,-0.790,0.640,37.000,-23.062,-5.688,1.040,9.710,0.870,26,3,0,0,3
27602,275.000,6.062,-84.812,-1.250,-0.729,1.386,0.570,8.960,1.640,-0.240,-0.790,0.640,37.000,-23.062,-5.688,1.180,9.680,1.000,26,3,0,0,3
27610,274.812,6.938,-84.062,-1.451,-0.939,1.443,0.570,8.960,1.640,-0.610,-0.710,0.630,35.188,-25.250,-8.500,1.180,9.680,1.000,26,3,0,0,3
27618,274.562,7.875,-83.250,-1.604,-1.069,1.548,-0.690,10.080,1.160,-2.030,0.440,0.020,35.188,-25.250,-8.500,1.340,9.640,1.140,26,3,0,0,3
27627,274.312,8.812,-82.438,-1.557,-1.152,1.633,-1.690,10.500,0.980,-3.210,0.890,-0.280,35.188,-25.250,-8.500,1.510,9.600,1.260,26,3,0,0,3
27638,274.062,9.875,-81.750,-1.348,-1.142,1.688,-2.900,10.690,0.950,-4.580,1.120,-0.420,35.188,-25.250,-8.500,1.860,9.510,1.460,26,3,0,0,3
27649,273.562,10.938,-81.250,-1.096,-0.932,1.814,-4.070,10.160,1.080,-5.930,0.640,-0.370,35.188,-25.250,-8.500,1.860,9.510,1.460,26,3,0,0,3
27657,272.812,12.062,-80.750,-0.948,-0.598,2.005,-3.360,9.540,0.850,-5.420,0.080,-0.680,32.562,-27.562,-9.688,2.050,9.460,1.530,26,3,0,0,3
27664,272.812,12.062,-80.750,-0.948,-0.598,2.005,-2.200,9.440,0.520,-4.450,0.030,-1.080,32.562,-27.562,-9.688,2.240,9.400,1.610,26,3,0,0,3
27672,272.000,13.188,-80.250,-0.937,-0.362,2.008,-0.920,9.890,0.810,-3.330,0.530,-0.880,32.562,-27.562,-9.688,2.410,9.350,1.690,26,3,0,0,3
27682,271.188,14.188,-79.688,-0.934,-0.184,1.797,0.270,10.130,1.720,-2.270,0.830,-0.040,32.562,-27.562,-9.688,2.550,9.300,1.760,26,3,0,0,3
27693,270.500,15.062,-79.188,-0.862,-0.190,1.558,0.510,10.000,2.020,-2.160,0.750,0.180,32.562,-27.562,-9.688,2.680,9.250,1.830,26,3,0,0,3
27702,269.938,15.812,-78.750,-0.816,-0.164,1.369,0.510,10.000,2.020,-2.160,0.750,0.180,32.562,-27.562,-9.688,2.790,9.200,1.900,26,3,0,0,3
27710,269.125,16.562,-78.312,-0.762,-0.144,1.258,0.860,9.850,2.490,-1.930,0.650,0.590,30.062,-29.000,-10.875,2.790,9.200,1.900,26,3,0,0,3
27718,268.562,17.188,-77.875,-0.714,-0.087,1.233,1.440,10.000,2.600,-1.460,0.840,0.640,30.062,-29.000,-10.875,2.900,9.150,1.960,26,3,0,0,3
27727,268.000,17.938,-77.500,-0.626,-0.120,1.258,1.630,9.810,2.290,-1.380,0.700,0.280,30.062,-29.000,-10.875,3.020,9.100,2.010,26,3,0,0,3
27738,267.438,18.625,-77.188,-0.532,-0.224,1.333,0.900,9.980,1.800,-2.230,0.920,-0.250,30.062,-29.000,-10.875,3.140,9.050,2.050,26,3,0,0,3
27749,266.875,19.438,-76.938,-0.446,-0.363,1.418,0.180,10.300,1.460,-3.090,1.300,-0.610,30.062,-29.000,-10.875,3.270,9.000,2.080,26,3,0,0,3
27756,266.125,20.312,-76.750,-0.393,-0.512,1.443,-0.380,10.990,0.720,-3.790,2.040,-1.370,27.375,-30.750,-12.375,3.400,8.950,2.100,26,3,0,0,3
27764,266.125,20.312,-76.750,-0.393,-0.512,1.443,-0.650,11.340,0.100,-3.790,2.040,-1.370,27.375,-30.750,-12.375,3.540,8.890,2.100,26,3,0,0,3
27771,265.625,21.188,-76.625,-0.343,-0.657,1.452,-0.730,11.680,-0.740,-4.190,2.440,-2.000,27.375,-30.750,-12.375,3.680,8.830,2.100,26,3,0,0,3
27781,265.250,22.062,-76.562,-0.260,-0.798,1.442,-0.640,11.710,-0.930,-4.420,2.840,-2.850,27.375,-30.750,-12.375,3.820,8.780,2.080,26,3,0,0,3
27791,264.812,22.938,-76.625,-0.156,-0.880,1.426,-0.140,11.800,-1.450,-4.470,2.920,-3.020,27.375,-30.750,-12.375,3.960,8.720,2.060,26,3,0,0,3
27802,264.438,23.812,-76.688,-0.118,-0.920,1.413,-0.140,11.800,-1.450,-4.100,3.070,-3.510,27.375,-30.750,-12.375,4.100,8.670,2.020,26,3,0,0,3
27810,263.875,24.688,-76.812,-0.049,-1.018,1.396,0.310,11.690,-1.470,-3.790,3.010,-3.490,24.750,-33.000,-13.688,4.100,8.670,2.020,26,3,0,0,3
27817,263.625,25.625,-77.062,0.031,-1.180,1.390,0.280,11.200,-0.640,-3.950,2.590,-2.610,24.750,-33.000,-13.688,4.240,8.610,1.970,26,3,0,0,3
27826,263.625,25.625,-77.062,0.044,-1.298,1.354,-0.560,10.690,0.450,-4.940,2.130,-1.450,24.750,-33.000,-13.688,4.370,8.560,1.910,26,3,0,0,3
27836,263.188,27.312,-77.625,0.011,-1.234,1.254,-2.270,11.110,1.020,-6.780,2.600,-0.830,24.750,-33.000,-13.688,4.500,8.500,1.860,26,3,0,0,3
27846,263.000,28.062,-77.875,0.039,-1.142,1.113,-2.930,11.510,1.240,-7.550,3.050,-0.560,24.750,-33.000,-13.688,4.610,8.460,1.800,26,3,0,0,3
27854,263.000,28.062,-77.875,0.039,-1.142,1.113,-3.580,12.220,1.590,-7.550,3.050,-0.560,22.000,-33.375,-15.688,4.720,8.410,1.750,26,3,0,0,3
27862,262.750,28.750,-78.188,0.093,-1.026,1.077,-3.580,12.220,1.590,-8.310,3.800,-0.150,22.000,-33.375,-15.688,4.840,8.350,1.690,26,3,0,0,3
27869,262.312,29.562,-78.500,0.201,-0.852,1.314,-5.660,12.490,2.580,-10.500,4.130,0.880,22.000,-33.375,-15.688,4.970,8.290,1.630,26,3,0,0,3
27879,261.750,30.438,-78.812,0.338,-0.782,1.449,-7.060,12.950,1.810,-12.040,4.660,0.170,22.000,-33.375,-15.688,5.080,8.230,1.560,26,3,0,0,3
27890,261.250,31.250,-79.250,0.447,-0.781,1.285,-7.560,14.000,0.720,-13.220,5.140,-0.390,22.000,-33.375,-15.688,5.150,8.210,1.480,26,3,0,0,3
27901,261.000,31.688,-79.750,0.539,-0.698,0.690,-7.560,14.000,0.720,-12.710,5.790,-0.750,22.000,-33.375,-15.688,5.150,8.210,1.480,26,3,0,0,3
27909,260.562,31.938,-80.562,1.018,-0.767,0.392,-8.340,14.780,-1.970,-13.540,6.570,-3.330,18.562,-36.250,-15.688,5.190,8.200,1.360,26,3,0,0,3
27916,260.438,32.250,-81.875,1.770,-1.167,0.332,-9.010,14.500,-3.230,-14.250,6.290,-4.390,18.562,-36.250,-15.688,5.230,8.200,1.160,26,3,0,0,3
27924,260.438,32.250,-81.875,2.184,-1.484,0.193,-8.970,14.350,-4.050,-14.240,6.120,-4.960,18.562,-36.250,-15.688,5.260,8.220,0.910,26,3,0,0,3
27934,260.312,32.438,-83.625,2.367,-1.295,-0.140,-6.530,13.670,-4.110,-11.800,5.420,-4.770,18.562,-36.250,-15.688,5.260,8.240,0.660,26,3,0,0,3
27944,260.312,32.438,-85.375,2.278,-0.817,-0.527,-2.130,13.770,-2.200,-7.360,5.490,-2.640,18.562,-36.250,-15.688,5.220,8.280,0.430,26,3,0,0,3
27953,260.312,32.188,-86.938,2.278,-0.817,-0.527,0.790,13.580,0.870,-7.360,5.490,-2.640,18.562,-36.250,-15.688,5.180,8.310,0.280,26,3,0,0,3
27961,260.188,31.938,-88.062,1.794,-0.216,-0.505,0.790,13.580,0.870,-4.390,5.270,0.590,16.500,-38.062,-14.500,5.180,8.310,0.280,26,3,0,0,3
27969,260.062,31.625,-88.562,1.050,0.255,-0.489,2.560,13.710,3.130,-2.580,5.360,2.920,16.500,-38.062,-14.500,5.080,8.380,0.210,26,3,0,0,3
27979,260.000,31.188,-88.500,0.424,0.765,-0.733,4.210,11.910,3.540,-0.870,3.530,3.330,16.500,-38.062,-14.500,5.000,8.420,0.260,26,3,0,0,3
27990,260.000,30.625,-88.188,0.026,1.100,-0.988,7.740,13.200,2.140,0.360,3.670,1.690,16.500,-38.062,-14.500,4.860,8.500,0.290,26,3,0,0,3
28001,260.312,29.688,-87.938,0.280,1.178,-1.644,7.740,13.200,2.140,2.880,4.690,1.840,16.500,-38.062,-14.500,4.860,8.500,0.290,26,3,0,0,3
28009,261.125,28.438,-88.062,0.480,0.683,-2.308,8.900,14.190,4.540,4.220,5.580,4.250,16.750,-40.250,-12.500,4.670,8.610,0.280,26,3,0,0,3
28016,261.125,28.438,-88.062,0.595,0.654,-2.606,13.180,16.530,1.250,8.730,7.800,0.980,16.750,-40.250,-12.500,4.450,8.730,0.260,26,3,0,0,3
28025,262.125,27.000,-88.188,0.893,0.193,-2.426,11.210,16.930,1.610,6.970,8.090,1.410,16.750,-40.250,-12.500,4.240,8.830,0.200,26,3,0,0,3
28035,263.188,25.625,-88.688,1.041,-0.440,-2.135,9.390,17.370,2.690,5.330,8.450,2.590,16.750,-40.250,-12.500,4.060,8.920,0.090,26,3,0,0,3
28046,264.312,24.438,-89.375,1.042,-0.750,-1.892,9.460,16.100,0.260,5.560,7.100,0.280,16.750,-40.250,-12.500,3.890,8.990,-0.020,26,3,0,0,3
28054,265.500,23.375,-90.125,1.042,-0.750,-1.892,9.850,14.170,1.090,5.560,7.100,0.280,21.688,-37.375,-11.250,3.740,9.060,-0.140,26,3,0,0,3
28062,266.562,22.438,-90.938,1.132,-0.660,-1.739,9.850,14.170,1.090,6.100,5.110,1.240,21.688,-37.375,-11.250,3.590,9.120,-0.250,26,3,0,0,3
28069,267.562,21.438,-91.562,0.969,-0.461,-1.750,9.980,12.150,1.420,6.390,3.030,1.670,21.688,-37.375,-11.250,3.410,9.180,-0.320,26,3,0,0,3
28080,268.750,20.312,-92.000,0.697,-0.372,-1.984,8.260,7.070,0.890,6.290,0.850,1.200,21.688,-37.375,-11.250,3.200,9.260,-0.380,26,3,0,0,3
28090,270.125,19.000,-92.375,0.556,-0.359,-2.367,7.110,6.730,0.870,5.060,-2.180,1.280,21.688,-37.375,-11.250,2.970,9.330,-0.430,26,3,0,0,3
28101,271.688,17.625,-92.625,0.370,-0.427,-2.534,7.110,6.730,0.870,4.130,-2.590,1.300,21.688,-37.375,-11.250,2.970,9.330,-0.430,26,3,0,0,3
28109,273.438,16.125,-92.750,0.101,-0.528,-2.621,6.870,7.250,0.620,4.130,-2.140,1.070,24.750,-34.375,-10.188,2.730,9.400,-0.450,26,3,0,0,3
28117,275.188,14.625,-92.875,0.111,-0.463,-2.727,6.990,7.000,0.810,4.510,-2.470,1.290,24.750,-34.375,-10.188,2.480,9.470,-0.470,26,3,0,0,3
28125,275.188,14.625,-92.875,0.226,-0.379,-2.846,6.510,7.730,1.200,4.290,-1.800,1.710,24.750,-34.375,-10.188,2.210,9.530,-0.500,26,3,0,0,3
28135,276.938,13.062,-93.000,0.295,-0.311,-2.911,5.760,7.170,1.210,3.810,-2.420,1.750,24.750,-34.375,-10.188,1.940,9.590,-0.540,26,3,0,0,3
28146,278.688,11.438,-93.188,0.345,-0.185,-2.896,5.230,6.670,1.020,3.550,-2.970,1.600,24.750,-34.375,-10.188,1.670,9.640,-0.570,26,3,0,0,3
28154,280.375,9.812,-93.375,0.345,-0.185,-2.896,5.100,6.920,0.960,3.550,-2.970,1.600,28.500,-31.875,-10.188,1.410,9.680,-0.620,26,3,0,0,3
28162,281.750,8.250,-93.625,0.466,0.059,-2.751,5.100,6.920,0.960,3.680,-2.750,1.580,28.500,-31.875,-10.188,1.410,9.680,-0.620,26,3,0,0,3
28170,282.875,6.938,-93.938,0.620,0.345,-2.453,5.540,6.470,1.040,4.360,-3.230,1.710,28.500,-31.875,-10.188,1.180,9.710,-0.670,26,3,0,0,3
28179,283.875,5.688,-94.250,0.647,0.456,-2.294,6.480,5.900,1.060,5.510,-3.820,1.790,28.500,-31.875,-10.188,0.770,9.740,-0.790,26,3,0,0,3
28190,284.750,4.500,-94.625,0.716,0.492,-2.224,6.570,4.810,1.190,6.070,-4.000,1.950,28.500,-31.875,-10.188,0.570,9.750,-0.860,26,3,0,0,3
28201,285.625,3.312,-95.000,0.779,0.471,-2.160,6.570,4.810,1.190,6.000,-4.930,2.050,28.500,-31.875,-10.188,0.570,9.750,-0.860,26,3,0,0,3
28208,286.375,2.125,-95.500,0.821,0.436,-2.148,5.910,4.470,1.320,5.540,-5.280,2.260,33.250,-27.875,-9.750,0.370,9.750,-0.930,26,3,0,0,3
28216,286.375,2.125,-95.500,0.825,0.497,-2.233,5.580,4.350,1.430,5.410,-5.390,2.440,33.250,-27.875,-9.750,0.160,9.750,-1.010,26,3,0,0,3
28224,287.312,0.938,-95.938,0.825,0.497,-2.233,5.880,4.010,1.720,5.920,-5.720,2.810,33.250,-27.875,-9.750,-0.040,9.740,-1.080,26,3,0,0,3
28234,288.125,-0.250,-96.312,0.773,0.633,-2.282,6.360,3.820,2.060,6.610,-5.910,3.210,33.250,-27.875,-9.750,-0.240,9.730,-1.150,26,3,0,0,3
28244,288.938,-1.438,-96.750,0.695,0.768,-2.253,6.790,3.590,2.440,7.240,-6.120,3.660,33.250,-27.875,-9.750,-0.440,9.720,-1.210,26,3,0,0,3
28253,289.625,-2.562,-97.125,0.605,0.814,-2.169,7.090,3.300,2.860,7.240,-6.120,3.660,33.250,-27.875,-9.750,-0.620,9.700,-1.260,26,3,0,0,3
28261,290.250,-3.625,-97.375,0.440,0.758,-2.067,7.090,3.300,2.860,7.710,-6.390,4.120,35.750,-25.250,-8.875,-0.620,9.700,-1.260,26,3,0,0,3
28269,291.062,-4.750,-97.562,0.264,0.592,-2.051,8.020,2.910,2.790,8.830,-6.770,4.080,35.750,-25.250,-8.875,-0.810,9.680,-1.280,26,3,0,0,3
28278,292.000,-5.875,-97.625,0.116,0.374,-2.105,8.560,2.670,2.480,9.570,-6.990,3.780,35.750,-25.250,-8.875,-1.000,9.660,-1.300,26,3,0,0,3
28288,293.125,-7.000,-97.625,-0.040,0.127,-2.139,8.790,2.430,2.030,10.000,-7.210,3.330,35.750,-25.250,-8.875,-1.200,9.640,-1.300,26,3,0,0,3
28299,294.312,-8.188,-97.562,-0.226,-0.057,-2.129,8.500,2.320,1.690,9.910,-7.290,2.970,35.750,-25.250,-8.875,-1.400,9.620,-1.270,26,3,0,0,3
28307,294.312,-8.188,-97.562,-0.464,-0.213,-2.070,7.180,3.220,1.700,8.780,-6.360,2.930,39.062,-21.688,-7.375,-1.590,9.590,-1.230,26,3,0,0,3
28314,295.500,-9.375,-97.312,-0.464,-0.213,-2.070,6.190,4.350,1.690,8.780,-6.360,2.930,39.062,-21.688,-7.375,-1.780,9.570,-1.150,26,3,0,0,3
28322,296.812,-10.438,-96.812,-0.805,-0.478,-1.939,4.420,5.170,2.130,7.970,-5.220,2.850,39.062,-21.688,-7.375,-1.950,9.550,-1.040,26,3,0,0,3
28331,298.125,-11.500,-96.250,-0.983,-0.718,-1.800,-0.980,7.260,1.570,6.380,-4.380,3.180,39.062,-21.688,-7.375,-2.110,9.520,-0.940,26,3,0,0,3
28342,299.312,-12.438,-95.625,-0.989,-0.730,-1.609,-3.490,9.790,-1.620,1.120,-2.260,2.510,39.062,-21.688,-7.375,-2.250,9.500,-0.840,26,3,0,0,3
28353,300.250,-13.250,-95.062,-0.912,-0.400,-1.520,-3.490,9.790,-1.620,-1.230,0.290,-0.770,39.062,-21.688,-7.375,-2.410,9.460,-0.810,26,3,0,0,3
28360,301.000,-14.250,-94.875,-0.443,0.325,-1.782,-5.790,13.630,-8.010,-3.370,4.160,-7.200,41.562,-16.875,-8.062,-2.410,9.460,-0.810,26,3,0,0,3
28368,301.812,-15.312,-95.500,0.874,0.741,-1.995,-9.710,16.700,-11.360,-7.110,7.290,-10.450,41.562,-16.875,-8.062,-2.590,9.410,-0.910,26,3,0,0,3
28377,302.625,-16.375,-96.750,1.866,1.103,-2.026,-17.420,15.990,-3.150,-14.660,6.650,-2.040,41.562,-16.875,-8.062,-2.760,9.340,-1.110,26,3,0,0,3
28387,302.688,-17.188,-97.562,0.921,1.724,-1.713,-16.180,13.590,-0.910,-13.280,4.310,0.320,41.562,-16.875,-8.062,-2.900,9.280,-1.240,26,3,0,0,3
28397,302.188,-17.688,-97.625,-0.443,1.673,-1.097,-13.180,10.960,-3.540,-10.200,1.700,-2.290,41.562,-16.875,-8.062,-2.980,9.250,-1.240,26,3,0,0,3
28405,302.188,-17.688,-97.625,-0.443,1.673,-1.097,-20.470,8.920,-4.850,-17.410,-0.310,-3.610,43.062,-14.000,-8.062,-3.050,9.230,-1.230,26,3,0,0,3
28413,302.688,-18.125,-97.562,-0.119,-0.249,-0.813,-20.470,8.920,-4.850,-17.410,-0.310,-3.610,43.062,-14.000,-8.062,-3.120,9.210,-1.190,26,3,0,0,3
28421,304.000,-18.500,-97.312,0.115,-1.648,-0.509,-19.610,11.340,-3.220,-16.490,2.120,-2.030,43.062,-14.000,-8.062,-3.120,9.210,-1.190,26,3,0,0,3
28430,304.750,-18.750,-96.938,-0.284,-1.246,-0.205,-13.780,12.640,-1.800,-10.620,3.420,-0.670,43.062,-14.000,-8.062,-3.150,9.220,-1.050,26,3,0,0,3
28441,304.750,-18.750,-96.500,-0.748,-0.202,-0.023,-3.030,10.250,0.010,-5.300,2.110,0.690,43.062,-14.000,-8.062,-3.160,9.220,-0.990,26,3,0,0,3
28452,304.375,-18.812,-96.125,-0.825,0.471,-0.170,-3.030,10.250,0.010,0.130,1.020,1.010,43.062,-14.000,-8.062,-3.160,9.220,-0.990,26,3,0,0,3
28459,303.875,-19.062,-95.875,-0.842,1.168,-0.532,-1.130,9.310,0.660,2.070,0.090,1.620,43.062,-11.062,-6.875,-3.200,9.210,-0.950,26,3,0,0,3
28467,303.875,-19.062,-95.875,-0.968,2.022,-0.617,1.240,8.460,2.320,4.490,-0.740,3.250,43.062,-11.062,-6.875,-3.240,9.200,-0.930,26,3,0,0,3
28475,302.812,-19.250,-95.750,-0.968,2.022,-0.617,2.610,7.410,4.980,5.850,-1.790,5.900,43.062,-11.062,-6.875,-3.240,9.200,-0.920,26,3,0,0,3
28485,301.062,-19.250,-95.688,-1.128,2.895,-0.274,12.330,6.480,-1.680,15.520,-2.740,-0.750,43.062,-11.062,-6.875,-3.190,9.220,-0.930,26,3,0,0,3
28495,299.062,-18.938,-95.750,-0.937,2.919,0.239,15.140,8.920,-10.160,18.210,-0.330,-9.150,43.062,-11.062,-6.875,-3.070,9.250,-1.010,26,3,0,0,3
28504,297.375,-18.250,-96.188,0.223,1.986,1.062,7.540,10.620,-13.120,18.210,-0.330,-9.150,43.062,-11.062,-6.875,-2.890,9.290,-1.210,26,3,0,0,3
28512,295.562,-17.125,-97.375,1.677,1.653,1.835,7.540,10.620,-13.120,10.440,1.330,-11.900,44.562,-10.750,-5.000,-2.890,9.290,-1.210,26,3,0,0,3
28520,294.188,-16.188,-98.375,1.450,1.305,1.619,-17.350,16.430,-7.800,-14.610,7.110,-6.420,44.562,-10.750,-5.000,-2.730,9.310,-1.370,26,3,0,0,3
28529,293.250,-15.625,-98.875,0.684,0.913,0.850,-22.520,22.330,-3.730,-19.870,13.000,-2.270,44.562,-10.750,-5.000,-2.640,9.320,-1.460,26,3,0,0,3
28540,292.188,-15.312,-99.000,-0.095,1.393,0.305,-13.530,27.600,-2.160,-10.930,18.260,-0.680,44.562,-10.750,-5.000,-2.500,9.360,-1.480,26,3,0,0,3
28550,290.312,-14.750,-99.000,-0.615,2.246,0.693,-1.790,19.390,-3.240,0.700,10.020,-1.750,44.562,-10.750,-5.000,-2.500,9.360,-1.480,26,3,0,0,3
28558,288.500,-14.062,-98.562,-1.270,1.865,1.011,14.180,4.770,2.710,16.570,-4.620,4.130,43.750,-13.688,-4.188,-2.380,9.400,-1.410,26,3,0,0,3
28566,288.500,-14.062,-98.562,-1.270,1.865,1.011,13.970,1.720,4.650,16.570,-4.620,4.130,43.750,-13.688,-4.188,-2.240,9.450,-1.280,26,3,0,0,3
28573,287.062,-13.250,-97.688,-1.635,0.686,1.392,11.440,0.830,5.990,16.220,-7.730,5.940,43.750,-13.688,-4.188,-2.100,9.510,-1.130,26,3,0,0,3
28583,285.875,-12.375,-96.812,-1.616,0.168,1.544,9.750,1.450,7.190,11.760,-8.090,8.200,43.750,-13.688,-4.188,-2.000,9.540,-1.010,26,3,0,0,3
28593,284.938,-11.750,-96.062,-1.400,0.240,1.086,3.410,7.980,5.820,5.350,-1.580,6.750,43.750,-13.688,-4.188,-1.930,9.560,-0.930,26,3,0,0,3
28603,284.438,-11.375,-95.500,-0.897,-0.024,0.689,3.410,7.980,5.820,5.350,-1.580,6.750,43.750,-13.688,-4.188,-1.890,9.570,-0.890,26,3,0,0,3
28611,284.312,-11.125,-95.312,-0.316,-0.111,0.484,2.470,10.800,2.980,4.360,1.220,3.880,43.750,-15.500,-0.562,-1.890,9.570,-0.890,26,3,0,0,3
28619,283.938,-10.688,-95.062,-0.424,-0.118,0.723,1.160,12.850,2.460,2.990,3.260,3.320,43.750,-15.500,-0.562,-1.820,9.590,-0.850,26,3,0,0,3
28628,283.312,-10.188,-94.625,-0.803,0.013,0.933,3.480,14.860,1.010,5.220,5.240,1.800,43.750,-15.500,-0.562,-1.740,9.610,-0.780,26,3,0,0,3
28637,282.375,-9.562,-94.125,-0.912,0.375,1.114,6.360,13.040,1.070,8.000,3.390,1.770,43.750,-15.500,-0.562,-1.630,9.640,-0.700,26,3,0,0,3
28647,281.250,-8.750,-93.750,-0.817,0.531,1.414,7.780,10.690,1.500,9.280,1.020,2.130,43.750,-15.500,-0.562,-1.490,9.670,-0.630,26,3,0,0,3
28655,281.250,-8.750,-93.750,-0.817,0.531,1.414,8.310,8.670,1.580,9.280,1.020,2.130,43.000,-18.062,-1.000,-1.360,9.690,-0.570,26,3,0,0,3
28663,280.188,-8.000,-93.375,-0.714,0.339,1.385,8.310,8.670,1.580,9.680,-1.010,2.150,43.000,-18.062,-1.000,-1.240,9.710,-0.500,26,3,0,0,3
28671,279.438,-7.250,-92.938,-0.764,-0.009,1.263,6.380,9.240,1.490,7.630,-0.460,1.990,43.000,-18.062,-1.000,-1.140,9.730,-0.420,26,3,0,0,3
28681,278.938,-6.688,-92.438,-0.796,-0.293,1.134,4.070,11.170,1.700,6.380,0.600,2.120,43.000,-18.062,-1.000,-1.040,9.740,-0.320,26,3,0,0,3
28692,278.688,-6.125,-91.875,-0.968,-0.637,1.016,0.480,11.190,1.760,5.120,1.430,2.030,43.000,-18.062,-1.000,-0.960,9.750,-0.210,26,3,0,0,3
28703,278.562,-5.625,-91.250,-1.071,-0.842,0.933,0.480,11.190,1.760,1.440,1.430,1.980,43.000,-18.062,-1.000,-0.960,9.750,-0.210,26,3,0,0,3
28711,278.375,-5.062,-90.625,-1.057,-0.709,0.939,-0.540,10.520,1.680,0.320,0.760,1.790,40.875,-20.000,-1.000,-0.870,9.760,-0.100,26,3,0,0,3
28718,278.375,-5.062,-90.625,-1.012,-0.325,1.019,0.500,9.540,1.510,1.280,-0.220,1.520,40.875,-20.000,-1.000,-0.770,9.770,-0.010,26,3,0,0,3
28726,277.938,-4.500,-90.062,-1.071,-0.158,1.188,1.140,9.340,1.170,1.810,-0.440,1.080,40.875,-20.000,-1.000,-0.660,9.780,0.090,26,3,0,0,3
29350,269.438,17.625,-91.312,0.611,-0.062,-2.295,8.120,7.450,0.820,5.150,-1.880,1.040,21.062,-39.750,-11.750,2.970,9.340,-0.210,26,3,0,0,3
29358,269.438,17.625,-91.312,0.593,-0.228,-2.584,7.560,7.880,0.900,4.820,-1.520,1.170,24.375,-37.062,-9.000,2.730,9.410,-0.270,26,3,0,0,3
29366,270.875,16.188,-91.688,0.593,-0.228,-2.584,7.450,8.380,0.600,4.820,-1.520,1.170,24.375,-37.062,-9.000,2.480,9.480,-0.340,26,3,0,0,3
29374,272.562,14.625,-92.062,0.590,-0.397,-2.821,6.920,7.400,0.670,4.970,-1.090,0.950,24.375,-37.062,-9.000,2.210,9.540,-0.410,26,3,0,0,3
29384,274.250,13.062,-92.500,0.706,-0.409,-2.821,6.660,6.200,0.810,4.700,-2.130,1.080,24.375,-37.062,-9.000,1.960,9.590,-0.490,26,3,0,0,3
29394,275.875,11.562,-92.938,0.774,-0.316,-2.702,6.110,6.040,0.510,4.690,-3.390,1.310,24.375,-37.062,-9.000,1.720,9.630,-0.560,26,3,0,0,3
29410,278.688,8.688,-93.750,0.743,-0.094,-2.489,5.890,6.490,0.280,4.400,-3.170,0.920,29.188,-34.250,-9.375,1.490,9.670,-0.630,26,3,0,0,3
29417,278.688,8.688,-93.750,0.743,-0.094,-2.489,5.580,6.410,0.450,4.400,-3.170,0.920,29.188,-34.250,-9.375,1.260,9.690,-0.710,26,3,0,0,3
29425,279.875,7.375,-94.188,0.834,0.099,-2.374,6.200,5.380,0.720,5.140,-4.330,1.520,29.188,-34.250,-9.375,1.060,9.710,-0.790,26,3,0,0,3
29435,280.938,6.188,-94.625,0.865,0.200,-2.233,6.570,5.320,0.700,5.710,-4.400,1.570,29.188,-34.250,-9.375,0.850,9.720,-0.870,26,3,0,0,3
29445,282.000,5.000,-95.125,0.872,0.176,-2.184,6.780,5.120,0.860,6.130,-4.610,1.820,29.188,-34.250,-9.375,0.650,9.730,-0.950,26,3,0,0,3
29455,283.062,3.812,-95.625,0.923,0.154,-2.181,6.780,5.120,0.860,6.130,-4.610,1.820,29.188,-34.250,-9.375,0.440,9.730,-1.050,26,3,0,0,3
29463,284.188,2.562,-96.125,0.996,0.103,-2.210,5.970,4.810,0.900,5.520,-4.920,1.960,31.688,-31.750,-9.000,0.440,9.730,-1.050,26,3,0,0,3
29471,285.375,1.312,-96.750,1.067,0.106,-2.268,5.840,4.700,0.900,5.600,-5.030,2.050,31.688,-31.750,-9.000,0.230,9.730,-1.150,26,3,0,0,3
29481,286.500,0.062,-97.312,1.068,0.224,-2.317,5.750,4.520,1.090,5.730,-5.190,2.350,31.688,-31.750,-9.000,0.010,9.720,-1.250,26,3,0,0,3
29491,287.562,-1.062,-97.875,0.960,0.317,-2.218,5.780,3.940,1.660,5.970,-5.760,3.000,31.688,-31.750,-9.000,-0.180,9.710,-1.340,26,3,0,0,3
29502,288.562,-2.188,-98.312,0.772,0.277,-2.109,6.280,3.880,2.400,6.660,-5.810,3.820,31.688,-31.750,-9.000,-0.380,9.690,-1.410,26,3,0,0,3
29510,289.562,-3.312,-98.625,0.562,0.159,-2.050,6.810,3.710,2.300,7.380,-5.960,3.770,36.375,-28.000,-7.000,-0.570,9.670,-1.470,26,3,0,0,3
29517,289.562,-3.312,-98.625,0.562,0.159,-2.050,7.240,3.530,1.970,7.380,-5.960,3.770,36.375,-28.000,-7.000,-0.760,9.650,-1.510,26,3,0,0,3
29525,290.750,-4.438,-98.875,0.420,0.038,-2.054,7.400,3.160,1.600,8.000,-6.120,3.480,36.375,-28.000,-7.000,-0.960,9.630,-1.540,26,3,0,0,3
29535,291.938,-5.562,-99.062,0.331,-0.044,-2.103,6.920,2.990,1.260,8.080,-6.610,2.820,36.375,-28.000,-7.000,-1.160,9.610,-1.550,26,3,0,0,3
29545,293.188,-6.750,-99.188,0.196,-0.094,-2.124,6.930,2.840,1.280,8.290,-6.740,2.830,36.375,-28.000,-7.000,-1.360,9.580,-1.550,26,3,0,0,3
29555,294.438,-7.938,-99.188,-0.072,-0.094,-2.150,6.930,2.840,1.280,8.290,-6.740,2.830,36.375,-28.000,-7.000,-1.550,9.560,-1.510,26,3,0,0,3
29563,295.750,-9.125,-98.938,-0.381,-0.248,-2.093,5.840,3.330,0.970,7.400,-6.230,2.480,40.062,-24.375,-6.250,-1.550,9.560,-1.510,26,3,0,0,3
29571,297.000,-10.250,-98.625,-0.557,-0.335,-2.022,3.950,5.170,1.150,5.700,-4.360,2.600,40.062,-24.375,-6.250,-1.750,9.530,-1.450,26,3,0,0,3
29581,298.188,-11.312,-98.250,-0.734,-0.336,-1.890,2.070,5.440,1.550,4.000,-4.060,2.930,40.062,-24.375,-6.250,-1.920,9.510,-1.380,26,3,0,0,3
29592,299.125,-12.188,-97.625,-1.019,-0.324,-1.594,0.000,6.180,1.490,2.080,-3.310,2.780,40.062,-24.375,-6.250,-2.210,9.470,-1.180,26,3,0,0,3
29602,299.938,-13.000,-97.062,-1.036,-0.240,-1.427,-1.670,7.650,0.750,0.530,-1.820,1.930,40.062,-24.375,-6.250,-2.210,9.470,-1.180,26,3,0,0,3
29610,300.625,-13.812,-96.750,-0.660,0.011,-1.461,-4.030,12.680,-4.910,-1.680,3.230,-3.790,41.875,-19.688,-7.750,-2.340,9.450,-1.120,26,3,0,0,3
29618,300.625,-13.812,-96.750,-0.660,0.011,-1.461,-5.130,13.300,-7.040,-2.640,3.880,-5.910,41.875,-19.688,-7.750,-2.480,9.410,-1.130,26,3,0,0,3
29625,301.188,-14.688,-96.812,-0.007,0.532,-1.593,-7.730,14.380,-7.740,-5.100,5.010,-6.530,41.875,-19.688,-7.750,-2.620,9.370,-1.200,26,3,0,0,3
29635,301.625,-15.500,-97.312,0.566,0.933,-1.641,-12.990,12.980,-2.730,-10.220,3.660,-1.450,41.875,-19.688,-7.750,-2.760,9.320,-1.280,26,3,0,0,3
29646,302.188,-16.375,-97.812,0.634,0.754,-1.637,-10.840,10.650,-3.160,-7.950,1.380,-1.820,41.875,-19.688,-7.750,-2.890,9.270,-1.330,26,3,0,0,3
29655,302.562,-17.125,-98.188,0.308,0.891,-1.530,-10.840,10.650,-3.160,-7.950,1.380,-1.820,41.875,-19.688,-7.750,-2.980,9.230,-1.370,26,3,0,0,3
29663,302.812,-17.688,-98.375,0.149,0.685,-1.148,-10.530,10.250,-4.410,-7.540,1.010,-3.040,44.062,-16.688,-8.188,-2.980,9.230,-1.370,26,3,0,0,3
29671,303.125,-17.938,-98.438,0.033,-0.060,-0.454,-12.470,10.030,-4.020,-9.440,0.810,-2.650,44.062,-16.688,-8.188,-3.020,9.220,-1.370,26,3,0,0,3
29681,303.500,-18.062,-98.312,0.043,-0.595,-0.084,-14.010,11.820,-2.180,-10.960,2.600,-0.820,44.062,-16.688,-8.188,-3.040,9.220,-1.350,26,3,0,0,3
29692,303.875,-18.062,-98.188,-0.037,-0.649,0.070,-11.790,11.660,-1.470,-8.740,2.430,-0.130,44.062,-16.688,-8.188,-3.030,9.230,-1.300,26,3,0,0,3
29703,303.875,-18.000,-98.000,-0.214,-0.288,0.196,-8.560,10.870,-0.840,-5.530,1.640,0.450,44.062,-16.688,-8.188,-3.030,9.230,-1.300,26,3,0,0,3
29711,303.500,-17.812,-97.875,-0.384,0.256,0.230,-5.600,10.250,-0.460,-2.590,1.000,0.810,45.062,-14.875,-7.500,-3.000,9.240,-1.280,26,3,0,0,3
29718,303.500,-17.812,-97.875,-0.384,0.256,0.230,-0.290,9.090,0.450,2.680,-0.160,1.700,45.062,-14.875,-7.500,-2.970,9.250,-1.250,26,3,0,0,3
29726,302.812,-17.625,-97.688,-0.548,0.800,0.203,2.510,8.510,0.410,5.450,-0.750,1.640,45.062,-14.875,-7.500,-2.940,9.270,-1.230,26,3,0,0,3
29736,301.750,-17.438,-97.562,-0.684,1.325,0.239,5.670,7.310,1.530,8.560,-1.970,2.750,45.062,-14.875,-7.500,-2.880,9.290,-1.220,26,3,0,0,3
29746,300.375,-17.125,-97.438,-0.660,1.718,0.367,10.860,10.830,-7.920,13.680,1.520,-6.680,45.062,-14.875,-7.500,-2.820,9.300,-1.240,26,3,0,0,3
29756,299.000,-16.688,-97.562,-0.302,1.821,0.485,6.900,13.220,-12.630,13.680,1.520,-6.680,45.062,-14.875,-7.500,-2.730,9.320,-1.330,26,3,0,0,3
29764,297.750,-16.125,-98.125,0.593,1.468,0.796,6.900,13.220,-12.630,9.630,3.900,-11.290,46.875,-15.688,-7.500,-2.730,9.320,-1.330,26,3,0,0,3
29772,296.688,-15.438,-99.062,1.409,1.139,1.109,-3.420,13.740,-10.580,-0.800,4.410,-9.080,46.875,-15.688,-7.500,-2.610,9.330,-1.490,26,3,0,0,3
29781,295.938,-14.875,-99.750,1.050,0.720,0.920,-14.210,15.280,-7.230,-11.680,5.940,-5.620,46.875,-15.688,-7.500,-2.520,9.330,-1.600,26,3,0,0,3
29792,295.125,-14.500,-99.938,0.178,0.840,0.496,-12.400,21.640,-3.180,-9.940,12.290,-1.540,46.875,-15.688,-7.500,-2.460,9.340,-1.640,26,3,0,0,3
29803,294.000,-14.188,-99.938,-0.363,1.319,0.368,-4.200,18.610,-2.620,-1.790,9.250,-0.980,46.875,-15.688,-7.500,-2.410,9.360,-1.640,26,3,0,0,3
29810,292.938,-13.812,-99.688,-0.634,1.072,0.528,1.500,11.200,-0.860,3.840,1.810,0.740,48.375,-15.375,-5.062,-2.340,9.380,-1.600,26,3,0,0,3
29818,292.938,-13.812,-99.688,-0.634,1.072,0.528,9.960,4.070,3.360,3.840,1.810,0.740,48.375,-15.375,-5.062,-2.250,9.420,-1.510,26,3,0,0,3
29826,291.875,-13.250,-99.125,-1.145,0.600,0.904,10.790,3.710,4.770,12.930,-5.750,6.180,48.375,-15.375,-5.062,-2.140,9.460,-1.400,26,3,0,0,3
29836,290.875,-12.562,-98.375,-1.307,0.218,1.209,10.450,3.870,6.020,12.480,-5.620,7.320,48.375,-15.375,-5.062,-2.020,9.500,-1.290,26,3,0,0,3
29846,290.000,-11.938,-97.688,-1.206,0.088,1.194,9.060,4.410,7.010,11.010,-5.110,8.210,48.375,-15.375,-5.062,-1.940,9.530,-1.200,26,3,0,0,3
29856,289.312,-11.375,-97.125,-1.013,0.128,0.922,9.060,4.410,7.010,11.010,-5.110,8.210,48.375,-15.375,-5.062,-1.880,9.550,-1.130,26,3,0,0,3
29864,288.875,-11.062,-96.750,-0.709,-0.080,0.663,2.080,8.210,5.060,3.970,-1.340,6.190,46.062,-16.500,-3.875,-1.880,9.550,-1.130,26,3,0,0,3
29871,288.625,-10.750,-96.438,-0.501,-0.117,0.484,0.780,10.820,2.760,2.610,1.250,3.850,46.062,-16.500,-3.875,-1.830,9.570,-1.080,26,3,0,0,3
29882,288.250,-10.438,-96.188,-0.433,0.074,0.560,0.040,12.650,1.580,1.820,3.060,2.630,46.062,-16.500,-3.875,-1.780,9.580,-1.040,26,3,0,0,3
29892,287.562,-10.000,-95.875,-0.612,0.175,0.848,0.790,13.990,0.740,2.490,4.380,1.740,46.062,-16.500,-3.875,-1.580,9.630,-0.920,26,3,0,0,3
29903,286.500,-9.250,-95.438,-0.821,0.464,1.244,6.050,11.920,-0.160,7.640,2.280,0.750,46.062,-16.500,-3.875,-1.580,9.630,-0.920,26,3,0,0,3
29911,285.250,-8.438,-95.000,-0.884,0.612,1.494,8.410,9.950,0.170,9.850,0.280,1.020,45.688,-18.062,-3.562,-1.440,9.660,-0.850,26,3,0,0,3
29919,285.250,-8.438,-95.000,-0.884,0.612,1.494,7.250,8.830,0.610,8.550,-0.840,1.390,45.688,-18.062,-3.562,-1.290,9.680,-0.780,26,3,0,0,3
29926,284.125,-7.562,-94.562,-0.813,0.386,1.480,5.410,9.310,1.620,6.580,-0.390,2.320,45.688,-18.062,-3.562,-1.160,9.710,-0.700,26,3,0,0,3
29937,283.250,-6.812,-94.125,-0.805,0.007,1.414,3.960,10.090,1.850,5.020,0.360,2.470,45.688,-18.062,-3.562,-1.060,9.720,-0.610,26,3,0,0,3
29947,282.812,-6.188,-93.625,-0.894,-0.311,1.113,2.780,10.720,1.540,3.750,0.970,2.060,45.688,-18.062,-3.562,-0.970,9.740,-0.520,26,3,0,0,3
29956,282.500,-5.625,-93.000,-0.960,-0.548,1.021,2.780,10.720,1.540,3.750,0.970,2.060,45.688,-18.062,-3.562,-0.870,9.750,-0.420,26,3,0,0,3
29964,282.188,-5.062,-92.438,-0.977,-0.588,1.068,1.550,11.040,1.140,2.420,1.280,1.570,45.000,-20.875,-2.750,-0.870,9.750,-0.420,26,3,0,0,3
29972,281.750,-4.438,-91.938,-0.904,-0.430,1.110,0.520,10.320,0.850,1.290,0.550,1.180,45.000,-20.875,-2.750,-0.760,9.770,-0.330,26,3,0,0,3
29982,281.188,-3.812,-91.438,-0.869,-0.217,1.163,0.470,9.880,0.920,1.130,0.100,1.170,45.000,-20.875,-2.750,-0.650,9.780,-0.250,26,3,0,0,3
29993,280.500,-3.125,-90.938,-0.896,-0.061,1.251,0.830,9.340,1.100,1.370,-0.440,1.270,45.000,-20.875,-2.750,-0.410,9.790,-0.070,26,3,0,0,3
30004,279.750,-2.375,-90.438,-0.921,0.047,1.310,2.470,9.180,1.090,2.890,-0.610,1.170,45.000,-20.875,-2.750,-0.410,9.790,-0.070,26,3,0,0,3
30011,278.938,-1.625,-89.938,-0.866,0.061,1.368,2.450,9.330,1.140,2.730,-0.460,1.140,43.875,-22.750,-5.875,-0.280,9.800,0.000,26,3,0,0,3
30019,278.938,-1.625,-89.938,-0.866,0.061,1.368,2.310,9.300,1.070,2.460,-0.490,0.990,43.875,-22.750,-5.875,-0.150,9.800,0.070,26,3,0,0,3
30027,278.188,-0.875,-89.500,-0.776,-0.064,1.383,2.230,9.410,0.800,2.260,-0.380,0.660,43.875,-22.750,-5.875,-0.020,9.800,0.140,26,3,0,0,3
30037,277.625,-0.125,-89.125,-0.687,-0.287,1.323,1.040,9.790,-0.190,0.940,-0.010,-0.390,43.875,-22.750,-5.875,0.090,9.800,0.200,26,3,0,0,3
30047,277.125,0.500,-88.812,-0.627,-0.491,1.307,0.150,9.960,-0.440,-0.070,0.160,-0.690,43.875,-22.750,-5.875,0.220,9.800,0.250,26,3,0,0,3
30057,276.750,1.250,-88.500,-0.555,-0.571,1.340,-0.660,9.810,-0.560,-0.070,0.160,-0.690,43.875,-22.750,-5.875,0.350,9.790,0.290,26,3,0,0,3
30064,276.250,2.062,-88.250,-0.454,-0.550,1.418,-0.660,9.810,-0.560,-1.020,0.020,-0.860,42.062,-24.562,-5.875,0.350,9.790,0.290,26,3,0,0,3
30072,275.688,2.875,-88.062,-0.382,-0.432,1.417,-0.560,9.730,-0.430,-1.050,-0.050,-0.760,42.062,-24.562,-5.875,0.490,9.780,0.320,26,3,0,0,3
30082,275.125,3.625,-87.812,-0.398,-0.349,1.405,-0.820,8.640,0.020,-1.450,-1.130,-0.340,42.062,-24.562,-5.875,0.620,9.770,0.360,26,3,0,0,3
30092,274.562,4.438,-87.438,-0.750,-0.371,1.406,-0.740,8.750,0.510,-1.500,-1.010,0.080,42.062,-24.562,-5.875,0.890,9.750,0.520,26,3,0,0,3
30103,274.062,5.188,-86.875,-1.029,-0.340,1.361,-0.260,8.930,1.020,-1.160,-0.810,0.500,42.062,-24.562,-5.875,0.890,9.750,0.520,26,3,0,0,3
30111,273.688,5.938,-86.250,-1.134,-0.373,1.283,0.120,9.470,1.210,-0.890,-0.250,0.570,40.688,-27.062,-8.688,1.010,9.730,0.630,26,3,0,0,3
30119,273.688,5.938,-86.250,-1.134,-0.373,1.283,0.220,9.770,1.210,-0.910,0.060,0.460,40.688,-27.062,-8.688,1.130,9.710,0.740,26,3,0,0,3
30126,273.312,6.625,-85.562,-1.262,-0.464,1.238,0.270,9.840,1.110,-0.910,0.060,0.460,40.688,-27.062,-8.688,1.250,9.680,0.860,26,3,0,0,3
30136,273.000,7.312,-84.875,-1.325,-0.493,1.238,0.260,9.970,0.950,-0.970,0.160,0.240,40.688,-27.062,-8.688,1.380,9.650,0.980,26,3,0,0,3
30146,272.625,8.062,-84.188,-1.326,-0.495,1.275,-0.470,10.010,0.960,-1.110,0.310,-0.020,40.688,-27.062,-8.688,1.510,9.620,1.100,26,3,0,0,3
30156,272.250,8.812,-83.438,-1.361,-0.499,1.331,-0.470,10.010,0.960,-1.980,0.380,-0.140,40.688,-27.062,-8.688,1.640,9.580,1.220,26,3,0,0,3
30164,272.000,9.625,-82.688,-1.384,-0.476,1.394,-0.610,10.100,1.010,-2.260,0.510,-0.200,38.750,-28.875,-11.062,1.640,9.580,1.220,26,3,0,0,3
30172,271.562,10.438,-81.938,-1.376,-0.525,1.410,-0.730,10.120,0.940,-2.510,0.570,-0.400,38.750,-28.875,-11.062,1.780,9.540,1.340,26,3,0,0,3
30181,271.188,11.312,-81.250,-1.313,-0.675,1.485,-1.160,9.960,1.130,-3.090,0.460,-0.310,38.750,-28.875,-11.062,1.920,9.500,1.450,26,3,0,0,3
30191,270.750,12.312,-80.625,-1.238,-0.804,1.704,-2.370,8.990,1.590,-4.470,-0.460,0.040,38.750,-28.875,-11.062,2.090,9.450,1.550,26,3,0,0,3
30202,270.125,13.438,-80.062,-1.203,-0.737,1.917,-2.450,9.080,1.460,-4.730,-0.310,-0.170,38.750,-28.875,-11.062,2.280,9.390,1.640,26,3,0,0,3
30210,270.125,13.438,-80.062,-1.177,-0.663,1.939,-2.320,9.580,1.200,-4.790,0.250,-0.530,35.188,-30.688,-12.688,2.460,9.330,1.730,26,3,0,0,3
30218,269.562,14.562,-79.438,-1.177,-0.663,1.939,-2.090,10.510,1.360,-4.790,0.250,-0.530,35.188,-30.688,-12.688,2.640,9.260,1.810,26,3,0,0,3
30226,268.938,15.625,-78.875,-1.097,-0.607,1.827,-1.670,10.430,1.520,-4.730,1.240,-0.450,35.188,-30.688,-12.688,2.800,9.200,1.880,26,3,0,0,3
30235,268.438,16.562,-78.375,-0.921,-0.592,1.649,-0.740,10.450,1.590,-4.470,1.220,-0.350,35.188,-30.688,-12.688,2.940,9.150,1.930,26,3,0,0,3
30246,267.938,17.438,-78.000,-0.741,-0.491,1.469,0.050,10.570,1.440,-3.680,1.300,-0.330,35.188,-30.688,-12.688,3.060,9.100,1.980,26,3,0,0,3
30256,267.375,18.188,-77.688,-0.624,-0.361,1.367,0.050,10.570,1.440,-3.010,1.470,-0.530,35.188,-30.688,-12.688,3.190,9.040,2.010,26,3,0,0,3
30264,266.938,19.000,-77.438,-0.497,-0.367,1.342,0.730,10.660,1.190,-2.460,1.610,-0.810,32.188,-32.188,-15.500,3.190,9.040,2.010,26,3,0,0,3
30272,266.375,19.750,-77.188,-0.388,-0.389,1.367,1.150,10.760,0.840,-2.160,1.760,-1.180,32.188,-32.188,-15.500,3.320,8.990,2.030,26,3,0,0,3
30281,265.875,20.625,-77.062,-0.291,-0.468,1.433,1.410,10.820,0.700,-2.040,1.870,-1.340,32.188,-32.188,-15.500,3.450,8.940,2.040,26,3,0,0,3
30291,265.312,21.500,-77.000,-0.245,-0.629,1.514,1.230,11.690,-0.720,-2.360,2.800,-2.770,32.188,-32.188,-15.500,3.590,8.880,2.040,26,3,0,0,3
30302,264.812,22.438,-77.000,-0.199,-0.793,1.561,1.030,11.980,-1.430,-2.710,3.150,-3.470,32.188,-32.188,-15.500,3.740,8.830,2.030,26,3,0,0,3
30309,264.812,22.438,-77.000,-0.199,-0.793,1.561,0.460,11.500,-1.060,-2.710,3.150,-3.470,30.375,-34.688,-16.688,3.900,8.770,2.000,26,3,0,0,3
30317,264.312,23.375,-77.062,-0.082,-0.917,1.569,-0.300,11.140,-0.340,-3.430,2.730,-3.070,30.375,-34.688,-16.688,4.040,8.710,1.970,26,3,0,0,3
30325,263.875,24.375,-77.250,0.003,-1.004,1.516,-0.300,11.140,-0.340,-4.340,2.430,-2.320,30.375,-34.688,-16.688,4.180,8.650,1.920,26,3,0,0,3
30334,263.500,25.250,-77.438,0.040,-1.010,1.429,-1.550,12.080,1.000,-5.630,2.820,-1.220,30.375,-34.688,-16.688,4.310,8.600,1.880,26,3,0,0,3
30345,263.188,26.062,-77.625,0.029,-0.983,1.318,-1.970,12.460,1.700,-5.860,3.470,-0.870,30.375,-34.688,-16.688,4.430,8.550,1.830,26,3,0,0,3
30356,262.875,26.875,-77.812,0.058,-0.954,1.235,-1.970,12.460,1.700,-6.410,3.910,-0.130,30.375,-34.688,-16.688,4.430,8.550,1.830,26,3,0,0,3
30364,262.562,27.625,-78.062,0.059,-0.912,1.240,-2.560,12.850,2.300,-7.120,4.350,0.500,27.750,-36.562,-18.688,4.550,8.490,1.790,26,3,0,0,3
30371,262.562,27.625,-78.062,0.098,-0.922,1.331,-5.880,12.610,2.710,-10.550,4.170,0.960,27.750,-36.562,-18.688,4.670,8.440,1.740,26,3,0,0,3
30379,262.188,28.438,-78.312,0.233,-0.922,1.355,-7.560,13.330,1.610,-12.360,4.940,-0.060,27.750,-36.562,-18.688,4.800,8.380,1.680,26,3,0,0,3
30389,261.750,29.312,-78.625,0.451,-0.816,1.088,-8.450,13.770,1.110,-13.360,5.430,-0.490,27.750,-36.562,-18.688,4.900,8.330,1.600,26,3,0,0,3
30399,261.375,30.000,-79.062,0.641,-0.708,0.717,-8.970,14.360,-0.650,-13.950,6.050,-2.170,27.750,-36.562,-18.688,4.970,8.310,1.520,26,3,0,0,3
30408,261.062,30.438,-79.562,0.641,-0.708,0.717,-8.900,14.920,-2.060,-13.950,6.050,-2.170,24.375,-36.875,-19.500,5.020,8.300,1.390,26,3,0,0,3
30416,260.812,30.812,-80.438,1.134,-0.765,0.542,-8.900,14.920,-2.060,-13.930,6.620,-3.460,24.375,-36.875,-19.500,5.070,8.300,1.180,26,3,0,0,3
30424,260.625,31.188,-81.812,1.799,-1.234,0.446,-9.290,14.470,-3.160,-14.370,6.160,-4.340,24.375,-36.875,-19.500,5.070,8.300,1.180,26,3,0,0,3
30433,260.625,31.438,-83.500,2.083,-1.556,0.271,-9.230,15.000,-4.390,-14.340,6.690,-5.340,24.375,-36.875,-19.500,5.110,8.330,0.690,26,3,0,0,3
30444,260.688,31.438,-85.250,2.268,-1.407,-0.146,-5.300,13.530,-4.660,-10.420,5.190,-5.360,24.375,-36.875,-19.500,5.080,8.370,0.450,26,3,0,0,3
30455,260.812,31.188,-86.875,2.285,-1.050,-0.504,-1.090,13.150,-2.220,-6.170,4.780,-2.670,24.375,-36.875,-19.500,5.080,8.370,0.450,26,3,0,0,3
30463,260.812,30.938,-88.000,1.775,-0.538,-0.420,1.020,13.370,0.450,-4.020,4.970,0.160,22.562,-39.500,-19.500,5.040,8.400,0.280,26,3,0,0,3
30470,260.812,30.938,-88.000,1.127,-0.215,-0.569,2.640,12.610,2.980,-2.350,4.180,2.800,22.562,-39.500,-19.500,5.000,8.430,0.180,26,3,0,0,3
30478,260.938,30.625,-88.750,1.127,-0.215,-0.569,5.440,11.820,2.290,0.500,3.350,2.140,22.562,-39.500,-19.500,4.940,8.460,0.150,26,3,0,0,3
30488,261.062,30.250,-88.938,0.564,0.291,-0.759,6.530,11.800,1.850,1.660,3.290,1.680,22.562,-39.500,-19.500,4.860,8.510,0.170,26,3,0,0,3
30499,261.125,29.750,-88.812,0.149,0.755,-0.876,7.570,12.880,1.750,2.810,4.310,1.550,22.562,-39.500,-19.500,4.750,8.570,0.200,26,3,0,0,3
30508,261.375,29.000,-88.625,0.214,0.930,-1.288,11.690,14.790,2.760,2.810,4.310,1.550,22.562,-39.500,-19.500,4.600,8.650,0.190,26,3,0,0,3
30516,261.938,27.938,-88.688,0.456,0.627,-1.895,11.690,14.790,2.760,7.090,6.130,2.570,22.188,-40.062,-15.875,4.600,8.650,0.190,26,3,0,0,3
30523,262.938,26.688,-88.875,0.466,0.405,-2.307,12.390,15.270,1.470,7.990,6.510,1.300,22.188,-40.062,-15.875,4.400,8.750,0.160,26,3,0,0,3
30533,264.000,25.375,-89.312,0.770,0.007,-2.299,9.740,15.660,1.270,5.530,6.800,1.170,22.188,-40.062,-15.875,4.200,8.850,0.100,26,3,0,0,3
30543,265.312,24.188,-90.000,1.001,-0.536,-2.203,7.750,16.390,2.240,3.730,7.450,2.240,22.188,-40.062,-15.875,3.830,9.020,-0.120,26,3,0,0,3
30554,266.688,23.000,-90.750,0.989,-0.790,-2.149,8.170,15.690,0.400,4.340,6.670,0.520,22.188,-40.062,-15.875,3.830,9.020,-0.120,26,3,0,0,3
30562,267.938,21.875,-91.375,0.938,-0.674,-2.011,9.350,13.820,1.320,5.690,4.730,1.550,27.000,-37.562,-16.188,3.650,9.090,-0.220,26,3,0,0,3
30569,267.938,21.875,-91.375,0.938,-0.674,-2.011,9.350,12.230,1.440,5.860,3.080,1.750,27.000,-37.562,-16.188,3.490,9.150,-0.300,26,3,0,0,3
30577,268.938,20.875,-91.875,0.755,-0.391,-1.782,8.410,8.890,0.830,5.080,-0.320,1.190,27.000,-37.562,-16.188,3.330,9.210,-0.350,26,3,0,0,3
30588,270.000,19.875,-92.188,0.489,-0.248,-1.774,7.140,7.920,0.780,3.990,-1.350,1.180,27.000,-37.562,-16.188,3.140,9.270,-0.390,26,3,0,0,3
30598,271.188,18.688,-92.438,0.376,-0.211,-2.088,6.730,7.510,0.660,3.790,-1.820,1.100,27.000,-37.562,-16.188,2.930,9.340,-0.430,26,3,0,0,3
30607,272.500,17.375,-92.625,0.329,-0.172,-2.337,6.730,7.510,0.660,3.790,-1.820,1.100,27.000,-37.562,-16.188,2.710,9.410,-0.460,26,3,0,0,3
30615,273.938,16.000,-92.812,0.303,-0.125,-2.506,6.350,8.100,0.540,3.640,-1.300,1.000,31.562,-34.562,-15.000,2.710,9.410,-0.460,26,3,0,0,3
30623,275.312,14.562,-93.000,0.361,-0.031,-2.617,6.820,7.660,1.130,4.350,-1.810,1.620,31.562,-34.562,-15.000,2.470,9.470,-0.490,26,3,0,0,3
30633,276.812,13.062,-93.188,0.433,-0.048,-2.676,5.870,6.780,0.740,3.640,-2.750,1.280,31.562,-34.562,-15.000,2.220,9.530,-0.540,26,3,0,0,3
30643,278.250,11.562,-93.438,0.484,-0.039,-2.736,6.070,6.660,0.770,4.100,-2.920,1.350,31.562,-34.562,-15.000,1.710,9.630,-0.630,26,3,0,0,3
30654,279.688,10.062,-93.750,0.562,0.086,-2.722,5.790,6.730,0.690,4.080,-2.900,1.330,31.562,-34.562,-15.000,1.710,9.630,-0.630,26,3,0,0,3
30662,280.812,8.688,-94.125,0.720,0.263,-2.529,5.710,6.880,0.860,4.220,-2.780,1.560,34.562,-31.375,-14.500,1.480,9.660,-0.700,26,3,0,0,3
30670,280.812,8.688,-94.125,0.720,0.263,-2.529,5.400,6.540,0.710,4.130,-3.150,1.480,34.562,-31.375,-14.500,1.260,9.690,-0.770,26,3,0,0,3
30677,281.812,7.375,-94.500,0.832,0.455,-2.329,5.480,6.160,0.840,4.410,-3.540,1.680,34.562,-31.375,-14.500,1.060,9.710,-0.840,26,3,0,0,3
30687,282.562,6.250,-94.938,0.830,0.592,-2.166,6.390,5.940,0.920,5.520,-3.770,1.830,34.562,-31.375,-14.500,0.860,9.720,-0.910,26,3,0,0,3
30697,283.375,5.062,-95.312,0.784,0.602,-2.213,6.350,5.720,0.930,5.690,-4.010,1.910,34.562,-31.375,-14.500,0.650,9.730,-0.980,26,3,0,0,3
30707,284.312,3.812,-95.688,0.768,0.504,-2.250,5.930,5.350,0.960,5.690,-4.010,1.910,34.562,-31.375,-14.500,0.450,9.730,-1.050,26,3,0,0,3
30715,285.250,2.625,-96.188,0.856,0.442,-2.266,5.930,5.350,0.960,5.480,-4.380,2.020,39.000,-26.000,-13.000,0.450,9.730,-1.050,26,3,0,0,3
30723,286.250,1.312,-96.688,0.901,0.449,-2.351,5.580,5.030,1.010,5.350,-4.690,2.150,39.000,-26.000,-13.000,0.230,9.730,-1.140,26,3,0,0,3
30732,287.250,0.062,-97.125,0.848,0.542,-2.405,5.840,4.580,1.530,5.830,-5.140,2.750,39.000,-26.000,-13.000,0.010,9.730,-1.220,26,3,0,0,3
30743,288.188,-1.125,-97.562,0.750,0.552,-2.328,5.890,4.340,1.810,6.090,-5.370,3.100,39.000,-26.000,-13.000,-0.190,9.710,-1.290,26,3,0,0,3
30754,289.125,-2.312,-97.938,0.633,0.496,-2.196,5.990,4.320,2.060,6.380,-5.370,3.410,39.000,-26.000,-13.000,-0.390,9.700,-1.350,26,3,0,0,3
30761,290.000,-3.438,-98.188,0.478,0.461,-2.104,6.970,4.200,2.200,7.560,-5.480,3.600,40.062,-21.562,-12.062,-0.590,9.680,-1.400,26,3,0,0,3
30769,290.000,-3.438,-98.188,0.478,0.461,-2.104,7.640,3.720,2.050,7.560,-5.480,3.600,40.062,-21.562,-12.062,-0.780,9.660,-1.430,26,3,0,0,3
30777,290.938,-4.562,-98.438,0.340,0.424,-2.155,7.870,3.160,1.700,8.420,-5.940,3.480,40.062,-21.562,-12.062,-0.980,9.640,-1.460,26,3,0,0,3
30787,292.000,-5.750,-98.562,0.257,0.298,-2.185,7.940,2.870,1.480,9.130,-6.740,2.960,40.062,-21.562,-12.062,-1.180,9.620,-1.470,26,3,0,0,3
30797,293.062,-6.938,-98.688,0.131,0.154,-2.175,7.150,2.980,0.700,8.550,-6.610,2.180,40.062,-21.562,-12.062,-1.390,9.590,-1.470,26,3,0,0,3
30808,294.312,-8.125,-98.688,-0.047,-0.012,-2.198,7.150,2.980,0.700,8.550,-6.610,2.180,40.062,-21.562,-12.062,-1.580,9.560,-1.440,26,3,0,0,3
30815,295.500,-9.250,-98.562,-0.283,-0.157,-2.049,6.470,3.610,0.890,8.060,-5.950,2.330,42.000,-18.250,-10.875,-1.580,9.560,-1.440,26,3,0,0,3
30823,296.750,-10.375,-98.312,-0.405,-0.307,-1.948,5.700,4.630,0.910,7.470,-4.910,2.310,42.000,-18.250,-10.875,-1.760,9.540,-1.400,26,3,0,0,3
30833,298.125,-11.438,-98.000,-0.475,-0.561,-1.922,4.570,5.360,0.820,6.520,-4.140,2.170,42.000,-18.250,-10.875,-1.950,9.510,-1.340,26,3,0,0,3
30844,299.375,-12.438,-97.625,-0.590,-0.639,-1.650,0.350,5.690,0.530,2.470,-3.790,1.810,42.000,-18.250,-10.875,-2.110,9.490,-1.270,26,3,0,0,3
30855,300.312,-13.188,-97.250,-0.696,-0.490,-1.318,-2.210,7.000,-0.700,0.020,-2.470,0.500,42.000,-18.250,-10.875,-2.240,9.470,-1.200,26,3,0,0,3
30862,300.938,-13.875,-96.875,-0.650,-0.072,-1.239,-3.760,10.300,-2.800,-1.410,0.850,-1.650,43.062,-11.688,-12.875,-2.350,9.450,-1.140,26,3,0,0,3
30870,300.938,-13.875,-96.875,-0.650,-0.072,-1.239,-6.030,15.270,-8.080,-1.410,0.850,-1.650,43.062,-11.688,-12.875,-2.480,9.420,-1.110,26,3,0,0,3
30878,301.375,-14.625,-96.750,-0.408,0.489,-1.477,-9.900,15.420,-6.010,-7.270,6.040,-4.860,43.062,-11.688,-12.875,-2.620,9.370,-1.140,26,3,0,0,3
30888,301.812,-15.500,-96.938,0.083,0.856,-1.658,-12.540,14.980,-2.760,-9.760,5.660,-1.540,43.062,-11.688,-12.875,-2.770,9.320,-1.210,26,3,0,0,3
30898,302.438,-16.438,-97.375,0.532,0.737,-1.769,-12.190,12.340,-2.030,-9.270,3.060,-0.760,43.062,-11.688,-12.875,-2.920,9.270,-1.260,26,3,0,0,3
30908,302.875,-17.312,-97.750,0.285,0.900,-1.707,-11.610,9.390,-5.470,-9.270,3.060,-0.760,43.062,-11.688,-12.875,-3.020,9.240,-1.270,26,3,0,0,3
30916,303.125,-17.938,-97.812,-0.140,0.773,-1.269,-11.610,9.390,-5.470,-8.580,0.150,-4.190,44.688,-8.688,-12.375,-3.020,9.240,-1.270,26,3,0,0,3
30923,303.438,-18.312,-97.688,-0.207,-0.041,-0.662,-15.090,9.790,-4.530,-12.010,0.570,-3.280,44.688,-8.688,-12.375,-3.080,9.220,-1.250,26,3,0,0,3
30933,304.062,-18.562,-97.562,-0.050,-0.804,-0.309,-17.470,11.470,-3.140,-14.350,2.260,-1.910,44.688,-8.688,-12.375,-3.120,9.210,-1.220,26,3,0,0,3
30944,304.562,-18.625,-97.375,-0.075,-0.783,-0.095,-16.650,12.360,-1.360,-13.510,3.150,-0.170,44.688,-8.688,-12.375,-3.140,9.210,-1.150,26,3,0,0,3
30955,304.688,-18.625,-97.125,-0.309,-0.293,0.032,-8.520,11.200,-0.660,-5.380,1.990,0.490,44.688,-8.688,-12.375,-3.140,9.210,-1.150,26,3,0,0,3
30963,304.375,-18.562,-96.875,-0.521,0.247,0.106,-5.550,10.050,-0.840,-2.430,0.820,0.270,43.562,-6.188,-12.062,-3.120,9.220,-1.120,26,3,0,0,3
30970,304.375,-18.562,-96.875,-0.521,0.247,0.106,-2.810,8.900,-0.320,0.300,-0.330,0.760,43.562,-6.188,-12.062,-3.110,9.230,-1.090,26,3,0,0,3
30978,303.750,-18.500,-96.750,-0.549,0.765,0.076,2.670,6.860,1.630,5.760,-2.380,2.700,43.562,-6.188,-12.062,-3.080,9.240,-1.070,26,3,0,0,3
30988,302.750,-18.312,-96.625,-0.708,1.458,0.093,5.770,6.420,4.750,8.810,-2.830,5.800,43.562,-6.188,-12.062,-3.040,9.260,-1.050,26,3,0,0,3
30998,301.125,-18.062,-96.500,-0.948,2.210,0.207,10.500,6.750,2.360,13.490,-2.520,3.400,43.562,-6.188,-12.062,-2.990,9.280,-1.040,26,3,0,0,3
31008,299.188,-17.750,-96.438,-0.949,2.701,0.326,10.500,6.750,2.360,13.490,-2.520,3.400,43.562,-6.188,-12.062,-2.910,9.300,-1.080,26,3,0,0,3
31016,297.562,-17.250,-96.625,-0.274,2.100,0.642,13.070,8.840,-6.890,15.980,-0.450,-5.810,44.000,-5.750,-12.250,-2.910,9.300,-1.080,26,3,0,0,3
31024,296.188,-16.500,-97.438,1.078,1.510,1.127,-0.430,12.740,-13.320,2.350,3.420,-12.090,44.000,-5.750,-12.250,-2.790,9.320,-1.220,26,3,0,0,3
31033,295.000,-15.688,-98.500,1.572,1.309,1.289,-13.470,13.180,-9.040,-10.810,3.840,-7.640,44.000,-5.750,-12.250,-2.660,9.330,-1.390,26,3,0,0,3
31044,294.125,-15.125,-99.000,0.770,0.725,0.924,-21.270,18.090,-5.690,-18.700,8.740,-4.200,44.000,-5.750,-12.250,-2.560,9.340,-1.480,26,3,0,0,3
31055,293.312,-14.875,-99.188,-0.002,1.030,0.323,-8.320,22.820,-3.080,-5.790,13.460,-1.570,44.000,-5.750,-12.250,-2.520,9.350,-1.510,26,3,0,0,3
31063,291.938,-14.500,-99.188,-0.376,1.848,0.343,-0.230,13.070,-2.060,2.220,3.700,-0.540,44.062,-6.062,-6.750,-2.460,9.360,-1.520,26,3,0,0,3
31070,291.938,-14.500,-99.188,-0.376,1.848,0.343,6.750,6.050,1.190,2.220,3.700,-0.540,44.062,-6.062,-6.750,-2.360,9.400,-1.480,26,3,0,0,3
31078,290.125,-13.875,-98.938,-0.917,1.881,0.842,12.860,3.730,3.370,15.090,-5.710,4.740,44.062,-6.062,-6.750,-2.230,9.450,-1.360,26,3,0,0,3
31088,288.500,-13.125,-98.188,-1.583,1.161,1.201,13.310,2.700,6.520,15.400,-6.800,7.750,44.062,-6.062,-6.750,-2.090,9.500,-1.230,26,3,0,0,3
31098,287.125,-12.250,-97.375,-1.580,0.541,1.490,11.120,4.020,7.050,13.080,-5.510,8.160,44.062,-6.062,-6.750,-1.960,9.540,-1.100,26,3,0,0,3
31108,285.938,-11.562,-96.562,-1.491,0.410,1.301,6.560,6.120,7.030,13.080,-5.510,8.160,44.062,-6.062,-6.750,-1.880,9.570,-1.010,26,3,0,0,3
31116,285.125,-11.062,-96.062,-0.989,0.345,0.875,6.560,6.120,7.030,8.450,-3.440,8.050,42.250,-7.875,-5.562,-1.880,9.570,-1.010,26,3,0,0,3
31124,284.812,-10.750,-95.812,-0.403,-0.038,0.548,2.030,8.790,4.590,3.860,-0.780,5.570,42.250,-7.875,-5.562,-1.830,9.580,-0.970,26,3,0,0,3
31134,284.500,-10.438,-95.625,-0.324,-0.050,0.519,1.850,13.610,3.050,3.640,4.010,4.000,42.250,-7.875,-5.562,-1.780,9.590,-0.940,26,3,0,0,3
31144,283.938,-10.000,-95.250,-0.596,0.075,0.833,2.520,14.980,1.300,4.230,5.360,2.200,42.250,-7.875,-5.562,-1.590,9.640,-0.800,26,3,0,0,3
31155,283.125,-9.312,-94.750,-0.975,0.065,1.174,4.240,14.000,0.960,5.830,4.350,1.770,42.250,-7.875,-5.562,-1.590,9.640,-0.800,26,3,0,0,3
31163,282.125,-8.562,-94.125,-1.105,0.320,1.340,7.220,9.050,1.140,8.680,-0.610,1.850,42.250,-9.250,-4.750,-1.460,9.670,-0.700,26,3,0,0,3
31170,282.125,-8.562,-94.125,-1.105,0.320,1.340,6.870,8.170,1.480,8.190,-1.510,2.100,42.250,-9.250,-4.750,-1.310,9.690,-0.610,26,3,0,0,3
31178,281.062,-7.688,-93.562,-1.025,0.165,1.581,6.970,8.660,2.050,8.150,-1.050,2.570,42.250,-9.250,-4.750,-1.170,9.720,-0.510,26,3,0,0,3
31188,280.188,-6.875,-93.000,-1.011,-0.144,1.534,6.210,9.430,2.130,7.260,-0.300,2.550,42.250,-9.250,-4.750,-1.050,9.740,-0.420,26,3,0,0,3
31198,279.625,-6.125,-92.438,-0.930,-0.372,1.298,2.760,11.490,1.930,3.700,1.730,2.260,42.250,-9.250,-4.750,-0.930,9.750,-0.320,26,3,0,0,3
31208,279.250,-5.438,-91.875,-0.946,-0.636,1.259,2.760,11.490,1.930,3.700,1.730,2.260,42.250,-9.250,-4.750,-0.830,9.760,-0.230,26,3,0,0,3
31216,278.938,-4.812,-91.375,-0.916,-0.724,1.150,1.410,11.790,1.520,2.240,2.020,1.760,41.188,-11.062,-5.500,-0.830,9.760,-0.230,26,3,0,0,3
31224,278.688,-4.312,-90.875,-0.766,-0.607,1.001,0.240,11.550,1.290,0.980,1.770,1.450,41.188,-11.062,-5.500,-0.730,9.770,-0.150,26,3,0,0,3
31234,278.312,-3.750,-90.562,-0.599,-0.286,1.001,-0.370,10.010,1.250,0.260,0.230,1.350,41.188,-11.062,-5.500,-0.640,9.780,-0.090,26,3,0,0,3
31244,277.688,-3.125,-90.125,-0.759,-0.108,1.125,0.800,9.290,1.020,1.340,-0.490,1.050,41.188,-11.062,-5.500,-0.530,9.790,-0.020,26,3,0,0,3
31255,277.000,-2.438,-89.625,-0.875,0.016,1.233,1.580,9.320,1.070,2.000,-0.470,1.020,41.188,-11.062,-5.500,-0.410,9.790,0.050,26,3,0,0,3
31263,276.125,-1.688,-89.250,-0.749,0.176,1.368,2.630,8.900,1.210,2.920,-0.890,1.080,39.688,-13.688,-4.688,-0.290,9.800,0.120,26,3,0,0,3
31270,276.125,-1.688,-89.250,-0.749,0.176,1.368,2.430,9.570,0.860,2.920,-0.890,1.080,39.688,-13.688,-4.688,-0.150,9.800,0.190,26,3,0,0,3
31278,275.375,-0.875,-88.812,-0.755,-0.026,1.380,1.600,9.510,0.650,1.640,-0.280,0.380,39.688,-13.688,-4.688,-0.030,9.800,0.260,26,3,0,0,3
31288,274.812,-0.188,-88.438,-0.709,-0.396,1.319,1.250,9.430,0.190,1.150,-0.360,-0.120,39.688,-13.688,-4.688,0.090,9.800,0.310,26,3,0,0,3
31299,274.375,0.562,-88.125,-0.563,-0.528,1.354,0.740,9.490,-0.030,0.510,-0.300,-0.390,39.688,-13.688,-4.688,0.230,9.790,0.360,26,3,0,0,3
31309,273.938,1.312,-87.812,-0.482,-0.590,1.400,-0.260,9.610,-0.320,0.510,-0.300,-0.390,39.688,-13.688,-4.688,0.360,9.790,0.410,26,2,0,0,3
31316,273.500,2.125,-87.562,-0.509,-0.692,1.403,-0.260,9.610,-0.320,-0.630,-0.170,-0.730,39.688,-15.188,-7.062,0.360,9.790,0.410,26,2,0,0,3
31324,273.125,2.875,-87.250,-0.609,-0.706,1.382,-0.240,9.540,-0.250,-0.750,-0.230,-0.710,39.688,-15.188,-7.062,0.500,9.780,0.460,26,2,0,0,3
31334,272.750,3.688,-86.812,-0.776,-0.668,1.378,-0.240,9.070,-0.200,-0.870,-0.690,-0.740,39.688,-15.188,-7.062,0.630,9.770,0.530,26,2,0,0,3
31345,272.312,4.438,-86.375,-0.868,-0.579,1.386,0.000,9.050,0.820,-0.770,-0.700,0.210,39.688,-15.188,-7.062,0.890,9.740,0.690,26,2,0,0,3
31356,271.938,5.250,-85.875,-0.954,-0.563,1.335,-0.010,9.080,1.220,-0.910,-0.650,0.520,39.688,-15.188,-7.062,0.890,9.740,0.690,26,2,0,0,3
31363,271.562,6.000,-85.250,-1.144,-0.637,1.347,-0.110,9.170,1.340,-1.140,-0.540,0.540,37.500,-18.062,-8.188,1.030,9.710,0.800,26,2,0,0,3
31371,271.562,6.000,-85.250,-1.144,-0.637,1.347,-0.220,9.350,1.620,-1.380,-0.330,0.700,37.500,-18.062,-8.188,1.160,9.690,0.910,26,2,0,0,3
31379,271.250,6.812,-84.562,-1.344,-0.734,1.373,-0.640,10.150,1.570,-1.940,0.490,0.520,37.500,-18.062,-8.188,1.290,9.660,1.040,26,2,0,0,3
31389,271.000,7.562,-83.750,-1.499,-0.816,1.344,-1.130,10.490,1.100,-2.560,0.860,-0.070,37.500,-18.062,-8.188,1.420,9.620,1.180,26,2,0,0,3
31399,270.812,8.375,-83.000,-1.514,-0.842,1.298,-1.320,10.050,0.970,-2.880,0.460,-0.330,37.500,-18.062,-8.188,1.560,9.590,1.300,26,2,0,0,3
31414,270.250,9.938,-81.562,-1.298,-0.700,1.323,-1.530,10.030,0.860,-3.220,0.470,-0.550,35.688,-20.062,-9.750,1.690,9.550,1.410,26,2,0,0,3
31421,270.250,9.938,-81.562,-1.298,-0.700,1.323,-0.760,9.970,1.330,-3.220,0.470,-0.550,35.688,-20.062,-9.750,1.830,9.510,1.510,26,2,0,0,3
31429,269.875,10.750,-80.938,-1.220,-0.656,1.391,-0.520,9.730,1.500,-2.500,0.260,-0.090,35.688,-20.062,-9.750,1.980,9.460,1.600,26,2,0,0,3
31439,269.438,11.625,-80.312,-1.146,-0.716,1.530,-0.490,9.340,1.540,-2.640,-0.070,-0.140,35.688,-20.062,-9.750,2.150,9.410,1.680,26,2,0,0,3
31450,268.938,12.625,-79.812,-1.069,-0.728,1.720,-1.090,9.610,1.540,-3.430,0.250,-0.220,35.688,-20.062,-9.750,2.330,9.350,1.770,26,2,0,0,3
31459,268.312,13.750,-79.250,-1.089,-0.699,1.937,-1.730,10.200,1.520,-3.430,0.250,-0.220,35.688,-20.062,-9.750,2.520,9.290,1.850,26,2,0,0,3
31467,267.688,14.875,-78.625,-1.139,-0.723,1.945,-1.730,10.200,1.520,-4.260,0.910,-0.330,33.500,-22.188,-11.375,2.520,9.290,1.850,26,2,0,0,3
31475,267.188,15.938,-78.125,-1.023,-0.761,1.775,-2.000,10.300,1.720,-4.700,1.070,-0.200,33.500,-22.188,-11.375,2.690,9.220,1.930,26,2,0,0,3
31485,266.688,16.875,-77.750,-0.827,-0.730,1.607,-1.750,10.250,1.810,-4.610,1.080,-0.170,33.500,-22.188,-11.375,2.990,9.110,2.020,26,2,0,0,3
32119,301.938,-14.688,-94.312,-0.447,0.466,-1.625,-8.710,18.330,-10.740,-6.220,8.870,-10.020,37.000,-12.875,-9.250,-2.490,9.450,-0.720,26,3,0,0,3
32127,302.500,-15.625,-94.812,0.576,0.852,-1.767,-13.420,18.920,-7.390,-10.770,9.510,-6.600,37.000,-12.875,-9.250,-2.640,9.400,-0.790,26,3,0,0,3
32137,303.062,-16.500,-95.625,1.169,0.989,-1.713,-16.680,16.620,-2.800,-13.890,7.260,-1.870,37.000,-12.875,-9.250,-2.920,9.300,-1.000,26,3,0,0,3
32147,303.250,-17.312,-96.188,0.502,1.302,-1.573,-17.350,8.980,-5.160,-10.820,2.000,-3.350,37.000,-12.875,-9.250,-3.020,9.270,-1.010,26,3,0,0,3
32158,303.375,-17.938,-96.188,-0.295,0.988,-1.288,-17.350,8.980,-5.160,-14.320,-0.280,-4.150,37.000,-12.875,-9.250,-3.020,9.270,-1.010,26,3,0,0,3
32166,304.375,-18.438,-96.125,0.137,-0.933,-0.802,-22.020,9.400,-3.890,-18.910,0.150,-2.890,37.250,-9.562,-8.500,-3.110,9.240,-0.990,26,3,0,0,3
32174,304.375,-18.438,-96.125,0.129,-1.889,-0.410,-18.910,11.630,-2.980,-15.740,2.390,-2.030,37.250,-9.562,-8.500,-3.160,9.230,-0.950,26,3,0,0,3
32181,305.688,-18.812,-95.875,0.129,-1.889,-0.410,-8.130,11.300,-0.920,-4.940,2.060,-0.040,37.250,-9.562,-8.500,-3.180,9.230,-0.880,26,3,0,0,3
32192,306.375,-18.938,-95.438,-0.387,-1.154,-0.155,-5.970,10.770,-0.500,-2.780,1.540,0.300,37.250,-9.562,-8.500,-3.190,9.230,-0.800,26,3,0,0,3
32202,306.312,-18.938,-94.938,-0.771,-0.108,-0.019,-3.700,10.440,0.170,-0.500,1.200,0.920,37.250,-9.562,-8.500,-3.200,9.230,-0.740,26,3,0,0,3
32211,305.875,-19.000,-94.562,-0.925,0.590,-0.167,1.800,8.240,2.880,-0.500,1.200,0.920,37.250,-9.562,-8.500,-3.230,9.220,-0.700,26,3,0,0,3
32219,305.438,-19.250,-94.312,-0.948,1.479,-0.520,1.800,8.240,2.880,5.040,-0.980,3.580,38.062,-9.250,-9.688,-3.230,9.220,-0.700,26,3,0,0,3
32226,304.188,-19.438,-94.250,-0.975,2.357,-0.541,3.770,7.540,6.560,7.040,-1.670,7.250,38.062,-9.250,-9.688,-3.270,9.210,-0.690,26,3,0,0,3
32236,302.438,-19.438,-94.250,-1.042,2.999,-0.200,7.590,5.150,7.070,10.860,-4.060,7.770,38.062,-9.250,-9.688,-3.260,9.210,-0.690,26,3,0,0,3
32246,300.562,-19.125,-94.375,-0.790,2.721,0.317,12.130,6.150,-0.910,15.350,-3.080,-0.200,38.062,-9.250,-9.688,-3.220,9.230,-0.700,26,3,0,0,3
32257,298.875,-18.438,-95.000,0.502,2.005,1.115,9.490,11.300,-13.800,12.590,2.030,-12.990,38.062,-9.250,-9.688,-3.100,9.260,-0.810,26,3,0,0,3
32265,297.125,-17.375,-96.375,1.887,1.967,1.766,-4.100,13.050,-12.860,-1.170,3.750,-11.810,38.000,-6.562,-7.375,-2.930,9.300,-1.040,26,3,0,0,3
32272,297.125,-17.375,-96.375,1.887,1.967,1.766,-19.290,15.430,-8.960,-1.170,3.750,-11.810,38.000,-6.562,-7.375,-2.770,9.320,-1.220,26,3,0,0,3
32280,295.938,-16.375,-97.438,1.728,0.984,1.612,-14.150,27.020,-1.240,-16.510,6.100,-7.740,38.000,-6.562,-7.375,-2.690,9.330,-1.320,26,3,0,0,3
32289,295.312,-15.875,-98.062,0.998,0.561,0.849,-1.940,20.730,-2.290,-11.460,17.680,0.080,38.000,-6.562,-7.375,-2.650,9.330,-1.380,26,3,0,0,3
32300,294.250,-15.688,-98.438,0.167,1.597,0.176,6.990,9.990,0.000,0.710,11.400,-0.900,38.000,-6.562,-7.375,-2.520,9.380,-1.300,26,3,0,0,3
32310,292.250,-14.875,-97.875,-1.389,1.874,1.134,6.990,9.990,0.000,9.520,0.600,1.300,38.000,-6.562,-7.375,-2.380,9.440,-1.160,26,3,0,0,3
32318,290.812,-14.000,-97.000,-1.716,0.767,1.501,13.580,5.260,2.000,15.960,-4.170,3.170,39.875,-10.250,-5.375,-2.380,9.440,-1.160,26,3,0,0,3
32326,289.250,-13.125,-96.188,-1.716,0.767,1.501,11.730,0.870,5.750,13.960,-8.620,6.780,39.875,-10.250,-5.375,-2.230,9.490,-1.020,26,3,0,0,3
32334,289.250,-13.125,-96.188,-1.640,0.479,1.612,9.840,1.600,6.320,11.930,-7.930,7.210,39.875,-10.250,-5.375,-2.080,9.540,-0.880,26,3,0,0,3
32344,287.812,-12.250,-95.312,-1.344,0.574,1.065,7.580,4.330,8.010,9.560,-5.240,8.790,39.875,-10.250,-5.375,-1.970,9.570,-0.770,26,3,0,0,3
32354,286.750,-11.625,-94.625,-0.327,-0.005,0.458,3.510,7.100,5.640,5.450,-2.480,6.380,39.875,-10.250,-5.375,-1.930,9.580,-0.740,26,3,0,0,3
32362,286.438,-11.375,-94.438,-0.327,-0.005,0.458,2.260,13.270,2.230,5.450,-2.480,6.380,40.188,-13.188,-2.562,-1.860,9.600,-0.700,26,3,0,0,3
32370,286.000,-10.938,-94.125,-0.444,-0.047,0.749,2.260,13.270,2.230,4.120,3.670,2.930,40.188,-13.188,-2.562,-1.790,9.610,-0.660,26,3,0,0,3
32378,285.562,-10.562,-93.875,-0.444,-0.047,0.749,2.120,14.770,1.480,3.920,5.150,2.140,40.188,-13.188,-2.562,-1.690,9.640,-0.590,26,3,0,0,3
32388,284.875,-9.938,-93.500,-0.746,0.041,1.116,7.460,9.540,0.650,5.520,5.400,1.650,40.188,-13.188,-2.562,-1.550,9.660,-0.500,26,3,0,0,3
32399,283.750,-9.062,-92.938,-1.004,0.328,1.477,6.460,7.790,0.850,9.020,-0.120,1.150,40.188,-13.188,-2.562,-1.410,9.690,-0.410,26,3,0,0,3
32410,282.875,-8.250,-92.438,-0.915,-0.045,1.489,6.460,7.790,0.850,7.880,-1.900,1.270,40.188,-13.188,-2.562,-1.410,9.690,-0.410,26,3,0,0,3
32417,282.312,-7.625,-91.938,-0.796,-0.327,1.206,6.290,7.640,1.100,7.590,-2.070,1.440,40.875,-13.500,-1.750,-1.300,9.710,-0.330,26,3,0,0,3
32425,282.000,-7.000,-91.438,-0.815,-0.625,1.139,5.110,8.930,1.790,6.310,-0.790,2.040,40.875,-13.500,-1.750,-1.190,9.730,-0.250,26,3,0,0,3
32434,282.000,-7.000,-91.438,-0.898,-0.761,1.140,2.350,11.450,2.110,3.440,1.710,2.270,40.875,-13.500,-1.750,-1.090,9.740,-0.160,26,3,0,0,3
32444,281.688,-6.375,-90.938,-0.852,-0.642,1.092,1.240,11.750,1.810,2.220,1.990,1.890,40.875,-13.500,-1.750,-0.980,9.750,-0.070,26,3,0,0,3
32454,281.438,-5.750,-90.375,-0.675,-0.351,1.017,0.770,11.620,1.700,1.660,1.850,1.710,40.875,-13.500,-1.750,-0.890,9.760,0.000,26,3,0,0,3
32462,281.000,-5.188,-90.000,-0.675,-0.351,1.017,0.420,9.630,1.620,1.660,1.850,1.710,38.000,-16.062,-2.562,-0.780,9.770,0.060,26,3,0,0,3
32470,280.500,-4.562,-89.625,-0.702,-0.209,1.101,0.420,9.630,1.620,1.210,-0.130,1.560,38.000,-16.062,-2.562,-0.780,9.770,0.060,26,3,0,0,3
32478,279.812,-3.875,-89.125,-0.880,-0.127,1.216,0.550,9.360,1.560,1.220,-0.420,1.410,38.000,-16.062,-2.562,-0.550,9.780,0.220,26,3,0,0,3
32488,279.125,-3.250,-88.688,-0.821,0.050,1.236,1.750,9.220,1.540,2.060,-0.300,1.250,38.000,-16.062,-2.562,-0.430,9.790,0.290,26,3,0,0,3
32499,278.375,-2.562,-88.250,-0.735,0.037,1.238,2.850,9.270,1.200,2.190,-0.560,1.240,38.000,-16.062,-2.562,-0.320,9.790,0.360,26,3,0,0,3
32510,277.812,-1.875,-87.812,-0.779,-0.197,1.174,2.850,9.270,1.200,3.180,-0.510,0.830,38.000,-16.062,-2.562,-0.320,9.790,0.360,26,3,0,0,3
32517,277.375,-1.188,-87.438,-0.723,-0.491,1.187,2.830,9.530,0.930,3.050,-0.260,0.500,35.062,-17.562,-3.000,-0.210,9.790,0.430,26,3,0,0,3
32525,277.375,-1.188,-87.438,-0.622,-0.704,1.285,2.250,9.670,0.630,2.330,-0.110,0.130,35.062,-17.562,-3.000,-0.080,9.790,0.490,26,3,0,0,3
32534,277.062,-0.500,-87.062,-0.519,-0.764,1.358,1.210,9.750,0.120,1.160,-0.030,-0.410,35.062,-17.562,-3.000,0.040,9.790,0.540,26,3,0,0,3
32544,276.688,0.250,-86.750,-0.475,-0.696,1.371,-1.070,9.660,-0.290,-1.250,-0.120,-0.880,35.062,-17.562,-3.000,0.170,9.780,0.590,26,3,0,0,3
32554,276.312,1.000,-86.500,-0.547,-0.563,1.368,-1.470,9.360,-0.240,-1.790,-0.410,-0.880,35.062,-17.562,-3.000,0.310,9.780,0.640,26,3,0,0,3
32562,275.875,1.812,-86.188,-0.547,-0.563,1.368,-1.150,9.280,0.010,-1.790,-0.410,-0.880,33.562,-18.688,-3.750,0.440,9.770,0.700,26,3,0,0,3
32570,275.375,2.562,-85.812,-0.723,-0.459,1.333,-1.150,9.280,0.010,-1.590,-0.480,-0.680,33.562,-18.688,-3.750,0.560,9.750,0.790,26,3,0,0,3
32578,274.875,3.312,-85.312,-0.904,-0.447,1.302,-0.120,8.800,0.630,-0.690,-0.950,-0.150,33.562,-18.688,-3.750,0.690,9.740,0.880,26,3,0,0,3
32588,274.438,4.062,-84.750,-1.034,-0.442,1.313,0.350,8.980,1.120,-0.790,-0.930,-0.010,33.562,-18.688,-3.750,0.820,9.720,0.990,26,3,0,0,3
32599,274.000,4.812,-84.125,-1.177,-0.463,1.313,0.370,9.270,1.510,-0.460,-0.730,0.130,33.562,-18.688,-3.750,0.950,9.690,1.110,26,3,0,0,3
32610,273.625,5.500,-83.438,-1.301,-0.556,1.292,0.370,9.270,1.510,-0.570,-0.420,0.400,33.562,-18.688,-3.750,0.950,9.690,1.110,26,3,0,0,3
32618,273.312,6.250,-82.688,-1.392,-0.661,1.234,0.340,10.020,1.310,-0.720,0.350,0.070,32.062,-21.562,-6.875,1.070,9.660,1.230,26,3,0,0,3
32625,273.062,7.000,-81.938,-1.376,-0.699,1.212,-0.330,10.290,1.090,-1.530,0.650,-0.260,32.062,-21.562,-6.875,1.190,9.630,1.350,26,3,0,0,3
32634,273.062,7.000,-81.938,-1.272,-0.771,1.172,-0.790,10.060,1.020,-2.110,0.450,-0.430,32.062,-21.562,-6.875,1.310,9.600,1.460,26,3,0,0,3
32644,272.875,7.688,-81.312,-1.235,-0.786,1.228,-2.210,10.120,0.380,-3.650,0.550,-1.180,32.062,-21.562,-6.875,1.440,9.570,1.570,26,3,0,0,3
32655,272.625,8.438,-80.625,-1.173,-0.852,1.338,-2.460,9.900,0.780,-4.030,0.360,-0.880,32.062,-21.562,-6.875,1.570,9.530,1.660,26,3,0,0,3
32663,272.375,9.250,-80.062,-1.173,-0.852,1.338,-2.730,9.710,1.190,-4.460,0.210,-0.560,30.250,-22.688,-7.688,1.720,9.490,1.750,26,3,0,0,3
32671,272.062,10.125,-79.500,-1.127,-0.960,1.463,-2.730,9.710,1.190,-4.460,0.210,-0.560,30.250,-22.688,-7.688,1.890,9.440,1.840,26,3,0,0,3
32678,271.625,11.125,-78.938,-1.108,-0.850,1.631,-3.030,9.780,1.350,-4.920,0.330,-0.490,30.250,-22.688,-7.688,2.060,9.380,1.930,26,3,0,0,3
32689,271.062,12.125,-78.312,-1.153,-0.619,1.797,-2.160,9.870,1.380,-4.740,0.060,-0.560,30.250,-22.688,-7.688,2.240,9.320,2.030,26,3,0,0,3
32699,270.375,13.188,-77.688,-1.204,-0.517,1.833,-1.740,10.400,1.630,-4.410,0.540,-0.640,30.250,-22.688,-7.688,2.410,9.260,2.120,26,3,0,0,3
32710,269.750,14.188,-77.062,-1.142,-0.467,1.754,-1.740,10.400,1.630,-4.150,1.130,-0.480,30.250,-22.688,-7.688,2.560,9.200,2.190,26,3,0,0,3
32718,269.125,15.125,-76.562,-0.957,-0.496,1.618,-1.290,10.500,1.730,-3.850,1.290,-0.460,28.500,-25.562,-10.062,2.560,9.200,2.190,26,3,0,0,3
32726,268.625,16.000,-76.125,-0.766,-0.500,1.474,-0.030,10.300,1.910,-2.740,1.150,-0.340,28.500,-25.562,-10.062,2.700,9.150,2.250,26,3,0,0,3
32735,268.625,16.000,-76.125,-0.622,-0.514,1.377,0.330,10.490,1.690,-2.510,1.390,-0.600,28.500,-25.562,-10.062,2.840,9.100,2.290,26,3,0,0,3
32745,267.688,17.625,-75.562,-0.483,-0.548,1.349,0.450,10.520,1.400,-2.510,1.470,-0.910,28.500,-25.562,-10.062,2.970,9.050,2.320,26,3,0,0,3
32755,267.250,18.438,-75.438,-0.324,-0.586,1.368,0.770,10.480,1.340,-2.320,1.470,-0.990,28.500,-25.562,-10.062,3.100,9.000,2.330,26,3,0,0,3
32763,267.250,18.438,-75.438,-0.324,-0.586,1.368,0.890,10.940,0.940,-2.320,1.470,-0.990,25.562,-26.000,-12.375,3.240,8.950,2.330,26,3,0,0,3
32771,266.750,19.312,-75.375,-0.219,-0.662,1.422,0.890,10.940,0.940,-2.350,1.980,-1.380,25.562,-26.000,-12.375,3.380,8.900,2.320,26,3,0,0,3
32779,266.312,20.188,-75.375,-0.165,-0.797,1.480,0.880,11.870,-0.610,-2.390,2.520,-1.930,25.562,-26.000,-12.375,3.540,8.850,2.290,26,3,0,0,3
32789,265.812,21.125,-75.438,-0.075,-0.917,1.534,0.070,11.320,-0.810,-2.660,3.010,-2.900,25.562,-26.000,-12.375,3.690,8.790,2.260,26,3,0,0,3
32800,265.375,22.125,-75.562,0.010,-0.989,1.547,-0.770,10.800,-0.040,-3.610,2.530,-3.070,25.562,-26.000,-12.375,3.840,8.740,2.220,26,3,0,0,3
32811,264.938,23.062,-75.688,0.009,-1.056,1.489,-0.770,10.800,-0.040,-4.610,2.050,-2.270,25.562,-26.000,-12.375,3.840,8.740,2.220,26,3,0,0,3
32819,264.625,23.938,-75.875,-0.004,-1.021,1.368,-1.540,10.570,0.560,-5.520,1.880,-1.610,23.000,-27.375,-13.188,3.980,8.690,2.180,26,3,0,0,3
32826,264.312,24.688,-76.000,-0.023,-0.946,1.232,-1.820,10.980,0.790,-5.930,2.340,-1.350,23.000,-27.375,-13.188,4.100,8.640,2.140,26,3,0,0,3
32835,264.062,25.438,-76.125,-0.023,-0.884,1.142,-2.250,11.960,1.070,-6.470,3.370,-1.030,23.000,-27.375,-13.188,4.210,8.590,2.110,26,3,0,0,3
32846,263.750,26.188,-76.312,0.008,-0.898,1.149,-2.670,12.250,1.330,-7.000,3.700,-0.740,23.000,-27.375,-13.188,4.330,8.540,2.070,26,3,0,0,3
32856,263.500,26.938,-76.562,0.088,-0.969,1.176,-3.580,12.270,1.540,-8.030,3.770,-0.480,23.000,-27.375,-13.188,4.440,8.500,2.030,26,3,0,0,3
32863,263.500,26.938,-76.562,0.088,-0.969,1.176,-6.030,12.340,1.660,-8.030,3.770,-0.480,19.688,-29.000,-13.188,4.550,8.450,1.970,26,3,0,0,3
32871,263.250,27.688,-76.875,0.197,-1.001,1.085,-6.030,12.340,1.660,-10.590,3.880,-0.300,19.688,-29.000,-13.188,4.640,8.420,1.890,26,3,0,0,3
32879,263.062,28.250,-77.312,0.376,-0.969,0.861,-7.270,14.010,-0.960,-11.230,4.510,-1.170,19.688,-29.000,-13.188,4.720,8.400,1.800,26,3,0,0,3
32889,262.875,28.750,-77.875,0.660,-0.890,0.724,-7.650,14.440,-2.450,-11.990,5.610,-2.760,19.688,-29.000,-13.188,4.790,8.390,1.650,26,3,0,0,3
32900,262.625,29.250,-78.875,1.270,-1.066,0.676,-8.710,12.520,-2.230,-12.450,6.040,-4.100,19.688,-29.000,-13.188,4.860,8.390,1.420,26,3,0,0,3
32911,262.500,29.688,-80.312,1.809,-1.575,0.595,-8.710,12.520,-2.230,-13.580,4.130,-3.660,19.688,-29.000,-13.188,4.910,8.400,1.190,26,3,0,0,3
32919,262.625,30.000,-81.875,1.877,-1.729,0.278,-8.750,13.820,-3.030,-13.660,5.410,-4.230,17.500,-32.250,-14.375,4.910,8.400,1.190,26,3,0,0,3
32926,262.875,30.062,-83.562,2.071,-1.654,-0.068,-8.530,14.730,-3.810,-13.450,6.300,-4.750,17.500,-32.250,-14.375,4.920,8.420,0.940,26,3,0,0,3
32935,263.000,30.062,-85.188,2.139,-1.306,-0.235,-5.240,12.850,-3.840,-10.150,4.390,-4.560,17.500,-32.250,-14.375,4.910,8.450,0.710,26,3,0,0,3
32946,263.125,29.812,-86.375,1.738,-0.669,-0.460,-1.130,13.030,-1.610,-6.010,4.540,-2.140,17.500,-32.250,-14.375,4.870,8.480,0.530,26,3,0,0,3
32956,263.188,29.438,-87.062,1.247,-0.082,-0.635,0.500,13.880,0.560,-4.320,5.360,0.130,17.500,-32.250,-14.375,4.820,8.520,0.420,26,3,0,0,3
32964,263.188,29.438,-87.062,1.247,-0.082,-0.635,3.870,12.900,3.240,-0.880,4.340,2.860,16.188,-35.188,-14.062,4.750,8.560,0.370,26,3,0,0,3
32971,263.000,29.000,-87.438,0.826,0.396,-0.831,3.870,12.900,3.240,-0.880,4.340,2.860,16.188,-35.188,-14.062,4.670,8.610,0.380,26,3,0,0,3
32979,263.125,28.438,-87.375,0.271,0.688,-0.916,4.880,12.400,3.650,0.210,3.790,3.260,16.188,-35.188,-14.062,4.570,8.660,0.420,26,3,0,0,3
32989,263.250,27.750,-87.188,0.161,1.011,-1.186,7.930,13.910,2.500,1.190,4.020,2.120,16.188,-35.188,-14.062,4.430,8.730,0.410,26,3,0,0,3
33000,263.750,26.812,-87.250,0.400,0.750,-1.662,9.700,14.820,3.870,3.500,5.170,2.080,16.188,-35.188,-14.062,4.250,8.820,0.380,26,3,0,0,3
33011,264.562,25.688,-87.438,0.564,0.417,-2.077,9.700,14.820,3.870,5.450,6.000,3.480,16.188,-35.188,-14.062,4.250,8.820,0.380,26,3,0,0,3
33018,265.188,24.500,-87.750,0.700,0.297,-2.097,12.020,16.180,1.390,7.950,7.260,1.050,16.875,-34.500,-11.000,4.070,8.910,0.340,26,3,0,0,3
33026,265.188,24.500,-87.750,0.865,-0.105,-2.004,9.680,16.860,2.750,5.780,7.870,2.490,16.875,-34.500,-11.000,3.890,8.990,0.260,26,3,0,0,3
33033,266.125,23.375,-88.312,0.874,-0.453,-1.967,9.060,18.430,2.230,5.340,9.360,2.060,16.875,-34.500,-11.000,3.720,9.060,0.160,26,3,0,0,3
33044,267.250,22.312,-88.875,0.924,-0.632,-1.854,9.560,16.480,0.280,5.990,7.340,0.220,16.875,-34.500,-11.000,3.560,9.130,0.060,26,3,0,0,3
33054,268.438,21.312,-89.562,1.016,-0.519,-1.758,9.510,13.080,1.330,6.100,3.890,1.370,16.875,-34.500,-11.000,3.400,9.190,-0.040,26,3,0,0,3
33063,269.500,20.312,-90.250,1.016,-0.519,-1.758,9.230,11.800,1.450,6.100,3.890,1.370,20.188,-34.062,-10.188,3.250,9.250,-0.110,26,3,0,0,3
33070,270.312,19.312,-90.688,0.708,-0.352,-1.781,9.230,11.800,1.450,5.980,2.550,1.560,20.188,-34.062,-10.188,3.250,9.250,-0.110,26,3,0,0,3
33078,271.375,18.188,-91.000,0.503,-0.131,-2.029,9.240,10.750,1.240,6.170,1.440,1.410,20.188,-34.062,-10.188,3.060,9.310,-0.160,26,3,0,0,3
33088,272.688,16.875,-91.250,0.468,-0.160,-2.362,8.550,6.590,0.680,5.690,-2.780,0.890,20.188,-34.062,-10.188,2.850,9.370,-0.210,26,3,0,0,3
33099,274.250,15.438,-91.562,0.425,-0.230,-2.640,7.770,6.120,0.870,5.150,-3.310,1.130,20.188,-34.062,-10.188,2.350,9.510,-0.290,26,3,0,0,3
33110,275.938,13.875,-91.750,0.304,-0.346,-2.827,7.290,6.260,0.910,4.940,-3.250,1.210,20.188,-34.062,-10.188,2.350,9.510,-0.290,26,3,0,0,3
33117,277.688,12.250,-91.938,0.262,-0.329,-2.822,5.940,7.940,0.960,3.850,-1.620,1.280,23.875,-33.375,-9.750,2.090,9.570,-0.320,26,3,0,0,3
33125,277.688,12.250,-91.938,0.387,-0.180,-2.859,5.930,7.860,0.980,4.100,-1.760,1.340,23.875,-33.375,-9.750,1.820,9.620,-0.360,26,3,0,0,3
33133,279.312,10.688,-92.125,0.387,-0.180,-2.859,5.840,7.090,0.720,4.290,-2.580,1.130,23.875,-33.375,-9.750,1.550,9.670,-0.400,26,3,0,0,3
33143,280.938,9.125,-92.375,0.431,-0.127,-2.863,6.000,6.840,0.500,4.700,-2.860,0.960,23.875,-33.375,-9.750,1.300,9.700,-0.450,26,3,0,0,3
33153,282.438,7.562,-92.625,0.484,-0.061,-2.724,5.770,6.640,0.300,4.700,-3.090,0.820,23.875,-33.375,-9.750,1.060,9.730,-0.510,26,3,0,0,3
33162,283.750,6.188,-93.000,0.663,0.063,-2.536,6.330,6.180,0.760,4.700,-3.090,0.820,23.875,-33.375,-9.750,0.830,9.750,-0.590,26,3,0,0,3
33170,284.875,4.875,-93.438,0.820,0.307,-2.427,6.330,6.180,0.760,5.500,-3.560,1.350,27.562,-30.062,-9.062,0.830,9.750,-0.590,26,3,0,0,3
33178,285.875,3.562,-93.875,0.783,0.359,-2.298,7.160,5.830,0.840,6.540,-3.930,1.500,27.562,-30.062,-9.062,0.610,9.760,-0.660,26,3,0,0,3
33188,286.875,2.438,-94.312,0.812,0.325,-2.145,7.370,5.490,0.790,6.950,-4.270,1.530,27.562,-30.062,-9.062,0.220,9.760,-0.820,26,3,0,0,3
33199,287.812,1.250,-94.750,0.909,0.322,-2.086,6.670,4.560,0.850,6.450,-5.200,1.670,27.562,-30.062,-9.062,0.020,9.760,-0.900,26,3,0,0,3
33210,288.750,0.125,-95.250,0.908,0.312,-2.089,6.000,4.070,1.220,5.980,-5.690,2.130,27.562,-30.062,-9.062,0.020,9.760,-0.900,26,3,0,0,3
33218,289.750,-0.938,-95.750,0.829,0.353,-2.107,5.470,3.740,1.260,5.630,-6.000,2.250,31.188,-27.188,-9.500,-0.160,9.750,-0.980,26,3,0,0,3
33225,289.750,-0.938,-95.750,0.771,0.408,-2.181,5.670,3.650,1.620,6.040,-6.080,2.680,31.188,-27.188,-9.500,-0.360,9.740,-1.060,26,3,0,0,3
33233,290.688,-2.125,-96.188,0.771,0.408,-2.181,6.190,3.690,1.950,6.760,-6.020,3.080,31.188,-27.188,-9.500,-0.560,9.720,-1.120,26,3,0,0,3
33243,291.625,-3.250,-96.562,0.693,0.471,-2.155,6.800,3.690,2.350,7.560,-6.010,3.540,31.188,-27.188,-9.500,-0.750,9.700,-1.180,26,3,0,0,3
33253,292.438,-4.375,-96.938,0.569,0.505,-2.034,7.300,3.480,2.780,8.230,-6.200,4.010,31.188,-27.188,-9.500,-0.920,9.680,-1.230,26,3,0,0,3
33263,293.250,-5.375,-97.250,0.480,0.468,-1.942,7.300,3.480,2.780,8.230,-6.200,4.010,31.188,-27.188,-9.500,-1.110,9.650,-1.270,26,3,0,0,3
33270,294.188,-6.500,-97.500,0.439,0.321,-1.980,7.640,2.880,3.080,8.750,-6.770,4.360,35.188,-25.250,-7.062,-1.110,9.650,-1.270,26,3,0,0,3
33278,295.312,-7.625,-97.750,0.337,0.101,-2.102,7.430,2.450,2.940,8.730,-7.170,4.250,35.188,-25.250,-7.062,-1.300,9.630,-1.310,26,3,0,0,3
33288,296.562,-8.812,-97.812,0.103,-0.001,-2.189,7.660,2.090,2.830,9.170,-7.500,4.150,35.188,-25.250,-7.062,-1.710,9.560,-1.290,26,3,0,0,3
33299,297.750,-10.062,-97.688,-0.266,-0.004,-2.202,7.680,2.050,2.700,9.390,-7.500,3.990,35.188,-25.250,-7.062,-1.910,9.530,-1.230,26,3,0,0,3
33310,298.812,-11.188,-97.375,-0.639,0.062,-2.142,7.800,3.190,2.890,9.720,-6.340,4.130,35.188,-25.250,-7.062,-1.910,9.530,-1.230,26,3,0,0,3
33318,299.875,-12.250,-96.812,-0.959,-0.191,-1.912,7.700,3.820,3.240,9.790,-5.680,4.390,36.875,-22.062,-5.562,-2.080,9.510,-1.140,26,3,0,0,3
33325,299.875,-12.250,-96.812,-0.959,-0.191,-1.912,5.490,4.770,2.630,7.730,-4.710,3.660,36.875,-22.062,-5.562,-2.240,9.490,-1.020,26,3,0,0,3
33333,301.062,-13.188,-96.125,-1.162,-0.765,-1.550,-1.460,7.350,2.080,0.900,-2.110,2.990,36.875,-22.062,-5.562,-2.360,9.470,-0.900,26,3,0,0,3
33343,302.250,-13.938,-95.438,-1.002,-1.019,-1.296,-4.390,9.110,1.390,-1.900,-0.330,2.220,36.875,-22.062,-5.562,-2.480,9.440,-0.820,26,3,0,0,3
33353,303.125,-14.688,-95.000,-0.747,-0.531,-1.263,-7.120,14.310,-9.890,-4.490,4.900,-9.070,36.875,-22.062,-5.562,-2.630,9.410,-0.820,26,3,0,0,3
33363,303.812,-15.500,-94.938,-0.129,0.274,-1.572,-8.290,17.890,-15.100,-4.490,4.900,-9.070,36.875,-22.062,-5.562,-2.770,9.350,-1.000,26,3,0,0,3
33371,304.500,-16.438,-96.062,1.712,0.990,-1.736,-8.290,17.890,-15.100,-5.510,8.540,-14.100,39.062,-17.688,-6.375,-2.770,9.350,-1.000,26,3,0,0,3
33378,305.000,-17.125,-97.562,2.217,1.157,-1.396,-14.030,14.820,-3.780,-11.140,5.540,-2.550,39.062,-17.688,-6.375,-2.890,9.280,-1.230,26,3,0,0,3
33389,304.750,-17.625,-98.000,0.291,1.508,-1.091,-18.370,11.620,-1.440,-15.400,2.370,-0.140,39.062,-17.688,-6.375,-3.060,9.230,-1.250,26,3,0,0,3
33399,304.750,-18.188,-97.688,-0.807,0.735,-1.104,-17.910,11.120,-2.400,-14.850,1.890,-1.150,39.062,-17.688,-6.375,-3.170,9.200,-1.210,26,3,0,0,3
33415,306.375,-18.812,-97.500,0.151,-1.824,-0.972,-26.510,11.970,-4.050,-23.260,2.790,-2.890,40.750,-15.875,-6.375,-3.250,9.170,-1.150,26,3,0,0,3
33422,308.312,-19.312,-97.188,0.337,-2.626,-0.562,-26.510,11.970,-4.050,-23.260,2.790,-2.890,40.750,-15.875,-6.375,-3.260,9.180,-1.070,26,3,0,0,3
33430,308.875,-19.438,-96.625,-0.596,-1.104,-0.086,-14.630,11.990,-1.320,-11.360,2.800,-0.250,40.750,-15.875,-6.375,-3.260,9.190,-0.980,26,3,0,0,3
33440,308.688,-19.438,-96.062,-1.014,0.020,0.029,1.510,9.760,-0.380,-2.080,1.870,0.240,40.750,-15.875,-6.375,-3.280,9.190,-0.910,26,3,0,0,3
33451,308.438,-19.562,-95.625,-0.880,0.298,-0.255,1.240,9.060,0.280,4.800,0.570,0.530,40.750,-15.875,-6.375,-3.320,9.180,-0.870,26,3,0,0,3
33462,308.000,-19.750,-95.438,-0.759,0.926,-0.473,1.240,9.060,0.280,4.570,-0.120,1.160,40.750,-15.875,-6.375,-3.350,9.170,-0.850,26,3,0,0,3
33470,307.125,-20.000,-95.312,-0.900,1.798,-0.572,2.760,8.260,1.230,6.120,-0.900,2.080,40.750,-14.750,-7.062,-3.350,9.170,-0.850,26,3,0,0,3
33477,305.688,-20.062,-95.250,-1.000,2.459,-0.309,4.280,7.260,2.120,7.640,-1.900,2.970,40.750,-14.750,-7.062,-3.360,9.170,-0.840,26,3,0,0,3
33487,304.188,-19.875,-95.438,-0.476,2.376,0.074,9.110,5.770,-0.940,12.450,-3.390,-0.060,40.750,-14.750,-7.062,-3.330,9.170,-0.870,26,3,0,0,3
33497,303.062,-19.438,-96.250,0.877,1.718,0.640,8.850,10.080,-11.050,12.120,0.890,-10.030,40.750,-14.750,-7.062,-3.260,9.190,-1.010,26,3,0,0,3
33507,301.875,-18.625,-97.875,2.359,1.654,1.199,4.380,12.560,-15.540,7.520,3.360,-14.270,40.750,-14.750,-7.062,-3.140,9.200,-1.270,26,3,0,0,3
33515,301.875,-18.625,-97.875,2.359,1.654,1.199,-19.540,15.200,-7.080,-16.520,5.980,-5.610,43.188,-11.875,-5.562,-3.010,9.210,-1.460,26,3,0,0,3
33523,300.938,-17.875,-99.000,1.833,1.080,1.250,-22.960,20.940,-2.260,-16.520,5.980,-5.610,43.188,-11.875,-5.562,-2.930,9.230,-1.520,26,3,0,0,3
33530,299.938,-17.375,-99.375,0.309,1.004,0.744,-22.960,20.940,-2.260,-20.020,11.710,-0.740,43.188,-11.875,-5.562,-2.860,9.250,-1.540,26,3,0,0,3
33540,298.312,-16.938,-99.438,-0.487,2.061,0.419,-0.920,18.780,-2.980,-9.610,15.020,0.190,43.188,-11.875,-5.562,-2.780,9.270,-1.520,26,3,0,0,3
33551,296.500,-16.500,-99.312,-0.876,2.257,0.495,10.820,5.830,2.340,1.860,9.500,-1.450,43.188,-11.875,-5.562,-2.660,9.320,-1.450,26,3,0,0,3
33562,294.625,-15.750,-98.812,-1.309,1.766,1.024,10.820,5.830,2.340,13.490,-3.490,3.790,43.188,-11.875,-5.562,-2.520,9.380,-1.330,26,3,0,0,3
33570,292.688,-14.875,-98.062,-1.525,0.920,1.460,11.520,2.950,4.890,14.050,-6.420,6.230,42.500,-13.000,-1.562,-2.520,9.380,-1.330,26,3,0,0,3
33577,291.312,-14.125,-97.312,-1.481,0.685,1.305,11.880,2.080,5.660,14.280,-7.340,6.880,42.500,-13.000,-1.562,-2.390,9.430,-1.210,26,3,0,0,3
33585,291.312,-14.125,-97.312,-1.168,0.753,0.978,10.940,2.360,6.850,13.240,-7.100,7.980,42.500,-13.000,-1.562,-2.290,9.460,-1.120,26,3,0,0,3
33596,290.125,-13.500,-96.750,-0.553,0.400,0.407,1.550,6.330,5.660,3.800,-3.140,6.750,42.500,-13.000,-1.562,-2.250,9.480,-1.080,26,3,0,0,3
33606,289.562,-13.250,-96.500,-0.352,0.357,0.316,0.130,9.390,2.860,2.360,-0.090,3.930,42.500,-13.000,-1.562,-2.220,9.490,-1.060,26,3,0,0,3
33614,289.125,-13.062,-96.375,-0.352,0.357,0.316,0.860,12.430,1.290,2.360,-0.090,3.930,41.000,-14.500,0.250,-2.150,9.510,-1.020,26,3,0,0,3
33622,288.312,-12.688,-96.125,-0.514,0.279,0.718,0.860,12.430,1.290,3.010,2.910,2.310,41.000,-14.500,0.250,-2.150,9.510,-1.020,26,3,0,0,3
33630,287.312,-12.000,-95.750,-0.669,0.427,1.218,4.940,15.300,2.530,6.980,5.760,3.500,41.000,-14.500,0.250,-2.030,9.540,-0.960,26,3,0,0,3
33639,285.875,-11.062,-95.375,-0.796,0.687,1.618,7.740,11.920,2.310,9.630,2.340,3.210,41.000,-14.500,0.250,-1.880,9.580,-0.900,26,3,0,0,3
33650,284.625,-10.125,-94.812,-1.026,0.328,1.648,6.810,9.790,1.750,8.540,0.170,2.570,41.000,-14.500,0.250,-1.590,9.640,-0.760,26,3,0,0,3
33660,283.688,-9.375,-94.500,-0.642,0.274,1.349,7.040,8.630,-0.130,8.640,-1.000,0.620,41.000,-14.500,0.250,-1.590,9.640,-0.760,26,3,0,0,3
33668,282.875,-8.688,-94.250,-0.375,0.123,1.213,6.290,8.370,-0.160,7.780,-1.290,0.560,40.688,-17.875,-0.062,-1.480,9.660,-0.720,26,3,0,0,3
33676,282.875,-8.688,-94.250,-0.525,-0.405,1.036,4.710,10.460,0.230,6.100,0.770,0.900,40.688,-17.875,-0.062,-1.390,9.680,-0.670,26,3,0,0,3
33683,282.500,-8.125,-93.938,-0.525,-0.405,1.036,2.760,12.090,0.560,4.080,2.390,1.150,40.688,-17.875,-0.062,-1.310,9.700,-0.590,26,3,0,0,3
33694,282.438,-7.688,-93.438,-0.769,-0.886,0.874,1.790,11.080,1.010,3.030,1.360,1.500,40.688,-17.875,-0.062,-1.240,9.710,-0.480,26,3,0,0,3
33704,282.500,-7.250,-92.812,-0.980,-0.939,0.818,1.540,10.630,1.010,2.690,0.900,1.400,40.688,-17.875,-0.062,-1.150,9.730,-0.380,26,3,0,0,3
33713,282.312,-6.750,-92.250,-0.978,-0.693,0.929,0.940,10.340,0.860,2.690,0.900,1.400,40.688,-17.875,-0.062,-1.060,9.740,-0.300,26,3,0,0,3
33721,281.875,-6.188,-91.750,-0.809,-0.400,1.047,0.940,10.340,0.860,2.000,0.600,1.160,39.562,-20.062,-0.062,-1.060,9.740,-0.300,26,3,0,0,3
33729,281.312,-5.562,-91.375,-0.705,-0.183,1.108,0.780,9.740,1.040,1.730,-0.010,1.280,39.562,-20.062,-0.062,-0.950,9.750,-0.230,26,3,0,0,3
33738,280.750,-4.938,-90.938,-0.699,-0.136,1.128,1.550,9.860,2.000,2.400,0.100,2.170,39.562,-20.062,-0.062,-0.850,9.760,-0.160,26,3,0,0,3
33748,280.188,-4.312,-90.562,-0.740,-0.187,1.105,2.580,9.770,2.280,3.330,0.000,2.380,39.562,-20.062,-0.062,-0.740,9.770,-0.090,26,3,0,0,3
33759,279.812,-3.750,-90.125,-0.707,-0.389,1.026,2.860,9.500,2.320,3.510,-0.280,2.350,39.562,-20.062,-0.062,-0.640,9.780,-0.020,26,3,0,0,3
33767,279.312,-3.250,-89.750,-0.635,-0.555,0.887,2.200,9.820,1.780,2.760,0.030,1.740,38.500,-21.062,-0.500,-0.560,9.790,0.030,26,3,0,0,3
33775,279.312,-3.250,-89.750,-0.635,-0.555,0.887,1.070,10.220,0.120,2.760,0.030,1.740,38.500,-21.062,-0.500,-0.490,9.790,0.080,26,3,0,0,3
33782,279.188,-2.875,-89.438,-0.523,-0.600,0.752,0.150,10.020,-0.540,1.570,0.430,0.040,38.500,-21.062,-0.500,-0.410,9.790,0.130,26,3,0,0,3
33792,279.062,-2.375,-89.188,-0.503,-0.588,0.818,-0.250,9.760,-0.680,0.560,0.230,-0.680,38.500,-21.062,-0.500,-0.320,9.790,0.180,26,3,0,0,3
33803,278.812,-1.875,-88.875,-0.494,-0.464,0.924,0.260,9.110,0.170,0.060,-0.030,-0.870,38.500,-21.062,-0.500,-0.230,9.800,0.230,26,3,0,0,3
33813,278.500,-1.375,-88.625,-0.506,-0.453,0.950,0.260,9.110,0.170,0.490,-0.680,-0.060,38.500,-21.062,-0.500,-0.140,9.800,0.280,26,3,0,0,3
33821,278.250,-0.812,-88.250,-0.564,-0.505,0.913,0.430,9.210,0.650,0.580,-0.580,0.360,37.000,-22.875,-3.688,-0.140,9.800,0.280,26,3,0,0,3
33829,278.062,-0.312,-87.938,-0.613,-0.557,0.886,0.650,9.270,0.760,0.710,-0.520,0.410,37.000,-22.875,-3.688,-0.060,9.800,0.340,26,3,0,0,3
33837,277.938,0.125,-87.562,-0.644,-0.670,0.874,0.920,9.220,0.590,0.900,-0.570,0.180,37.000,-22.875,-3.688,0.020,9.790,0.400,26,3,0,0,3
33847,277.875,0.625,-87.250,-0.639,-0.797,0.898,0.770,8.810,0.960,0.650,-0.970,0.490,37.000,-22.875,-3.688,0.110,9.790,0.460,26,3,0,0,3
33857,277.812,1.125,-86.938,-0.577,-0.897,0.908,0.940,8.700,1.190,0.740,-1.090,0.670,37.000,-22.875,-3.688,0.200,9.790,0.520,26,3,0,0,3
33865,277.812,1.125,-86.938,-0.577,-0.897,0.908,0.480,8.810,1.250,0.740,-1.090,0.670,34.500,-25.062,-2.875,0.290,9.780,0.560,26,3,0,0,3
33873,277.562,1.688,-86.625,-0.519,-0.966,0.917,0.480,8.810,1.250,0.190,-0.970,0.680,34.500,-25.062,-2.875,0.380,9.780,0.600,26,3,0,0,3
33881,277.562,2.188,-86.375,-0.451,-0.923,0.861,0.440,9.770,1.130,0.060,0.000,0.520,34.500,-25.062,-2.875,0.460,9.770,0.640,26,3,0,0,3
33890,277.562,2.688,-86.188,-0.423,-0.838,0.826,0.520,9.830,1.210,0.060,0.050,0.560,34.500,-25.062,-2.875,0.540,9.760,0.680,26,3,0,0,3
33901,277.500,3.125,-85.938,-0.457,-0.801,0.785,0.890,9.980,1.620,0.150,0.040,0.740,34.500,-25.062,-2.875,0.610,9.750,0.730,26,3,0,0,3
33912,277.562,3.562,-85.688,-0.556,-0.819,0.720,0.890,9.980,1.620,0.270,0.220,0.890,34.500,-25.062,-2.875,0.610,9.750,0.730,26,3,0,0,3
33920,277.625,4.000,-85.312,-0.668,-0.911,0.672,0.880,10.600,1.360,0.190,0.850,0.570,33.688,-25.062,-6.000,0.680,9.750,0.790,26,3,0,0,3
33927,277.812,4.375,-85.000,-0.711,-0.971,0.648,0.640,10.530,1.250,-0.110,0.790,0.400,33.688,-25.062,-6.000,0.750,9.740,0.850,26,3,0,0,3
33935,277.812,4.375,-85.000,-0.711,-0.971,0.648,0.780,10.130,1.320,-0.030,0.400,0.410,33.688,-25.062,-6.000,0.820,9.720,0.900,26,3,0,0,3
33945,278.000,4.812,-84.625,-0.675,-1.006,0.615,0.680,9.750,1.450,-0.200,0.030,0.480,33.688,-25.062,-6.000,0.890,9.710,0.960,26,3,0,0,3
33955,278.188,5.188,-84.312,-0.705,-1.084,0.608,-0.170,9.820,1.780,-1.130,0.120,0.760,33.688,-25.062,-6.000,0.960,9.700,1.020,26,3,0,0,3
33964,278.500,5.562,-83.938,-0.753,-1.199,0.624,-0.640,9.830,1.980,-1.130,0.120,0.760,33.688,-25.062,-6.000,1.030,9.690,1.080,26,3,0,0,3
33972,278.438,6.062,-83.562,-0.776,-1.216,0.682,-0.640,9.830,1.980,-1.680,0.140,0.890,32.250,-25.875,-6.500,1.030,9.690,1.080,26,3,0,0,3
33980,278.625,6.500,-83.250,-0.741,-1.133,0.731,-0.600,9.750,1.850,-1.720,0.070,0.700,32.250,-25.875,-6.500,1.110,9.670,1.140,26,3,0,0,3
34720,334.312,-17.562,-89.938,0.059,-0.152,-0.560,-4.440,9.950,-2.100,-1.480,0.600,-2.110,29.688,-15.562,-22.375,-2.960,9.340,0.000,26,3,0,0,3
34727,334.312,-17.562,-89.938,0.059,-0.152,-0.560,-4.580,10.190,-2.200,-1.570,0.860,-2.200,29.688,-15.562,-22.375,-3.010,9.330,0.000,26,3,0,0,3
34735,334.750,-17.875,-90.000,0.136,-0.228,-0.511,-4.720,10.500,-2.360,-1.660,1.180,-2.350,29.688,-15.562,-22.375,-3.050,9.310,-0.010,26,3,0,0,3
34745,335.250,-18.125,-90.062,0.251,-0.340,-0.518,-4.780,10.600,-2.470,-1.670,1.300,-2.440,29.688,-15.562,-22.375,-3.100,9.300,-0.030,26,3,0,0,3
34756,335.812,-18.438,-90.188,0.377,-0.409,-0.520,-4.700,10.310,-2.310,-1.550,1.030,-2.250,29.688,-15.562,-22.375,-3.140,9.280,-0.060,26,3,0,0,3
34765,336.375,-18.688,-90.375,0.504,-0.432,-0.471,-4.340,9.900,-2.200,-1.550,1.030,-2.250,29.688,-15.562,-22.375,-3.200,9.260,-0.160,26,3,0,0,3
34773,337.000,-19.062,-91.000,0.597,-0.437,-0.377,-4.340,9.900,-2.200,-1.130,0.630,-2.030,29.375,-15.562,-23.062,-3.200,9.260,-0.160,26,3,0,0,3
34781,337.500,-19.188,-91.250,0.668,-0.452,-0.257,-3.680,9.550,-2.070,-0.450,0.290,-1.860,29.375,-15.562,-23.062,-3.230,9.250,-0.200,26,3,0,0,3
34790,338.000,-19.312,-91.562,0.701,-0.470,-0.151,-2.260,8.850,-1.900,0.980,-0.390,-1.640,29.375,-15.562,-23.062,-3.240,9.250,-0.250,26,3,0,0,3
34800,338.438,-19.312,-91.875,0.706,-0.491,-0.062,-1.670,8.570,-1.730,1.570,-0.670,-1.420,29.375,-15.562,-23.062,-3.250,9.240,-0.300,26,3,0,0,3
34811,338.812,-19.312,-92.188,0.712,-0.500,0.022,-1.890,8.410,-1.600,1.360,-0.830,-1.250,29.375,-15.562,-23.062,-3.250,9.240,-0.350,26,3,0,0,3
34818,338.812,-19.312,-92.188,0.700,-0.429,0.035,-1.630,8.180,-1.390,1.610,-1.060,-0.990,28.875,-14.875,-24.062,-3.250,9.240,-0.400,26,3,0,0,3
34826,339.125,-19.312,-92.438,0.700,-0.429,0.035,-1.210,8.060,-1.290,1.610,-1.060,-0.990,28.875,-14.875,-24.062,-3.240,9.240,-0.450,26,3,0,0,3
34834,339.438,-19.312,-92.750,0.658,-0.328,0.025,-0.810,7.930,-1.110,2.030,-1.170,-0.840,28.875,-14.875,-24.062,-3.240,9.240,-0.490,26,3,0,0,3
34844,339.625,-19.312,-93.062,0.615,-0.212,0.047,-0.470,7.950,-1.020,2.420,-1.300,-0.610,28.875,-14.875,-24.062,-3.230,9.240,-0.540,26,3,0,0,3
34854,339.812,-19.250,-93.375,0.565,-0.135,0.084,-0.210,8.070,-0.920,2.760,-1.280,-0.470,28.875,-14.875,-24.062,-3.220,9.240,-0.590,26,3,0,0,3
34865,339.875,-19.188,-93.625,0.538,-0.115,0.155,-0.210,8.070,-0.920,3.010,-1.160,-0.330,28.875,-14.875,-24.062,-3.200,9.240,-0.630,26,3,0,0,3
34873,339.875,-19.062,-93.875,0.500,-0.088,0.242,-0.210,8.230,-0.760,2.980,-1.010,-0.130,29.000,-16.000,-24.875,-3.200,9.240,-0.630,26,3,0,0,3
34880,339.812,-18.875,-94.125,0.439,-0.069,0.316,-0.110,8.290,-0.710,3.060,-0.950,-0.040,29.000,-16.000,-24.875,-3.170,9.250,-0.660,26,3,0,0,3
34889,339.812,-18.875,-94.125,0.384,-0.124,0.389,-0.100,8.400,-0.940,3.040,-0.850,-0.240,29.000,-16.000,-24.875,-3.140,9.260,-0.690,26,3,0,0,3
34899,339.688,-18.375,-94.438,0.331,-0.204,0.497,-0.390,8.480,-1.070,2.700,-0.790,-0.350,29.000,-16.000,-24.875,-3.090,9.270,-0.720,26,3,0,0,3
34909,339.500,-18.062,-94.500,0.194,-0.235,0.615,-0.680,8.810,-1.160,2.360,-0.470,-0.430,29.000,-16.000,-24.875,-3.040,9.290,-0.730,26,3,0,0,3
34917,339.500,-18.062,-94.500,0.194,-0.235,0.615,-1.060,9.240,-0.820,2.360,-0.470,-0.430,28.250,-18.188,-23.688,-2.980,9.310,-0.720,26,3,0,0,3
34925,339.250,-17.688,-94.438,-0.010,-0.232,0.728,-1.060,9.240,-0.820,1.910,-0.070,-0.100,28.250,-18.188,-23.688,-2.900,9.330,-0.700,26,3,0,0,3
34933,338.875,-17.250,-94.312,-0.141,-0.276,0.818,-1.350,9.730,-0.530,1.550,0.400,0.170,28.250,-18.188,-23.688,-2.900,9.330,-0.700,26,3,0,0,3
34942,338.625,-16.750,-94.188,-0.087,-0.440,0.873,-1.860,9.510,-0.670,0.960,0.150,0.010,28.250,-18.188,-23.688,-2.750,9.380,-0.680,26,3,0,0,3
34953,338.438,-16.250,-94.125,0.087,-0.505,0.937,-2.650,9.290,-1.070,0.380,-0.140,-0.140,28.250,-18.188,-23.688,-2.660,9.410,-0.690,26,3,0,0,3
34963,338.125,-15.688,-94.188,0.283,-0.406,1.021,-2.650,9.290,-1.070,0.000,-0.110,-0.370,28.250,-18.188,-23.688,-2.660,9.410,-0.690,26,3,0,0,3
34971,337.812,-15.125,-94.375,0.443,-0.241,1.136,-3.230,9.690,-1.340,-0.670,0.250,-0.610,27.062,-17.750,-25.562,-2.550,9.430,-0.730,26,3,0,0,3
34979,337.812,-15.125,-94.375,0.621,0.019,1.269,-3.850,9.620,-1.190,-1.410,0.160,-0.400,27.062,-17.750,-25.562,-2.440,9.460,-0.780,26,3,0,0,3
34987,337.188,-14.375,-94.750,0.621,0.019,1.269,-4.110,9.680,-1.160,-1.800,0.190,-0.300,27.062,-17.750,-25.562,-2.310,9.490,-0.860,26,3,0,0,3
34997,336.312,-13.625,-95.188,0.780,0.383,1.403,-3.760,9.290,-0.910,-1.600,-0.220,0.040,27.062,-17.750,-25.562,-2.160,9.510,-0.960,26,3,0,0,3
35007,335.125,-12.750,-95.750,0.873,1.036,1.662,-2.640,8.240,-0.440,-0.640,-1.300,0.620,27.062,-17.750,-25.562,-2.000,9.540,-1.060,26,3,0,0,3
35016,333.688,-11.750,-96.312,0.873,1.036,1.662,-1.860,8.120,-0.350,-0.640,-1.300,0.620,27.062,-17.750,-25.562,-1.820,9.560,-1.150,26,3,0,0,3
35024,332.062,-10.688,-96.875,0.748,1.299,1.725,-1.860,8.120,-0.350,-0.030,-1.430,0.790,26.062,-19.062,-24.875,-1.820,9.560,-1.150,26,3,0,0,3
35032,330.250,-9.688,-97.312,0.544,1.504,1.679,-1.170,8.200,0.320,0.470,-1.380,1.550,26.062,-19.062,-24.875,-1.650,9.580,-1.230,26,3,0,0,3
35041,328.500,-8.750,-97.625,0.352,1.523,1.533,-0.650,8.880,0.280,0.840,-0.710,1.570,26.062,-19.062,-24.875,-1.490,9.600,-1.290,26,3,0,0,3
35052,326.812,-7.875,-97.875,0.280,1.476,1.361,-0.690,9.090,0.180,0.640,-0.520,1.520,26.062,-19.062,-24.875,-1.210,9.630,-1.370,26,3,0,0,3
35063,325.312,-7.125,-98.125,0.226,1.445,1.199,-0.320,9.010,-0.310,0.890,-0.620,1.060,26.062,-19.062,-24.875,-1.210,9.630,-1.370,26,3,0,0,3
35070,323.750,-6.375,-98.250,0.142,1.428,1.120,0.660,8.930,-0.980,1.750,-0.700,0.410,24.188,-23.062,-21.250,-1.090,9.640,-1.400,26,3,0,0,3
35078,323.750,-6.375,-98.250,0.142,1.428,1.120,2.780,8.560,-2.230,3.750,-1.080,-0.800,24.188,-23.062,-21.250,-0.970,9.650,-1.420,26,3,0,0,3
35085,322.312,-5.625,-98.375,0.036,1.334,1.124,3.510,8.400,-2.390,3.750,-1.080,-0.800,24.188,-23.062,-21.250,-0.840,9.660,-1.420,26,3,0,0,3
35095,320.875,-4.938,-98.375,-0.055,1.217,1.128,3.970,8.430,-2.370,4.700,-1.230,-0.940,24.188,-23.062,-21.250,-0.720,9.670,-1.420,26,3,0,0,3
35106,319.562,-4.250,-98.375,-0.092,1.088,1.126,4.300,8.830,-2.000,4.910,-0.840,-0.580,24.188,-23.062,-21.250,-0.600,9.680,-1.420,26,3,0,0,3
35116,318.375,-3.562,-98.312,-0.083,0.902,1.120,4.300,8.830,-2.000,4.910,-0.840,-0.580,24.188,-23.062,-21.250,-0.490,9.680,-1.420,26,3,0,0,3
35123,317.312,-2.875,-98.375,-0.013,0.680,1.115,4.240,9.110,-1.700,4.740,-0.570,-0.270,25.688,-25.375,-20.562,-0.490,9.680,-1.420,26,3,0,0,3
35131,316.375,-2.250,-98.375,0.065,0.457,1.100,3.880,9.370,-1.340,4.270,-0.320,0.090,25.688,-25.375,-20.562,-0.380,9.690,-1.430,26,3,0,0,3
35140,315.625,-1.625,-98.438,0.113,0.299,1.035,3.320,9.500,-1.100,3.610,-0.180,0.340,25.688,-25.375,-20.562,-0.280,9.690,-1.440,26,3,0,0,3
35150,314.938,-1.125,-98.562,0.153,0.233,0.939,1.840,9.790,-0.710,2.040,0.100,0.740,25.688,-25.375,-20.562,-0.190,9.690,-1.460,26,3,0,0,3
35160,314.375,-0.625,-98.625,0.166,0.236,0.825,1.040,9.840,-0.500,1.150,0.140,0.970,25.688,-25.375,-20.562,-0.110,9.690,-1.470,26,3,0,0,3
35168,314.375,-0.625,-98.625,0.166,0.236,0.825,0.330,9.780,-0.340,0.380,0.090,1.140,25.000,-25.750,-20.188,-0.040,9.690,-1.490,26,3,0,0,3
35175,313.812,-0.250,-98.688,0.142,0.273,0.700,0.330,9.780,-0.340,0.380,0.090,1.140,25.000,-25.750,-20.188,0.010,9.690,-1.500,26,3,0,0,3
35183,313.250,0.062,-98.750,0.107,0.364,0.577,-0.170,9.750,-0.450,-0.190,0.060,1.050,25.000,-25.750,-20.188,0.060,9.680,-1.510,26,3,0,0,3
35193,312.688,0.375,-98.812,0.093,0.480,0.457,-0.760,9.790,-1.480,-0.830,0.100,0.020,25.000,-25.750,-20.188,0.100,9.680,-1.520,26,3,0,0,3
35203,312.125,0.562,-98.938,0.156,0.592,0.338,-0.140,9.530,-1.590,-0.830,-0.080,-0.140,25.000,-25.750,-20.188,0.140,9.680,-1.540,26,3,0,0,3
35214,311.500,0.812,-99.000,0.188,0.758,0.273,-0.140,9.530,-1.590,-0.280,-0.140,-0.050,25.000,-25.750,-20.188,0.140,9.680,-1.540,26,3,0,0,3
35222,310.750,1.000,-99.062,0.135,0.904,0.252,0.930,9.770,-1.500,0.750,0.090,0.040,23.875,-27.562,-18.562,0.180,9.680,-1.550,26,3,0,0,3
35230,310.750,1.000,-99.062,0.100,0.891,0.221,0.830,9.780,-1.600,0.610,0.100,-0.040,23.875,-27.562,-18.562,0.210,9.670,-1.560,26,3,0,0,3
35237,310.062,1.250,-99.125,0.100,0.891,0.221,0.640,9.740,-1.880,0.400,0.070,-0.310,23.875,-27.562,-18.562,0.240,9.670,-1.560,26,3,0,0,3
35247,309.438,1.375,-99.188,0.113,0.800,0.139,0.560,9.820,-2.140,0.310,0.150,-0.560,23.875,-27.562,-18.562,0.250,9.670,-1.570,26,3,0,0,3
35257,308.938,1.438,-99.250,0.127,0.730,0.057,-0.180,10.070,-2.320,-0.450,0.400,-0.730,23.875,-27.562,-18.562,0.260,9.670,-1.580,26,3,0,0,3
35267,308.500,1.500,-99.312,0.103,0.674,-0.004,-0.560,9.900,-2.030,-0.450,0.400,-0.730,23.875,-27.562,-18.562,0.260,9.670,-1.580,26,3,0,0,3
35274,308.062,1.562,-99.312,0.044,0.569,-0.064,-0.560,9.900,-2.030,-0.830,0.220,-0.440,25.375,-28.375,-17.375,0.260,9.670,-1.580,26,3,0,0,3
35282,307.750,1.562,-99.250,-0.124,0.484,-0.072,-0.460,9.680,-1.710,-0.730,0.000,-0.140,25.375,-28.375,-17.375,0.270,9.670,-1.570,26,3,0,0,3
35291,307.500,1.625,-99.000,-0.397,0.368,0.026,-0.010,9.530,-1.580,-0.290,-0.140,-0.040,25.375,-28.375,-17.375,0.270,9.680,-1.530,26,3,0,0,3
35302,307.312,1.688,-98.562,-0.744,0.175,0.189,0.970,9.040,0.020,0.670,-0.640,1.490,25.375,-28.375,-17.375,0.290,9.690,-1.460,26,3,0,0,3
35313,307.250,1.875,-98.000,-1.102,-0.098,0.347,1.720,8.840,0.740,1.390,-0.860,2.100,25.375,-28.375,-17.375,0.320,9.700,-1.360,26,3,0,0,3
35320,307.250,1.875,-98.000,-1.340,-0.400,0.445,2.360,8.960,1.240,1.990,-0.750,2.480,24.562,-27.500,-17.750,0.360,9.720,-1.240,26,3,0,0,3
35328,307.312,2.125,-97.250,-1.340,-0.400,0.445,1.620,11.020,-0.880,1.990,-0.750,2.480,24.562,-27.500,-17.750,0.400,9.730,-1.110,26,3,0,0,3
35336,307.500,2.312,-96.500,-1.359,-0.645,0.446,0.160,12.250,-2.220,1.220,1.290,0.220,24.562,-27.500,-17.750,0.420,9.740,-1.020,26,3,0,0,3
35345,307.750,2.438,-95.938,-1.017,-0.716,0.348,-1.340,13.350,-3.730,-0.260,2.510,-1.190,24.562,-27.500,-17.750,0.430,9.740,-0.980,26,3,0,0,3
35355,308.062,2.500,-95.750,-0.449,-0.615,0.163,-3.410,14.150,-4.100,-1.770,3.600,-2.740,24.562,-27.500,-17.750,0.430,9.740,-0.990,26,3,0,0,3
35366,308.312,2.500,-95.812,0.104,-0.523,0.050,-3.410,14.150,-4.100,-3.850,4.400,-3.100,24.562,-27.500,-17.750,0.430,9.740,-1.020,26,3,0,0,3
35374,308.562,2.500,-95.938,0.259,-0.326,0.001,-5.830,14.670,-3.660,-6.270,4.930,-2.640,25.000,-26.875,-19.000,0.430,9.740,-1.020,26,3,0,0,3
35381,308.438,2.500,-95.938,-0.039,0.109,0.036,-4.170,12.890,-3.220,-4.610,3.150,-2.200,25.000,-26.875,-19.000,0.430,9.740,-1.010,26,3,0,0,3
35390,308.125,2.625,-95.688,-0.427,0.459,0.094,-2.840,10.550,-3.020,-3.290,0.800,-2.040,25.000,-26.875,-19.000,0.450,9.740,-0.970,26,3,0,0,3
35400,307.750,2.625,-95.250,-0.716,0.673,0.000,-0.870,7.370,-2.590,-1.320,-2.380,-1.680,25.000,-26.875,-19.000,0.450,9.750,-0.900,26,3,0,0,3
35410,307.375,2.625,-94.812,-0.821,0.802,-0.119,0.080,6.860,-2.000,-0.370,-2.890,-1.180,25.000,-26.875,-19.000,0.450,9.760,-0.820,26,3,0,0,3
35423,306.875,2.562,-94.312,-0.812,0.893,-0.202,1.010,6.990,-1.370,0.570,-2.770,-0.630,25.000,-27.562,-19.000,0.430,9.760,-0.740,26,3,0,0,3
35430,306.438,2.500,-93.875,-0.769,0.972,-0.190,1.130,7.560,-0.600,0.700,-2.210,0.050,25.000,-27.562,-19.000,0.420,9.770,-0.660,26,3,0,0,3
35438,306.438,2.500,-93.875,-0.769,0.972,-0.190,-0.630,9.220,0.330,-1.050,-0.550,0.930,25.000,-27.562,-19.000,0.410,9.770,-0.590,26,3,0,0,3
35448,305.938,2.438,-93.438,-0.668,1.061,-0.194,-1.340,10.090,0.430,-1.750,0.310,0.950,25.000,-27.562,-19.000,0.400,9.780,-0.520,26,3,0,0,3
35458,305.438,2.375,-93.000,-0.553,1.066,-0.245,-1.590,10.430,0.210,-1.980,0.650,0.670,25.000,-27.562,-19.000,0.380,9.780,-0.460,26,3,0,0,3
35467,305.000,2.250,-92.688,-0.553,1.066,-0.245,-1.590,10.190,-0.180,-1.980,0.650,0.670,25.000,-27.562,-19.000,0.370,9.790,-0.420,26,3,0,0,3
35475,304.438,2.125,-92.438,-0.428,1.097,-0.215,-1.590,10.190,-0.180,-1.960,0.400,0.240,26.062,-26.375,-19.375,0.370,9.790,-0.420,26,3,0,0,3
35483,303.812,2.125,-92.188,-0.387,1.208,-0.145,-0.900,9.610,-0.450,-1.270,-0.170,-0.070,26.062,-26.375,-19.375,0.360,9.790,-0.380,26,3,0,0,3
35492,303.062,2.125,-91.938,-0.457,1.319,-0.052,-0.350,9.610,-0.270,-0.720,-0.170,0.050,26.062,-26.375,-19.375,0.360,9.790,-0.330,26,3,0,0,3
35503,302.312,2.125,-91.562,-0.536,1.380,0.013,-0.040,9.760,0.190,-0.410,-0.030,0.470,26.062,-26.375,-19.375,0.370,9.790,-0.210,26,3,0,0,3
35514,301.500,2.125,-91.250,-0.590,1.393,0.014,0.050,10.110,1.130,-0.320,0.310,1.350,26.062,-26.375,-19.375,0.370,9.790,-0.210,26,3,0,0,3
35521,300.688,2.188,-90.875,-0.599,1.356,-0.002,-0.170,10.190,1.360,-0.540,0.390,1.520,26.750,-24.562,-18.188,0.370,9.790,-0.150,26,3,0,0,3
35529,300.688,2.188,-90.875,-0.530,1.293,-0.014,-0.420,10.210,1.510,-0.800,0.410,1.610,26.750,-24.562,-18.188,0.370,9.790,-0.090,26,3,0,0,3
35537,300.000,2.188,-90.562,-0.530,1.293,-0.014,-0.560,10.150,1.380,-0.940,0.350,1.440,26.750,-24.562,-18.188,0.370,9.790,-0.050,26,3,0,0,3
35546,299.312,2.188,-90.312,-0.425,1.222,-0.001,-0.460,9.880,1.060,-0.840,0.080,1.080,26.750,-24.562,-18.188,0.380,9.790,-0.010,26,3,0,0,3
35557,298.625,2.188,-90.062,-0.339,1.160,0.027,-0.220,9.800,1.020,-0.610,0.000,1.000,26.750,-24.562,-18.188,0.380,9.790,0.010,26,3,0,0,3
35567,298.000,2.250,-89.875,-0.303,1.096,0.059,-0.220,9.800,1.020,-0.610,0.000,1.000,26.750,-24.562,-18.188,0.390,9.790,0.040,26,3,0,0,3
35574,297.375,2.250,-89.688,-0.295,1.000,0.087,-0.030,9.830,0.960,-0.430,0.030,0.920,27.875,-25.688,-17.375,0.390,9.790,0.040,26,3,0,0,3
35582,296.875,2.312,-89.500,-0.265,0.873,0.097,-0.270,9.860,0.570,-0.670,0.060,0.490,27.875,-25.688,-17.375,0.400,9.790,0.070,26,3,0,0,3
35591,296.375,2.375,-89.375,-0.204,0.743,0.083,-0.480,9.830,0.310,-0.890,0.030,0.210,27.875,-25.688,-17.375,0.410,9.790,0.090,26,3,0,0,3
35602,296.000,2.375,-89.312,-0.167,0.668,0.052,-0.610,9.780,0.340,-1.030,-0.010,0.220,27.875,-25.688,-17.375,0.410,9.790,0.110,26,3,0,0,3
35613,295.688,2.375,-89.188,-0.155,0.593,0.022,-0.640,9.850,0.400,-1.050,0.060,0.260,27.875,-25.688,-17.375,0.410,9.790,0.130,26,3,0,0,3
35620,295.688,2.375,-89.188,-0.155,0.499,0.000,-0.440,9.890,0.710,-0.850,0.100,0.560,29.375,-25.688,-16.188,0.410,9.790,0.140,26,3,0,0,3
35628,295.312,2.375,-89.062,-0.155,0.499,0.000,-0.500,9.860,0.870,-0.850,0.100,0.560,29.375,-25.688,-16.188,0.410,9.790,0.160,26,3,0,0,3
35636,295.125,2.375,-89.000,-0.147,0.418,-0.020,-0.520,9.820,0.700,-0.910,0.060,0.700,29.375,-25.688,-16.188,0.400,9.790,0.170,26,3,0,0,3
35645,294.938,2.375,-88.938,-0.124,0.343,-0.029,-0.290,9.720,0.590,-0.930,0.020,0.520,29.375,-25.688,-16.188,0.380,9.790,0.200,26,3,0,0,3
35655,294.938,2.250,-88.812,-0.094,0.297,-0.027,0.470,9.470,0.590,-0.670,-0.070,0.390,29.375,-25.688,-16.188,0.380,9.790,0.200,26,3,0,0,3
35666,294.750,2.188,-88.750,-0.085,0.278,-0.011,0.470,9.470,0.590,0.080,-0.320,0.380,29.375,-25.688,-16.188,0.380,9.790,0.210,26,3,0,0,3
35674,294.562,2.250,-88.688,-0.089,0.228,0.011,0.760,9.490,0.650,0.380,-0.300,0.430,30.062,-23.875,-15.375,0.380,9.790,0.210,26,3,0,0,3
35681,294.438,2.250,-88.625,-0.099,0.177,0.028,0.950,9.560,0.700,0.560,-0.220,0.470,30.062,-23.875,-15.375,0.380,9.790,0.220,26,3,0,0,3
35690,294.438,2.250,-88.625,-0.109,0.164,0.045,0.870,9.820,0.860,0.470,0.020,0.620,30.062,-23.875,-15.375,0.390,9.790,0.240,26,3,0,0,3
35700,294.312,2.250,-88.562,-0.108,0.177,0.052,0.770,9.860,0.980,0.370,0.060,0.730,30.062,-23.875,-15.375,0.390,9.790,0.250,26,3,0,0,3
35710,294.188,2.312,-88.500,-0.098,0.203,0.055,0.750,9.880,0.930,0.350,0.080,0.670,30.062,-23.875,-15.375,0.400,9.790,0.260,26,3,0,0,3
35718,294.062,2.312,-88.438,-0.098,0.203,0.055,0.770,9.740,0.900,0.350,0.080,0.670,30.062,-23.062,-14.250,0.400,9.790,0.270,26,3,0,0,3
35726,293.750,2.312,-88.375,-0.086,0.228,0.056,0.770,9.740,0.900,0.370,-0.050,0.630,30.062,-23.062,-14.250,0.400,9.790,0.270,26,3,0,0,3
35734,293.562,2.375,-88.312,-0.087,0.240,0.060,0.900,9.580,0.570,0.480,-0.200,0.290,30.062,-23.062,-14.250,0.410,9.790,0.270,26,3,0,0,3
35743,293.312,2.438,-88.250,-0.091,0.250,0.071,0.960,9.570,0.540,0.530,-0.210,0.240,30.062,-23.062,-14.250,0.420,9.790,0.290,26,3,0,0,3
35753,293.188,2.500,-88.188,-0.098,0.255,0.079,0.950,9.680,0.600,0.510,-0.110,0.290,30.062,-23.062,-14.250,0.440,9.790,0.310,26,3,0,0,3
35764,293.000,2.562,-88.125,-0.097,0.269,0.082,0.810,9.760,0.680,0.370,-0.020,0.360,30.062,-23.062,-14.250,0.440,9.790,0.310,26,3,0,0,3
35772,292.688,2.562,-88.062,-0.089,0.283,0.080,0.380,9.660,0.760,-0.060,-0.120,0.430,30.875,-25.000,-15.062,0.440,9.790,0.320,26,3,0,0,3
35780,292.688,2.562,-88.062,-0.089,0.283,0.080,0.340,9.640,0.480,-0.100,-0.140,0.150,30.875,-25.000,-15.062,0.450,9.790,0.330,26,3,0,0,3
35787,292.500,2.625,-88.000,-0.082,0.276,0.079,0.450,9.600,0.410,0.000,-0.180,0.060,30.875,-25.000,-15.062,0.460,9.780,0.340,26,3,0,0,3
35797,292.312,2.688,-87.938,-0.085,0.228,0.087,0.540,9.740,0.640,0.070,-0.040,0.280,30.875,-25.000,-15.062,0.470,9.780,0.350,26,3,0,0,3
35808,292.188,2.750,-87.875,-0.107,0.200,0.107,0.470,9.810,0.870,0.000,0.020,0.500,30.875,-25.000,-15.062,0.480,9.780,0.360,26,3,0,0,3
35817,292.000,2.812,-87.812,-0.112,0.170,0.123,0.410,9.890,0.890,0.000,0.020,0.500,30.875,-25.000,-15.062,0.490,9.780,0.370,26,3,0,0,3
35825,291.688,2.875,-87.750,-0.108,0.141,0.115,0.410,9.890,0.890,-0.070,0.110,0.510,30.500,-24.250,-13.875,0.490,9.780,0.370,26,3,0,0,3
35833,291.562,2.875,-87.688,-0.074,0.101,0.104,0.310,9.840,0.800,-0.180,0.060,0.410,30.500,-24.250,-13.875,0.500,9.780,0.380,26,3,0,0,3
35842,291.500,2.938,-87.688,-0.049,0.087,0.101,0.190,9.660,0.610,-0.310,-0.110,0.220,30.500,-24.250,-13.875,0.510,9.780,0.390,26,3,0,0,3
35852,291.375,3.000,-87.625,-0.036,0.081,0.107,0.220,9.680,0.470,-0.290,-0.100,0.070,30.500,-24.250,-13.875,0.520,9.780,0.390,26,3,0,0,3
35863,291.250,3.062,-87.625,-0.029,0.071,0.116,0.220,9.710,0.380,-0.300,-0.060,-0.010,30.500,-24.250,-13.875,0.530,9.780,0.390,26,3,0,0,3
35871,291.250,3.062,-87.625,-0.043,0.073,0.128,0.490,9.770,0.590,-0.050,0.000,0.190,30.500,-25.000,-13.875,0.540,9.780,0.400,26,3,0,0,3
35878,291.062,3.125,-87.625,-0.043,0.073,0.128,0.510,9.840,0.580,-0.050,0.000,0.190,30.500,-25.000,-13.875,0.550,9.780,0.400,26,3,0,0,3
35886,290.938,3.188,-87.562,-0.045,0.072,0.122,0.450,9.710,0.680,-0.030,0.050,0.180,30.500,-25.000,-13.875,0.560,9.780,0.410,26,3,0,0,3
35896,290.812,3.250,-87.562,-0.032,0.060,0.116,0.280,9.680,0.850,-0.100,-0.060,0.270,30.500,-25.000,-13.875,0.570,9.780,0.410,26,3,0,0,3
35906,290.750,3.312,-87.500,-0.019,0.049,0.106,-0.090,9.930,0.750,-0.280,-0.090,0.430,30.500,-25.000,-13.875,0.570,9.780,0.420,26,3,0,0,3
35916,290.750,3.312,-87.500,-0.013,0.036,0.088,-0.090,9.930,0.750,-0.660,0.150,0.330,30.500,-25.000,-13.875,0.580,9.780,0.420,26,3,0,0,3
35924,290.625,3.375,-87.500,0.003,0.026,0.074,0.090,9.940,0.270,-0.480,0.160,-0.140,29.375,-23.500,-13.562,0.580,9.780,0.420,26,3,0,0,3
35931,290.562,3.438,-87.500,0.031,0.036,0.070,0.430,9.740,0.080,-0.150,-0.030,-0.340,29.375,-23.500,-13.562,0.580,9.770,0.420,26,3,0,0,3
35939,290.562,3.438,-87.500,0.028,0.035,0.080,0.730,9.480,0.080,0.130,-0.290,-0.330,29.375,-23.500,-13.562,0.590,9.770,0.410,26,3,0,0,3
35950,290.500,3.438,-87.500,-0.014,0.011,0.094,1.040,9.350,0.950,0.430,-0.420,0.530,29.375,-23.500,-13.562,0.600,9.770,0.420,26,3,0,0,3
35960,290.438,3.500,-87.500,-0.057,-0.034,0.099,0.780,9.760,0.920,0.160,-0.010,0.490,29.375,-23.500,-13.562,0.610,9.770,0.420,26,3,0,0,3
35968,290.375,3.562,-87.500,-0.057,-0.034,0.099,0.420,10.120,0.950,0.160,-0.010,0.490,29.375,-23.500,-13.562,0.620,9.770,0.420,26,3,0,0,3
35976,290.375,3.625,-87.438,-0.012,-0.051,0.085,0.420,10.120,0.950,-0.200,0.340,0.520,29.375,-24.562,-14.750,0.620,9.770,0.420,26,3,0,0,3
35984,290.312,3.625,-87.500,0.062,-0.009,0.062,0.210,9.920,0.840,-0.410,0.140,0.420,29.375,-24.562,-14.750,0.620,9.770,0.420,26,3,0,0,3
35994,290.250,3.688,-87.562,0.101,0.068,0.057,0.280,9.790,0.740,-0.350,0.010,0.330,29.375,-24.562,-14.750,0.630,9.770,0.400,26,3,0,0,3
36004,290.125,3.688,-87.625,0.112,0.131,0.067,0.600,9.750,0.530,-0.280,-0.050,0.280,29.375,-24.562,-14.750,0.640,9.770,0.390,26,3,0,0,3
36015,290.000,3.750,-87.688,0.119,0.185,0.075,0.600,9.750,0.530,-0.030,-0.020,0.140,29.375,-24.562,-14.750,0.640,9.770,0.390,26,3,0,0,3
36023,289.688,3.812,-87.750,0.147,0.212,0.077,1.170,9.580,0.430,0.520,-0.190,0.050,31.500,-24.562,-13.875,0.650,9.770,0.370,26,3,0,0,3
36031,289.688,3.812,-87.750,0.149,0.225,0.084,1.390,9.500,0.400,0.730,-0.270,0.030,31.500,-24.562,-13.875,0.650,9.770,0.360,26,3,0,0,3
36038,289.500,3.812,-87.812,0.149,0.225,0.084,1.470,9.520,0.280,0.800,-0.250,-0.060,31.500,-24.562,-13.875,0.660,9.770,0.350,26,3,0,0,3
36049,289.312,3.875,-87.875,0.136,0.215,0.096,1.570,9.480,0.370,0.890,-0.290,0.030,31.500,-24.562,-13.875,0.670,9.770,0.340,26,3,0,0,3
36059,289.188,3.938,-87.938,0.084,0.116,0.104,1.620,9.510,0.360,0.930,-0.260,0.030,31.500,-24.562,-13.875,0.680,9.770,0.330,26,3,0,0,3
36068,289.062,4.000,-88.000,0.084,0.116,0.104,1.740,9.530,0.340,0.930,-0.260,0.030,31.500,-24.562,-13.875,0.690,9.770,0.330,26,3,0,0,3
36076,288.938,4.062,-88.000,0.053,0.055,0.098,1.740,9.530,0.340,1.040,-0.240,0.010,29.688,-25.250,-14.250,0.690,9.770,0.330,26,3,0,0,3
36084,288.938,4.062,-88.062,0.035,-0.021,0.087,1.770,9.590,0.340,1.060,-0.180,0.010,29.688,-25.250,-14.250,0.700,9.770,0.320,26,3,0,0,3
36093,288.875,4.125,-88.062,0.014,-0.062,0.077,1.820,9.580,0.370,1.110,-0.190,0.040,29.688,-25.250,-14.250,0.710,9.770,0.320,26,3,0,0,3
36104,288.938,4.188,-88.062,-0.011,-0.109,0.064,1.740,9.620,0.410,1.020,-0.140,0.080,29.688,-25.250,-14.250,0.720,9.770,0.320,26,3,0,0,3
36115,289.000,4.188,-88.062,-0.023,-0.178,0.055,1.610,9.660,0.390,0.890,-0.110,0.060,29.688,-25.250,-14.250,0.720,9.770,0.320,26,3,0,0,3
36123,289.125,4.250,-88.062,-0.020,-0.240,0.061,1.470,9.640,0.300,0.740,-0.120,-0.020,29.375,-25.688,-15.062,0.730,9.770,0.320,26,3,0,0,3
36130,289.125,4.250,-88.062,-0.017,-0.287,0.077,1.370,9.630,0.060,0.630,-0.130,-0.260,29.375,-25.688,-15.062,0.730,9.770,0.320,26,3,0,0,3
36138,289.250,4.312,-88.062,-0.017,-0.287,0.077,1.270,9.590,0.120,0.520,-0.170,-0.200,29.375,-25.688,-15.062,0.740,9.770,0.320,26,3,0,0,3
36149,289.375,4.375,-88.062,-0.039,-0.339,0.087,1.170,9.590,0.300,0.410,-0.180,-0.030,29.375,-25.688,-15.062,0.750,9.770,0.330,26,3,0,0,3
36159,289.500,4.438,-88.000,-0.077,-0.355,0.097,0.850,9.570,0.580,0.080,-0.190,0.240,29.375,-25.688,-15.062,0.760,9.770,0.340,26,3,0,0,3
36168,289.688,4.438,-87.938,-0.111,-0.383,0.093,0.680,9.650,0.630,0.080,-0.190,0.240,29.375,-25.688,-15.062,0.770,9.760,0.350,26,3,0,0,3
36176,289.812,4.500,-87.938,-0.135,-0.424,0.075,0.680,9.650,0.630,-0.090,-0.110,0.280,29.688,-25.000,-13.562,0.770,9.760,0.350,26,3,0,0,3
36184,290.062,4.562,-87.875,-0.108,-0.449,0.079,0.560,9.680,0.580,-0.220,-0.080,0.230,29.688,-25.000,-13.562,0.780,9.760,0.350,26,3,0,0,3
36193,290.250,4.625,-87.875,-0.077,-0.458,0.082,0.450,9.730,0.440,-0.340,-0.030,0.070,29.688,-25.000,-13.562,0.790,9.760,0.360,26,3,0,0,3
36204,290.438,4.688,-87.812,-0.053,-0.401,0.087,0.510,9.650,0.360,-0.290,-0.110,0.000,29.688,-25.000,-13.562,0.810,9.760,0.360,26,3,0,0,3
36215,290.562,4.750,-87.812,-0.033,-0.351,0.091,0.460,9.670,0.310,-0.350,-0.090,-0.050,29.688,-25.000,-13.562,0.810,9.760,0.360,26,3,0,0,3
36223,290.625,4.812,-87.812,-0.019,-0.297,0.104,0.570,9.610,0.270,-0.240,-0.150,-0.090,29.688,-25.000,-14.750,0.820,9.760,0.360,26,3,0,0,3
36230,290.625,4.812,-87.812,-0.019,-0.297,0.104,0.720,9.620,0.200,-0.110,-0.130,-0.150,29.688,-25.000,-14.750,0.830,9.760,0.360,26,3,0,0,3
36238,290.750,4.875,-87.812,-0.019,-0.263,0.107,0.860,9.560,-0.010,0.010,-0.190,-0.380,29.688,-25.000,-14.750,0.840,9.760,0.360,26,3,0,0,3
36248,290.812,4.938,-87.812,-0.017,-0.230,0.105,0.880,9.550,0.000,0.020,-0.200,-0.370,29.688,-25.000,-14.750,0.850,9.760,0.360,26,3,0,0,3
36258,290.812,5.000,-87.812,-0.015,-0.200,0.105,0.880,9.590,0.100,0.010,-0.170,-0.250,29.688,-25.000,-14.750,0.860,9.760,0.360,26,3,0,0,3
36268,290.875,5.062,-87.812,-0.031,-0.147,0.101,0.900,9.660,0.300,0.010,-0.170,-0.250,29.688,-25.000,-14.750,0.870,9.760,0.360,26,3,0,0,3
36276,290.875,5.125,-87.812,-0.046,-0.091,0.098,0.900,9.660,0.300,0.030,-0.090,-0.060,29.000,-26.375,-15.875,0.870,9.760,0.360,26,3,0,0,3
36284,290.812,5.188,-87.750,-0.061,-0.037,0.091,0.970,9.620,0.430,0.080,-0.120,0.050,29.000,-26.375,-15.875,0.880,9.750,0.370,26,3,0,0,3
36293,290.750,5.188,-87.750,-0.067,0.015,0.081,1.020,9.570,0.400,0.130,-0.180,0.020,29.000,-26.375,-15.875,0.890,9.750,0.380,26,3,0,0,3
36304,290.688,5.250,-87.688,-0.069,0.055,0.079,1.100,9.610,0.500,0.200,-0.140,0.110,29.000,-26.375,-15.875,0.910,9.750,0.390,26,3,0,0,3
36315,290.625,5.312,-87.688,-0.059,0.077,0.083,1.180,9.590,0.640,0.270,-0.160,0.250,29.000,-26.375,-15.875,0.910,9.750,0.390,26,3,0,0,3
36322,290.375,5.375,-87.625,-0.046,0.095,0.097,1.190,9.590,0.680,0.270,-0.160,0.280,29.688,-26.062,-14.750,0.910,9.750,0.390,26,3,0,0,3
36330,290.375,5.375,-87.625,-0.046,0.095,0.097,1.300,9.610,0.640,0.270,-0.160,0.280,29.688,-26.062,-14.750,0.920,9.750,0.400,26,3,0,0,3
36338,290.250,5.438,-87.625,-0.037,0.119,0.112,1.460,9.590,0.500,0.370,-0.140,0.230,29.688,-26.062,-14.750,0.940,9.750,0.400,26,3,0,0,3
36347,290.125,5.500,-87.562,-0.036,0.137,0.120,1.490,9.570,0.500,0.510,-0.160,0.090,29.688,-26.062,-14.750,0.950,9.750,0.410,26,3,0,0,3
36357,289.938,5.562,-87.562,-0.026,0.149,0.120,1.450,9.570,0.450,0.540,-0.170,0.090,29.688,-26.062,-14.750,0.960,9.750,0.410,26,3,0,0,3
36368,289.812,5.625,-87.500,-0.014,0.154,0.123,1.450,9.570,0.450,0.490,-0.170,0.030,29.688,-26.062,-14.750,0.970,9.740,0.410,26,3,0,0,3
36375,289.625,5.688,-87.500,-0.005,0.147,0.119,1.440,9.550,0.390,0.460,-0.190,-0.020,28.688,-26.750,-15.062,0.970,9.740,0.410,26,3,0,0,3
36383,289.500,5.750,-87.500,-0.002,0.151,0.118,1.420,9.580,0.350,0.440,-0.160,-0.050,28.688,-26.750,-15.062,0.980,9.740,0.410,26,3,0,0,3
36391,289.500,5.750,-87.500,-0.007,0.155,0.110,1.330,9.620,0.270,0.330,-0.120,-0.140,28.688,-26.750,-15.062,0.990,9.740,0.410,26,3,0,0,3
36400,289.312,5.812,-87.500,-0.005,0.153,0.099,1.280,9.580,0.310,0.270,-0.150,-0.100,28.688,-26.750,-15.062,1.010,9.740,0.410,26,3,0,0,3
36410,289.125,5.875,-87.500,-0.031,0.144,0.086,1.160,9.540,0.320,0.140,-0.200,-0.100,28.688,-26.750,-15.062,1.020,9.740,0.420,26,3,0,0,3
36419,289.000,5.938,-87.500,-0.031,0.144,0.086,1.350,9.580,0.450,0.140,-0.200,-0.100,28.688,-26.750,-15.062,1.030,9.740,0.420,26,3,0,0,3
36426,288.875,6.000,-87.438,-0.022,0.161,0.096,1.350,9.580,0.450,0.310,-0.150,0.020,29.000,-26.062,-15.875,1.030,9.740,0.420,26,3,0,0,3
36434,288.688,6.062,-87.438,-0.008,0.151,0.097,1.320,9.640,0.460,0.280,-0.090,0.040,29.000,-26.062,-15.875,1.040,9.740,0.420,26,3,0,0,3
36442,288.562,6.125,-87.438,-0.027,0.139,0.083,1.490,9.730,0.360,0.430,-0.010,-0.060,29.000,-26.062,-15.875,1.050,9.740,0.430,26,3,0,0,3
36451,288.562,6.125,-87.438,-0.036,0.128,0.077,1.510,9.520,0.400,0.450,-0.210,-0.030,29.000,-26.062,-15.875,1.060,9.730,0.430,26,3,0,0,3
36460,288.438,6.188,-87.438,-0.037,0.132,0.072,1.450,9.520,0.470,0.370,-0.200,0.030,29.000,-26.062,-15.875,1.070,9.730,0.440,26,3,0,0,3
36469,288.312,6.312,-87.375,-0.037,0.132,0.072,1.420,9.520,0.530,0.370,-0.200,0.030,29.000,-26.062,-15.875,1.090,9.730,0.440,26,3,0,0,3
36477,288.125,6.375,-87.312,-0.041,0.149,0.073,1.420,9.520,0.530,0.330,-0.210,0.080,28.250,-25.688,-15.062,1.090,9.730,0.440,26,3,0,0,3
36484,288.000,6.438,-87.312,-0.046,0.179,0.080,1.460,9.570,0.570,0.360,-0.160,0.120,28.250,-25.688,-15.062,1.100,9.730,0.450,26,3,0,0,3
36492,287.812,6.500,-87.250,-0.039,0.189,0.077,1.450,9.670,0.540,0.340,-0.050,0.080,28.250,-25.688,-15.062,1.110,9.730,0.460,26,3,0,0,3
36501,287.812,6.500,-87.250,-0.031,0.196,0.080,1.470,9.660,0.560,0.350,-0.060,0.090,28.250,-25.688,-15.062,1.120,9.730,0.460,26,3,0,0,3
36510,287.625,6.562,-87.250,-0.023,0.189,0.082,1.470,9.600,0.490,0.340,-0.120,0.020,28.250,-25.688,-15.062,1.130,9.720,0.470,26,3,0,0,3
36519,287.500,6.625,-87.188,-0.023,0.189,0.082,1.530,9.510,0.420,0.340,-0.120,0.020,27.875,-25.688,-15.062,1.140,9.720,0.470,26,3,0,0,3
36527,287.312,6.688,-87.188,-0.029,0.191,0.079,1.530,9.550,0.440,0.390,-0.200,-0.050,27.875,-25.688,-15.062,1.150,9.720,0.480,26,3,0,0,3
36537,287.125,6.750,-87.125,-0.041,0.193,0.084,1.550,9.630,0.460,0.370,-0.160,-0.030,27.875,-25.688,-15.062,1.170,9.720,0.480,26,3,0,0,3
36547,286.938,6.812,-87.062,-0.055,0.197,0.092,1.450,9.640,0.520,0.380,-0.080,-0.020,27.875,-25.688,-15.062,1.180,9.720,0.490,26,3,0,0,3
36558,286.812,6.875,-87.062,-0.059,0.185,0.094,1.250,9.620,0.540,0.270,-0.070,0.020,27.875,-25.688,-15.062,1.190,9.720,0.500,26,3,0,0,3
36568,286.625,6.938,-87.000,-0.057,0.149,0.095,1.250,9.620,0.540,0.060,-0.090,0.030,27.875,-25.688,-15.062,1.200,9.710,0.510,26,3,0,0,3
36576,286.500,7.000,-86.938,-0.051,0.130,0.086,1.270,9.610,0.550,0.070,-0.100,0.040,28.250,-26.375,-14.250,1.200,9.710,0.510,26,3,0,0,3
36583,286.375,7.062,-86.938,-0.050,0.117,0.077,1.280,9.600,0.540,0.070,-0.110,0.020,28.250,-26.375,-14.250,1.200,9.710,0.510,26,3,0,0,3
36591,286.375,7.062,-86.938,-0.058,0.124,0.080,1.350,9.580,0.500,0.130,-0.130,-0.020,28.250,-26.375,-14.250,1.210,9.710,0.520,26,3,0,0,3
36600,286.312,7.062,-86.875,-0.058,0.141,0.084,1.310,9.610,0.610,0.080,-0.100,0.080,28.250,-26.375,-14.250,1.220,9.710,0.530,26,3,0,0,3
36609,286.188,7.125,-86.812,-0.058,0.141,0.084,1.350,9.610,0.650,0.120,-0.090,0.110,28.250,-26.375,-14.250,1.230,9.710,0.530,26,3,0,0,3
36619,286.062,7.188,-86.812,-0.064,0.149,0.086,1.380,9.610,0.640,0.120,-0.090,0.110,28.250,-26.375,-14.250,1.230,9.710,0.540,26,3,0,0,3
36627,285.875,7.250,-86.750,-0.061,0.161,0.088,1.380,9.610,0.640,0.140,-0.090,0.090,28.688,-26.375,-14.750,1.230,9.710,0.540,26,3,0,0,3
36634,285.750,7.312,-86.688,-0.059,0.161,0.095,1.380,9.540,0.490,0.130,-0.160,-0.060,28.688,-26.375,-14.750,1.240,9.710,0.550,26,3,0,0,3
36642,285.750,7.312,-86.688,-0.053,0.145,0.100,1.350,9.520,0.420,0.100,-0.180,-0.140,28.688,-26.375,-14.750,1.250,9.700,0.560,26,3,0,0,3
36651,285.625,7.312,-86.625,-0.055,0.122,0.103,1.360,9.540,0.480,0.100,-0.160,-0.080,28.688,-26.375,-14.750,1.260,9.700,0.560,26,3,0,0,3
36660,285.500,7.375,-86.625,-0.055,0.122,0.103,1.320,9.590,0.560,0.040,-0.110,-0.010,28.688,-26.375,-14.750,1.270,9.700,0.570,26,3,0,0,3
36669,285.438,7.438,-86.562,-0.055,0.097,0.100,1.210,9.640,0.680,0.040,-0.110,-0.010,28.688,-26.375,-14.750,1.280,9.700,0.580,26,3,0,0,3
36677,285.312,7.500,-86.562,-0.056,0.089,0.096,1.210,9.640,0.680,-0.060,-0.060,0.100,28.688,-26.062,-14.250,1.280,9.700,0.580,26,3,0,0,3
36685,285.188,7.562,-86.500,-0.051,0.096,0.087,1.220,9.630,0.640,-0.060,-0.060,0.050,28.688,-26.062,-14.250,1.290,9.700,0.580,26,3,0,0,3
36692,285.125,7.562,-86.500,-0.048,0.100,0.076,1.250,9.620,0.510,-0.040,-0.070,-0.070,28.688,-26.062,-14.250,1.290,9.700,0.590,26,3,0,0,3
36701,285.125,7.562,-86.500,-0.049,0.099,0.074,1.350,9.560,0.540,0.050,-0.130,-0.050,28.688,-26.062,-14.250,1.300,9.700,0.590,26,3,0,0,3
36710,285.000,7.625,-86.438,-0.049,0.092,0.074,1.590,9.550,0.670,0.280,-0.140,0.060,28.688,-26.062,-14.250,1.310,9.690,0.600,26,3,0,0,3
36719,284.938,7.688,-86.375,-0.049,0.092,0.074,1.650,9.600,0.670,0.280,-0.140,0.060,28.688,-26.062,-14.250,1.310,9.690,0.610,26,3,0,0,3
36727,284.562,7.688,-86.375,-0.053,0.088,0.074,1.650,9.600,0.670,0.330,-0.090,0.060,29.000,-26.062,-12.750,1.310,9.690,0.610,26,3,0,0,3
36735,284.500,7.750,-86.312,-0.049,0.086,0.081,1.650,9.600,0.770,0.330,-0.090,0.150,29.000,-26.062,-12.750,1.320,9.690,0.610,26,3,0,0,3
36744,284.438,7.812,-86.312,-0.050,0.072,0.079,1.630,9.570,0.630,0.300,-0.110,0.000,29.000,-26.062,-12.750,1.330,9.690,0.620,26,3,0,0,3
36755,284.375,7.812,-86.250,-0.053,0.061,0.071,1.670,9.530,0.630,0.330,-0.150,0.000,29.000,-26.062,-12.750,1.340,9.690,0.630,26,3,0,0,3
36766,284.312,7.875,-86.250,-0.056,0.041,0.068,1.640,9.570,0.570,0.290,-0.110,-0.050,29.000,-26.062,-12.750,1.340,9.690,0.630,26,3,0,0,3
36774,283.938,7.938,-86.188,-0.057,0.016,0.067,1.630,9.530,0.630,0.270,-0.150,0.000,30.062,-26.750,-12.750,1.350,9.690,0.630,26,3,0,0,3
36781,283.938,7.938,-86.188,-0.057,0.016,0.067,1.490,9.570,0.630,0.130,-0.110,-0.010,30.062,-26.750,-12.750,1.360,9.680,0.640,26,3,0,0,3
36789,283.875,7.938,-86.188,-0.063,-0.004,0.068,1.450,9.600,0.600,0.130,-0.110,-0.010,30.062,-26.750,-12.750,1.370,9.680,0.650,26,3,0,0,3
36797,283.875,8.000,-86.125,-0.067,-0.021,0.063,1.430,9.600,0.660,0.080,-0.080,-0.040,30.062,-26.750,-12.750,1.370,9.680,0.650,26,3,0,0,3
36808,283.812,8.062,-86.062,-0.064,-0.033,0.063,1.250,9.590,0.720,0.050,-0.080,0.000,30.062,-26.750,-12.750,1.380,9.680,0.660,26,3,0,0,3
36818,283.812,8.062,-86.062,-0.067,-0.023,0.057,1.250,9.590,0.720,-0.120,-0.090,0.060,30.062,-26.750,-12.750,1.380,9.680,0.660,26,3,0,0,3
36826,283.812,8.125,-86.000,-0.058,-0.016,0.051,1.230,9.550,0.710,-0.150,-0.130,0.040,28.688,-26.062,-14.250,1.380,9.680,0.660,26,3,0,0,3
36834,283.750,8.125,-86.000,-0.051,0.000,0.050,1.310,9.540,0.720,-0.080,-0.130,0.050,28.688,-26.062,-14.250,1.390,9.680,0.670,26,3,0,0,3
36842,283.750,8.125,-86.000,-0.048,0.016,0.051,1.390,9.580,0.720,0.000,-0.100,0.040,28.688,-26.062,-14.250,1.390,9.680,0.670,26,3,0,0,3
36851,283.750,8.188,-85.938,-0.040,0.034,0.048,1.590,9.610,0.690,0.190,-0.060,0.010,28.688,-26.062,-14.250,1.400,9.680,0.680,26,3,0,0,3
36861,283.688,8.188,-85.938,-0.035,0.037,0.050,1.650,9.570,0.720,0.250,-0.100,0.040,28.688,-26.062,-14.250,1.400,9.680,0.680,26,3,0,0,3
36870,283.625,8.188,-85.938,-0.035,0.037,0.050,1.660,9.530,0.780,0.250,-0.100,0.040,28.688,-26.375,-13.562,1.410,9.670,0.690,26,3,0,0,3
36877,283.562,8.250,-85.875,-0.038,0.041,0.051,1.660,9.530,0.780,0.250,-0.140,0.090,28.688,-26.375,-13.562,1.410,9.670,0.690,26,3,0,0,3
36885,283.500,8.250,-85.875,-0.044,0.041,0.055,1.650,9.470,0.850,0.240,-0.200,0.160,28.688,-26.375,-13.562,1.410,9.670,0.690,26,3,0,0,3
36895,283.438,8.312,-85.812,-0.047,0.034,0.056,1.690,9.500,0.710,0.270,-0.160,0.010,28.688,-26.375,-13.562,1.420,9.670,0.700,26,3,0,0,3
36906,283.438,8.312,-85.812,-0.051,0.005,0.057,1.760,9.540,0.750,0.330,-0.120,0.050,28.688,-26.375,-13.562,1.430,9.670,0.710,26,3,0,0,3
36916,283.375,8.375,-85.750,-0.057,-0.016,0.060,1.750,9.580,0.790,0.320,-0.090,0.080,28.688,-26.375,-13.562,1.430,9.670,0.710,26,3,0,0,3
36924,283.375,8.438,-85.750,-0.056,-0.032,0.056,1.670,9.550,0.890,0.230,-0.110,0.170,28.688,-27.875,-13.875,1.440,9.670,0.710,26,3,0,0,3
36932,283.375,8.438,-85.750,-0.056,-0.032,0.056,1.570,9.550,0.900,0.110,-0.110,0.180,28.688,-27.875,-13.875,1.450,9.670,0.720,26,3,0,0,3
36939,283.375,8.500,-85.688,-0.053,-0.029,0.056,1.480,9.580,0.870,0.110,-0.110,0.180,28.688,-27.875,-13.875,1.450,9.670,0.720,26,3,0,0,3
36948,283.312,8.500,-85.688,-0.049,-0.015,0.052,1.430,9.570,0.870,0.030,-0.080,0.140,28.688,-27.875,-13.875,1.460,9.660,0.730,26,3,0,0,3
36958,283.312,8.562,-85.625,-0.032,-0.001,0.043,1.510,9.510,0.770,-0.030,-0.090,0.140,28.688,-27.875,-13.875,1.460,9.660,0.730,26,3,0,0,3
36969,283.250,8.562,-85.625,-0.020,0.014,0.043,1.510,9.510,0.770,0.050,-0.150,0.040,28.688,-27.875,-13.875,1.470,9.660,0.730,26,3,0,0,3
36977,283.250,8.562,-85.625,-0.023,0.017,0.040,1.590,9.530,0.700,0.120,-0.130,-0.020,27.500,-27.188,-13.562,1.470,9.660,0.730,26,3,0,0,3
36984,283.188,8.625,-85.562,-0.027,0.019,0.041,1.660,9.540,0.770,0.180,-0.120,0.030,27.500,-27.188,-13.562,1.470,9.660,0.730,26,3,0,0,3
36992,283.188,8.625,-85.562,-0.027,0.027,0.050,1.600,9.550,0.720,0.120,-0.110,-0.010,27.500,-27.188,-13.562,1.470,9.660,0.740,26,3,0,0,3
37001,283.188,8.625,-85.562,-0.025,0.036,0.049,1.450,9.520,0.860,-0.020,-0.130,0.120,27.500,-27.188,-13.562,1.480,9.660,0.740,26,3,0,0,3
37698,283.875,8.625,-86.000,0.014,-0.040,-0.016,1.470,9.650,0.570,0.000,-0.010,-0.090,28.688,-27.875,-14.750,1.470,9.670,0.660,26,3,0,1,3
37708,283.938,8.625,-86.062,0.012,-0.038,-0.016,1.500,9.660,0.590,0.000,-0.010,-0.030,28.688,-27.875,-14.750,1.470,9.670,0.660,26,3,0,1,3
37719,283.938,8.625,-86.062,0.007,-0.038,-0.012,1.500,9.660,0.590,0.030,0.000,-0.060,28.688,-27.875,-14.750,1.470,9.670,0.660,26,3,0,1,3
37726,284.000,8.625,-86.062,0.005,-0.040,-0.007,1.550,9.620,0.620,0.070,-0.050,-0.030,27.875,-27.188,-15.062,1.470,9.670,0.660,26,3,0,1,3
37734,284.000,8.625,-86.062,0.003,-0.040,-0.003,1.510,9.630,0.600,0.040,-0.040,-0.050,27.875,-27.188,-15.062,1.470,9.670,0.660,26,3,0,1,3
37742,284.000,8.625,-86.062,0.003,-0.040,-0.003,1.470,9.640,0.560,0.000,-0.030,-0.090,27.875,-27.188,-15.062,1.470,9.670,0.660,26,3,0,1,3
37751,284.000,8.625,-86.062,-0.001,-0.044,-0.001,1.410,9.660,0.620,-0.060,0.000,-0.030,27.875,-27.188,-15.062,1.470,9.670,0.660,26,3,0,1,3
37760,284.062,8.625,-86.062,-0.004,-0.049,-0.002,1.410,9.640,0.610,-0.060,-0.030,-0.040,27.875,-27.188,-15.062,1.470,9.670,0.650,26,3,0,1,3
37770,284.062,8.625,-86.062,0.000,-0.050,-0.001,1.500,9.630,0.590,-0.060,-0.030,-0.040,27.875,-27.188,-15.062,1.470,9.670,0.650,26,3,0,1,3
37778,284.125,8.625,-86.062,0.002,-0.055,-0.004,1.500,9.630,0.590,0.030,-0.030,-0.060,29.000,-27.188,-14.250,1.470,9.670,0.650,26,3,0,1,3
37786,284.125,8.625,-86.062,-0.003,-0.053,-0.008,1.550,9.680,0.620,0.070,0.010,-0.030,29.000,-27.188,-14.250,1.470,9.670,0.650,26,3,0,1,3
37794,284.125,8.625,-86.062,-0.004,-0.055,-0.004,1.520,9.660,0.560,0.040,0.000,-0.090,29.000,-27.188,-14.250,1.470,9.670,0.650,26,3,0,1,3
37803,284.125,8.625,-86.062,-0.008,-0.048,-0.003,1.560,9.690,0.630,0.080,0.020,-0.010,29.000,-27.188,-14.250,1.470,9.670,0.650,26,3,0,1,3
37812,284.188,8.625,-86.062,-0.005,-0.053,0.000,1.590,9.600,0.680,0.110,-0.060,0.020,29.000,-27.188,-14.250,1.470,9.670,0.650,26,3,0,1,3
37821,284.188,8.625,-86.062,-0.005,-0.053,0.000,1.550,9.540,0.700,0.110,-0.060,0.020,29.000,-27.188,-14.250,1.470,9.670,0.650,26,3,0,1,3
37829,284.250,8.625,-86.125,-0.009,-0.059,0.003,1.550,9.540,0.700,0.070,-0.120,0.040,29.000,-27.188,-14.250,1.470,9.670,0.650,26,3,0,1,3
37837,284.250,8.625,-86.125,-0.013,-0.059,0.002,1.530,9.610,0.640,0.050,-0.060,-0.010,29.000,-27.188,-14.250,1.470,9.670,0.650,26,3,0,1,3
37845,284.312,8.625,-86.062,-0.015,-0.059,0.000,1.530,9.620,0.570,0.050,-0.040,-0.070,29.000,-27.188,-14.250,1.470,9.670,0.650,26,3,0,1,3
37854,284.312,8.625,-86.062,-0.016,-0.058,0.001,1.520,9.660,0.620,0.040,0.000,-0.030,29.000,-27.188,-14.250,1.470,9.670,0.650,26,3,0,1,3
37864,284.312,8.625,-86.062,-0.016,-0.056,0.001,1.510,9.670,0.750,0.030,0.000,0.090,29.000,-27.188,-14.250,1.470,9.670,0.650,26,3,0,1,3
37872,284.375,8.625,-86.062,-0.016,-0.056,0.001,1.490,9.620,0.720,0.030,0.000,0.090,28.688,-27.500,-15.500,1.470,9.670,0.650,26,3,0,1,3
37880,284.375,8.625,-86.062,-0.013,-0.048,0.005,1.490,9.620,0.720,0.010,-0.040,0.070,28.688,-27.500,-15.500,1.470,9.670,0.650,26,3,0,1,3
37887,284.375,8.625,-86.062,-0.007,-0.044,0.004,1.520,9.600,0.700,0.040,-0.060,0.050,28.688,-27.500,-15.500,1.480,9.670,0.650,26,3,0,1,3
37896,284.438,8.625,-86.062,-0.007,-0.041,0.007,1.500,9.620,0.600,0.020,-0.040,-0.050,28.688,-27.500,-15.500,1.480,9.670,0.650,26,3,0,1,3
37907,284.438,8.625,-86.062,-0.007,-0.029,0.010,1.460,9.630,0.670,-0.010,-0.030,0.010,28.688,-27.500,-15.500,1.480,9.670,0.650,26,3,0,1,3
37918,284.438,8.688,-86.062,-0.010,-0.024,0.012,1.480,9.680,0.670,0.000,0.010,0.010,28.688,-27.500,-15.500,1.480,9.670,0.650,26,3,0,1,3
37925,284.438,8.688,-86.062,-0.008,-0.012,0.013,1.450,9.680,0.700,-0.020,0.010,0.050,28.250,-27.500,-14.750,1.480,9.670,0.650,26,3,0,1,3
37935,284.438,8.688,-86.062,-0.007,-0.003,0.017,1.410,9.650,0.570,-0.060,-0.020,-0.070,28.250,-27.500,-14.750,1.480,9.670,0.650,26,3,0,1,3
37944,284.438,8.688,-86.062,-0.004,-0.004,0.017,1.370,9.640,0.570,-0.110,-0.030,-0.080,28.250,-27.500,-14.750,1.480,9.670,0.650,26,3,0,1,3
37954,284.438,8.688,-86.062,-0.005,0.001,0.021,1.380,9.630,0.680,-0.100,-0.030,0.020,28.250,-27.500,-14.750,1.480,9.670,0.650,26,3,0,1,3
37963,284.438,8.688,-86.062,-0.003,0.013,0.020,1.430,9.650,0.620,-0.050,-0.020,-0.030,28.250,-27.500,-14.750,1.480,9.670,0.650,26,3,0,1,3
37972,284.375,8.688,-86.062,-0.003,0.013,0.020,1.430,9.650,0.680,-0.050,-0.020,-0.030,27.500,-25.688,-15.062,1.490,9.670,0.650,26,3,0,1,3
37980,284.375,8.688,-86.062,-0.003,0.021,0.017,1.460,9.640,0.620,-0.050,-0.010,0.020,27.500,-25.688,-15.062,1.490,9.670,0.650,26,3,0,1,3
37990,284.375,8.750,-86.062,0.007,0.025,0.021,1.550,9.610,0.510,0.050,-0.050,-0.140,27.500,-25.688,-15.062,1.490,9.660,0.650,26,3,0,1,3
38000,284.312,8.750,-86.062,0.005,0.026,0.025,1.570,9.610,0.580,0.070,-0.050,-0.070,27.500,-25.688,-15.062,1.490,9.660,0.650,26,3,0,1,3
38010,284.312,8.750,-86.062,0.000,0.024,0.024,1.450,9.600,0.640,-0.040,-0.060,-0.010,27.500,-25.688,-15.062,1.490,9.660,0.650,26,3,0,1,3
38021,284.250,8.750,-86.062,-0.002,0.026,0.025,1.450,9.600,0.640,-0.040,-0.060,-0.010,27.500,-25.688,-15.062,1.500,9.660,0.650,26,3,0,1,3
38028,284.250,8.750,-86.062,-0.007,0.027,0.029,1.420,9.650,0.660,-0.070,-0.010,0.000,28.250,-26.750,-15.062,1.500,9.660,0.650,26,3,0,1,3
38036,284.188,8.812,-86.062,-0.007,0.034,0.029,1.470,9.660,0.680,-0.030,0.000,0.020,28.250,-26.750,-15.062,1.500,9.660,0.650,26,3,0,1,3
38044,284.188,8.812,-86.062,0.000,0.035,0.027,1.440,9.660,0.560,-0.060,0.000,-0.090,28.250,-26.750,-15.062,1.500,9.660,0.650,26,3,0,1,3
38053,284.188,8.812,-86.062,0.008,0.036,0.025,1.480,9.600,0.600,-0.010,-0.060,-0.050,28.250,-26.750,-15.062,1.500,9.660,0.650,26,3,0,1,3
38063,284.125,8.812,-86.062,0.009,0.041,0.023,1.540,9.550,0.590,0.030,-0.100,-0.060,28.250,-26.750,-15.062,1.510,9.660,0.650,26,3,0,1,3
38072,284.125,8.812,-86.062,0.009,0.041,0.023,1.520,9.570,0.670,0.030,-0.100,-0.060,28.250,-26.750,-15.062,1.510,9.660,0.650,26,3,0,1,3
38079,284.062,8.812,-86.062,0.004,0.045,0.025,1.520,9.570,0.670,0.010,-0.090,0.010,28.250,-26.375,-15.500,1.510,9.660,0.650,26,3,0,1,3
38087,284.062,8.875,-86.062,0.002,0.049,0.024,1.560,9.630,0.570,0.050,-0.030,-0.080,28.250,-26.375,-15.500,1.510,9.660,0.660,26,3,0,1,3
38096,284.000,8.875,-86.062,0.002,0.055,0.029,1.560,9.650,0.490,0.040,-0.010,-0.160,28.250,-26.375,-15.500,1.510,9.660,0.660,26,3,0,1,3
38107,283.938,8.875,-86.062,0.002,0.056,0.032,1.540,9.600,0.570,0.020,-0.060,-0.090,28.250,-26.375,-15.500,1.520,9.660,0.660,26,3,0,1,3
38117,283.875,8.875,-86.062,0.000,0.058,0.037,1.570,9.600,0.590,0.050,-0.050,-0.060,28.250,-26.375,-15.500,1.520,9.660,0.660,26,3,0,1,3
38125,283.875,8.875,-86.062,-0.009,0.064,0.041,1.660,9.640,0.670,0.130,-0.020,0.010,28.250,-26.375,-14.250,1.520,9.660,0.660,26,3,0,1,3
38132,283.812,8.938,-86.062,-0.009,0.064,0.041,1.680,9.630,0.660,0.130,-0.020,0.010,28.250,-26.375,-14.250,1.530,9.660,0.660,26,3,0,1,3
38140,283.750,8.938,-86.000,-0.020,0.068,0.041,1.680,9.630,0.660,0.140,-0.030,0.000,28.250,-26.375,-14.250,1.530,9.660,0.660,26,3,0,1,3
38148,283.688,9.000,-86.000,-0.029,0.067,0.043,1.670,9.630,0.600,0.140,-0.030,-0.060,28.250,-26.375,-14.250,1.530,9.660,0.670,26,3,0,1,3
38159,283.625,9.000,-86.000,-0.039,0.063,0.043,1.790,9.670,0.740,0.260,0.030,0.050,28.250,-26.375,-14.250,1.540,9.660,0.670,26,3,0,1,3
38169,283.625,9.062,-85.938,-0.040,0.056,0.043,1.790,9.670,0.740,0.250,0.010,0.060,28.250,-26.375,-14.250,1.540,9.660,0.670,26,3,0,1,3
38177,283.562,9.062,-85.938,-0.037,0.049,0.043,1.760,9.630,0.730,0.210,-0.020,0.040,29.000,-26.750,-13.875,1.550,9.650,0.680,26,3,0,1,3
38184,283.562,9.062,-85.938,-0.036,0.037,0.040,1.800,9.590,0.830,0.240,-0.060,0.140,29.000,-26.750,-13.875,1.550,9.650,0.680,26,3,0,1,3
38192,283.500,9.125,-85.875,-0.036,0.037,0.040,1.910,9.610,0.700,0.240,-0.060,0.140,29.000,-26.750,-13.875,1.560,9.650,0.690,26,3,0,1,3
38201,283.438,9.125,-85.875,-0.043,0.025,0.038,1.930,9.610,0.730,0.340,-0.040,0.010,29.000,-26.750,-13.875,1.560,9.650,0.690,26,3,0,1,3
38211,283.438,9.188,-85.812,-0.037,0.008,0.035,1.900,9.560,0.790,0.370,-0.040,0.040,29.000,-26.750,-13.875,1.570,9.650,0.700,26,3,0,1,3
38221,283.375,9.188,-85.812,-0.037,-0.012,0.034,1.900,9.560,0.790,0.330,-0.080,0.080,29.000,-26.750,-13.875,1.580,9.650,0.700,26,3,0,1,3
38229,283.375,9.250,-85.812,-0.045,-0.026,0.034,1.800,9.630,0.800,0.210,-0.020,0.090,27.875,-27.500,-15.062,1.580,9.650,0.700,26,3,0,1,3
38236,283.375,9.312,-85.750,-0.043,-0.038,0.033,1.770,9.660,0.760,0.180,0.000,0.050,27.875,-27.500,-15.062,1.580,9.650,0.700,26,3,0,1,3
38244,283.375,9.312,-85.750,-0.039,-0.041,0.029,1.730,9.630,0.730,0.140,-0.010,0.020,27.875,-27.500,-15.062,1.590,9.650,0.710,26,3,0,1,3
38254,283.375,9.312,-85.750,-0.037,-0.051,0.035,1.700,9.580,0.710,0.110,-0.060,0.000,27.875,-27.500,-15.062,1.590,9.640,0.710,26,3,0,1,3
38263,283.375,9.312,-85.750,-0.037,-0.051,0.035,1.660,9.610,0.760,0.060,-0.030,0.040,27.875,-27.500,-15.062,1.600,9.640,0.710,26,3,0,1,3
38272,283.375,9.375,-85.688,-0.044,-0.052,0.033,1.640,9.630,0.760,0.060,-0.030,0.040,27.875,-27.500,-15.062,1.600,9.640,0.720,26,3,0,1,3
38280,283.375,9.375,-85.688,-0.047,-0.052,0.035,1.640,9.630,0.760,0.030,-0.010,0.030,28.688,-26.375,-15.062,1.600,9.640,0.720,26,3,0,1,3
38288,283.375,9.375,-85.688,-0.046,-0.055,0.033,1.590,9.640,0.720,-0.010,0.000,0.000,28.688,-26.375,-15.062,1.600,9.640,0.720,26,3,0,1,3
38296,283.438,9.438,-85.625,-0.049,-0.052,0.034,1.590,9.630,0.610,-0.010,-0.010,-0.110,28.688,-26.375,-15.062,1.610,9.640,0.720,26,3,0,1,3
38305,283.438,9.438,-85.625,-0.053,-0.045,0.033,1.590,9.600,0.700,-0.010,-0.030,-0.020,28.688,-26.375,-15.062,1.610,9.640,0.730,26,3,0,1,3
38315,283.438,9.438,-85.625,-0.058,-0.041,0.036,1.580,9.600,0.760,-0.030,-0.040,0.020,28.688,-26.375,-15.062,1.610,9.640,0.730,26,3,0,1,3
38323,283.438,9.438,-85.562,-0.058,-0.041,0.036,1.610,9.640,0.790,-0.030,-0.040,0.020,28.250,-27.188,-15.062,1.620,9.640,0.740,26,3,0,1,3
38331,283.438,9.500,-85.562,-0.060,-0.035,0.037,1.610,9.640,0.790,0.000,0.000,0.040,28.250,-27.188,-15.062,1.620,9.640,0.740,26,3,0,1,3
38339,283.438,9.500,-85.500,-0.063,-0.032,0.037,1.690,9.620,0.750,0.060,-0.010,0.000,28.250,-27.188,-15.062,1.620,9.640,0.740,26,3,0,1,3
38347,283.438,9.562,-85.500,-0.068,-0.037,0.044,1.680,9.560,0.740,0.050,-0.070,-0.010,28.250,-27.188,-15.062,1.630,9.640,0.750,26,3,0,1,3
38357,283.438,9.562,-85.438,-0.074,-0.037,0.044,1.660,9.550,0.770,0.030,-0.070,0.000,28.250,-27.188,-15.062,1.630,9.630,0.760,26,3,0,1,3
38368,283.438,9.562,-85.438,-0.075,-0.038,0.050,1.700,9.600,0.790,0.060,-0.030,0.020,28.250,-27.188,-15.062,1.630,9.630,0.760,26,3,0,1,3
38375,283.438,9.562,-85.438,-0.075,-0.046,0.057,1.720,9.630,0.780,0.070,0.000,0.010,28.688,-28.250,-15.875,1.640,9.630,0.770,26,3,0,1,3
38383,283.438,9.625,-85.375,-0.075,-0.046,0.057,1.690,9.610,0.780,0.070,0.000,0.010,28.688,-28.250,-15.875,1.650,9.630,0.780,26,3,0,1,3
38391,283.438,9.688,-85.312,-0.069,-0.050,0.061,1.690,9.610,0.780,0.030,-0.010,0.000,28.688,-28.250,-15.875,1.650,9.630,0.780,26,3,0,1,3
38399,283.438,9.688,-85.312,-0.068,-0.055,0.061,1.610,9.670,0.780,0.010,-0.050,-0.080,28.688,-28.250,-15.875,1.660,9.630,0.790,26,3,0,1,3
38409,283.438,9.750,-85.250,-0.068,-0.060,0.063,1.680,9.680,0.790,-0.050,0.040,-0.010,28.688,-28.250,-15.875,1.660,9.630,0.790,26,3,0,1,3
38420,283.438,9.750,-85.250,-0.061,-0.058,0.056,1.680,9.680,0.790,0.010,0.050,0.000,28.688,-28.250,-15.875,1.660,9.630,0.790,26,3,0,1,3
38427,283.438,9.812,-85.250,-0.056,-0.062,0.046,1.710,9.700,0.860,0.030,0.070,0.060,27.188,-26.750,-13.875,1.670,9.620,0.790,26,3,0,1,3
38435,283.438,9.812,-85.250,-0.052,-0.064,0.044,1.710,9.640,0.800,0.030,0.010,0.000,27.188,-26.750,-13.875,1.670,9.620,0.800,26,3,0,1,3
38443,283.438,9.812,-85.188,-0.052,-0.064,0.044,1.780,9.540,0.770,0.030,0.010,0.000,27.188,-26.750,-13.875,1.680,9.620,0.800,26,3,0,1,3
38451,283.438,9.875,-85.188,-0.055,-0.067,0.048,1.790,9.530,0.820,0.100,-0.080,-0.030,27.188,-26.750,-13.875,1.690,9.620,0.810,26,3,0,1,3
38461,283.438,9.875,-85.125,-0.061,-0.070,0.052,1.750,9.540,0.900,0.100,-0.090,0.010,27.188,-26.750,-13.875,1.690,9.620,0.810,26,3,0,1,3
38471,283.500,9.938,-85.125,-0.069,-0.075,0.058,1.750,9.540,0.900,0.050,-0.080,0.080,27.188,-26.750,-13.875,1.700,9.620,0.820,26,3,0,1,3
38479,283.500,10.000,-85.062,-0.071,-0.081,0.067,1.720,9.570,0.870,0.020,-0.040,0.040,27.875,-27.500,-14.750,1.700,9.620,0.820,26,3,0,1,3
38487,283.500,10.000,-85.062,-0.070,-0.074,0.070,1.750,9.620,0.870,0.040,0.000,0.040,27.875,-27.500,-14.750,1.710,9.620,0.820,26,3,0,1,3
38495,283.500,10.000,-85.062,-0.069,-0.067,0.072,1.780,9.600,0.810,0.060,-0.010,-0.010,27.875,-27.500,-14.750,1.710,9.610,0.830,26,3,0,1,3
38504,283.500,10.062,-85.000,-0.068,-0.048,0.075,1.800,9.580,0.840,0.070,-0.020,0.000,27.875,-27.500,-14.750,1.720,9.610,0.830,26,3,0,1,3
38513,283.500,10.125,-85.000,-0.068,-0.048,0.075,1.810,9.540,0.890,0.080,-0.060,0.040,27.875,-27.500,-14.750,1.730,9.610,0.840,26,3,0,1,3
38522,283.438,10.125,-84.938,-0.072,-0.038,0.080,1.780,9.560,0.910,0.080,-0.060,0.040,27.875,-27.500,-14.750,1.740,9.610,0.850,26,3,0,1,3
38530,283.438,10.188,-84.875,-0.073,-0.037,0.081,1.780,9.560,0.910,0.040,-0.040,0.060,27.875,-27.188,-15.875,1.740,9.610,0.850,26,3,0,1,3
38538,283.438,10.250,-84.875,-0.074,-0.043,0.088,1.760,9.590,0.900,0.010,-0.010,0.040,27.875,-27.188,-15.875,1.750,9.610,0.850,26,3,0,1,3
38545,283.438,10.250,-84.875,-0.073,-0.035,0.091,1.790,9.610,0.830,0.030,0.000,-0.030,27.875,-27.188,-15.875,1.750,9.600,0.860,26,3,0,1,3
38554,283.375,10.312,-84.812,-0.070,-0.036,0.089,1.780,9.570,0.910,0.010,-0.020,0.040,27.875,-27.188,-15.875,1.760,9.600,0.870,26,3,0,1,3
38563,283.375,10.375,-84.812,-0.070,-0.036,0.089,1.810,9.550,0.900,0.030,-0.040,0.020,27.875,-27.188,-15.875,1.770,9.600,0.870,26,3,0,1,3
38573,283.312,10.375,-84.750,-0.063,-0.038,0.089,1.820,9.540,0.910,0.030,-0.040,0.020,27.875,-27.188,-15.875,1.780,9.600,0.880,26,3,0,1,3
38580,283.312,10.438,-84.750,-0.059,-0.044,0.096,1.820,9.540,0.910,0.040,-0.050,0.030,28.250,-27.188,-15.062,1.780,9.600,0.880,26,3,0,1,3
38588,283.312,10.500,-84.688,-0.058,-0.051,0.103,1.880,9.550,0.930,0.080,-0.040,0.040,28.250,-27.188,-15.062,1.790,9.600,0.880,26,3,0,1,3
38596,283.250,10.562,-84.688,-0.057,-0.052,0.105,1.900,9.580,0.850,0.090,-0.010,-0.030,28.250,-27.188,-15.062,1.800,9.590,0.880,26,3,0,1,3
38605,283.250,10.562,-84.688,-0.053,-0.051,0.101,1.900,9.590,0.870,0.080,0.000,-0.010,28.250,-27.188,-15.062,1.810,9.590,0.890,26,3,0,1,3
38614,283.250,10.625,-84.625,-0.050,-0.060,0.097,1.860,9.580,0.910,0.040,0.000,0.010,28.250,-27.188,-15.062,1.820,9.590,0.890,26,3,0,1,3
38623,283.188,10.688,-84.625,-0.050,-0.060,0.097,1.950,9.560,0.900,0.040,0.000,0.010,27.875,-27.500,-16.250,1.830,9.590,0.900,26,3,0,1,3
38631,283.188,10.750,-84.625,-0.044,-0.063,0.092,1.950,9.560,0.900,0.110,-0.020,0.000,27.875,-27.500,-16.250,1.830,9.590,0.900,26,3,0,1,3
38638,283.188,10.812,-84.562,-0.043,-0.063,0.085,1.890,9.590,0.890,0.050,0.000,-0.010,27.875,-27.500,-16.250,1.840,9.580,0.900,26,3,0,1,3
38646,283.188,10.875,-84.562,-0.036,-0.070,0.077,1.850,9.590,0.820,0.000,0.000,-0.070,27.875,-27.500,-16.250,1.850,9.580,0.900,26,3,0,1,3
38655,283.188,10.875,-84.562,-0.033,-0.064,0.071,1.810,9.580,0.830,-0.040,0.000,-0.070,27.875,-27.500,-16.250,1.850,9.580,0.900,26,3,0,1,3
38664,283.188,10.875,-84.562,-0.036,-0.061,0.063,1.810,9.610,0.910,-0.050,0.030,0.010,27.875,-27.500,-16.250,1.860,9.580,0.900,26,3,0,1,3
38673,283.188,10.938,-84.562,-0.036,-0.061,0.063,1.820,9.570,0.900,-0.050,0.030,0.010,27.188,-27.188,-17.062,1.870,9.580,0.910,26,3,0,1,3
38681,283.188,11.000,-84.562,-0.036,-0.051,0.060,1.820,9.570,0.900,-0.040,0.000,-0.010,27.188,-27.188,-17.062,1.870,9.580,0.910,26,3,0,1,3
38689,283.188,11.000,-84.500,-0.038,-0.051,0.057,1.850,9.560,0.900,-0.020,-0.010,0.000,27.188,-27.188,-17.062,1.870,9.580,0.910,26,3,0,1,3
38697,283.188,11.062,-84.500,-0.040,-0.050,0.060,1.900,9.540,0.830,0.010,-0.030,-0.080,27.188,-27.188,-17.062,1.880,9.580,0.910,26,3,0,1,3
38707,283.125,11.062,-84.500,-0.044,-0.043,0.058,1.910,9.560,0.870,0.020,-0.010,-0.040,27.188,-27.188,-17.062,1.880,9.570,0.920,26,3,0,1,3
38718,283.125,11.125,-84.438,-0.039,-0.039,0.056,1.890,9.610,0.920,0.000,0.030,0.000,27.188,-27.188,-17.062,1.890,9.570,0.920,26,3,0,1,3
38725,283.125,11.125,-84.438,-0.038,-0.041,0.049,1.850,9.600,0.960,-0.040,0.020,0.040,26.750,-27.875,-15.062,1.890,9.570,0.920,26,3,0,1,3
38733,283.125,11.125,-84.438,-0.038,-0.041,0.049,1.830,9.580,0.900,-0.040,0.020,0.040,26.750,-27.875,-15.062,1.900,9.570,0.920,26,3,0,1,3
38741,283.125,11.188,-84.438,-0.031,-0.044,0.045,1.830,9.580,0.900,-0.060,0.010,-0.020,26.750,-27.875,-15.062,1.900,9.570,0.920,26,3,0,1,3
38749,283.125,11.188,-84.438,-0.027,-0.036,0.037,1.860,9.560,0.870,-0.040,0.000,-0.050,26.750,-27.875,-15.062,1.910,9.570,0.930,26,3,0,1,3
38760,283.125,11.188,-84.438,-0.023,-0.027,0.035,1.930,9.530,0.910,0.000,-0.010,-0.050,26.750,-27.875,-15.062,1.910,9.570,0.930,26,3,0,1,3
38770,283.125,11.250,-84.375,-0.024,-0.024,0.033,1.930,9.530,0.910,0.020,-0.040,-0.010,26.750,-27.875,-15.062,1.910,9.570,0.930,26,3,0,1,3
38778,283.125,11.250,-84.375,-0.024,-0.024,0.033,1.950,9.490,0.940,0.040,-0.070,0.010,26.062,-27.188,-15.062,1.910,9.570,0.930,26,3,0,1,3
38785,283.125,11.250,-84.375,-0.026,-0.021,0.038,1.940,9.540,0.940,0.020,-0.030,0.000,26.062,-27.188,-15.062,1.920,9.570,0.930,26,3,0,1,3
38793,283.125,11.250,-84.375,-0.026,-0.021,0.038,1.930,9.550,0.890,0.010,-0.010,-0.040,26.062,-27.188,-15.062,1.920,9.560,0.930,26,3,0,1,3
38802,283.125,11.312,-84.375,-0.026,-0.017,0.045,1.970,9.580,0.880,0.010,-0.010,-0.040,26.062,-27.188,-15.062,1.930,9.560,0.940,26,3,0,1,3
38812,283.062,11.312,-84.375,-0.023,-0.010,0.047,2.020,9.640,0.950,0.090,0.070,0.010,26.062,-27.188,-15.062,1.930,9.560,0.940,26,3,0,1,3
38822,283.062,11.375,-84.375,-0.012,0.009,0.047,2.020,9.640,0.950,0.090,0.070,0.010,26.062,-27.188,-15.062,1.930,9.560,0.940,26,3,0,1,3
38830,283.000,11.375,-84.312,-0.008,0.016,0.040,2.010,9.630,0.950,0.070,0.060,0.010,27.875,-27.875,-16.688,1.930,9.560,0.940,26,3,0,1,3
38838,283.000,11.375,-84.312,-0.002,0.016,0.032,1.990,9.570,0.950,0.050,0.000,0.010,27.875,-27.875,-16.688,1.940,9.560,0.940,26,3,0,1,3
38845,283.000,11.375,-84.312,-0.002,0.013,0.035,1.990,9.490,0.870,0.040,-0.060,-0.070,27.875,-27.875,-16.688,1.940,9.560,0.940,26,3,0,1,3
38855,283.000,11.438,-84.312,-0.011,0.009,0.035,1.970,9.540,0.940,0.020,-0.020,0.000,27.875,-27.875,-16.688,1.940,9.560,0.940,26,3,0,1,3
38864,282.938,11.438,-84.312,-0.011,0.007,0.038,1.960,9.540,0.940,0.010,-0.010,0.000,27.875,-27.875,-16.688,1.950,9.560,0.940,26,3,0,1,3
38873,282.938,11.438,-84.312,-0.011,0.007,0.038,1.940,9.540,0.930,0.010,-0.010,0.000,27.875,-27.875,-16.688,1.950,9.560,0.940,26,3,0,1,3
38881,282.938,11.500,-84.312,-0.010,0.002,0.039,1.940,9.540,0.930,0.000,-0.020,0.000,26.375,-28.250,-16.688,1.950,9.560,0.940,26,3,0,1,3
38889,282.875,11.500,-84.312,-0.007,0.002,0.035,1.940,9.540,0.950,0.000,-0.010,0.010,26.375,-28.250,-16.688,1.950,9.560,0.940,26,3,0,1,3
38897,282.875,11.500,-84.312,-0.002,-0.001,0.032,1.970,9.560,0.890,0.010,0.000,-0.050,26.375,-28.250,-16.688,1.960,9.560,0.940,26,3,0,1,3
38908,282.875,11.500,-84.312,-0.002,0.003,0.028,2.000,9.550,0.910,0.030,0.000,-0.030,26.375,-28.250,-16.688,1.960,9.560,0.940,26,3,0,1,3
38918,282.875,11.562,-84.312,-0.003,0.008,0.026,2.030,9.540,0.960,0.060,-0.020,0.010,26.375,-28.250,-16.688,1.960,9.560,0.940,26,3,0,1,3
38926,282.875,11.562,-84.312,-0.007,0.008,0.026,2.030,9.570,0.970,0.060,0.010,0.020,25.688,-27.188,-15.500,1.960,9.560,0.940,26,3,0,1,3
38934,282.812,11.562,-84.312,-0.007,0.008,0.026,2.030,9.530,0.960,0.060,0.010,0.020,25.688,-27.188,-15.500,1.970,9.550,0.940,26,3,0,1,3
38942,282.812,11.562,-84.312,-0.003,0.005,0.029,2.030,9.530,0.960,0.060,-0.020,0.010,25.688,-27.188,-15.500,1.970,9.550,0.940,26,3,0,1,3
38950,282.812,11.562,-84.312,0.001,0.000,0.033,2.000,9.510,0.920,0.050,-0.020,-0.070,25.688,-27.188,-15.500,1.970,9.550,0.940,26,3,0,1,3
38961,282.750,11.625,-84.312,-0.001,0.003,0.036,2.000,9.510,0.950,0.020,-0.040,-0.020,25.688,-27.188,-15.500,1.980,9.550,0.940,26,3,0,1,3
38971,282.750,11.625,-84.312,0.000,0.003,0.036,2.000,9.510,0.950,0.010,-0.040,0.000,25.688,-27.188,-15.500,1.980,9.550,0.940,26,3,0,1,3
38979,282.750,11.625,-84.312,-0.001,0.003,0.032,2.040,9.520,0.960,0.060,-0.030,0.010,25.688,-28.250,-16.688,1.980,9.550,0.940,26,3,0,1,3
38986,282.750,11.625,-84.312,-0.004,0.003,0.032,2.050,9.550,0.950,0.070,0.000,0.010,25.688,-28.250,-16.688,1.980,9.550,0.940,26,3,0,1,3
38994,282.750,11.688,-84.312,-0.004,0.003,0.032,2.050,9.560,0.910,0.060,0.000,-0.030,25.688,-28.250,-16.688,1.990,9.550,0.940,26,3,0,1,3
39003,282.688,11.688,-84.312,-0.003,0.001,0.033,2.070,9.530,0.920,0.070,-0.020,-0.020,25.688,-28.250,-16.688,1.990,9.550,0.940,26,3,0,1,3
39839,282.125,12.812,-84.375,-0.005,0.003,0.012,2.140,9.510,0.900,-0.030,0.000,-0.020,25.375,-27.500,-17.062,2.170,9.510,0.930,26,3,0,1,3
39849,282.125,12.812,-84.375,-0.007,0.008,0.008,2.130,9.510,0.830,-0.040,0.000,-0.090,25.375,-27.500,-17.062,2.170,9.510,0.930,26,3,0,1,3
39859,282.125,12.812,-84.375,-0.001,0.011,0.008,2.190,9.520,0.880,0.020,0.000,-0.040,25.375,-27.500,-17.062,2.170,9.510,0.930,26,3,0,1,3
39869,282.062,12.812,-84.375,0.001,0.012,0.011,2.220,9.500,0.910,0.040,0.000,-0.010,25.375,-27.500,-17.062,2.170,9.510,0.930,26,3,0,1,3
39876,282.062,12.812,-84.375,0.007,0.015,0.012,2.250,9.500,0.910,0.070,-0.010,-0.010,25.688,-27.875,-16.250,2.170,9.510,0.930,26,3,0,1,3
